feature_1,feature_2,feature_3,feature_4,feature_5,feature_6,feature_7,target
3.1077,1.4331,1.6052,2.4902,2.3707,6.2617,2.5648,1.0922
4.85,4.7786,1.9478,2.1774,2.2102,0.914,6.1114,-1.5228
5.7125,3.5183,1.9703,5.5807,4.2385,2.4573,3.1867,-0.527
3.293,5.8308,3.59,4.1993,0.3284,2.055,0.3544,-1.0995
1.1299,5.8178,5.8937,4.4868,4.6036,2.9012,5.8517,-0.8995
2.5536,4.2927,4.0835,3.7622,1.3951,4.2874,5.517,-1.4803
5.0059,2.7144,5.7672,4.9124,4.56,0.7845,5.7573,0.3287
2.4361,1.8531,3.875,2.9396,1.6043,5.2716,1.1223,-0.4544
1.427,4.1461,3.0104,0.4615,0.8731,0.7056,3.002,2.533
3.3948,6.0197,3.6681,3.3091,5.7947,5.7759,1.5834,-1.9848
4.2891,6.0587,1.426,4.4989,5.0125,5.8858,5.3641,-1.4444
2.6487,0.0342,0.2191,0.0874,3.7002,2.4064,0.7214,0.8567
5.4315,5.1626,4.6338,5.28,2.5229,4.7037,3.5163,-2.4024
3.8531,1.873,3.7849,2.6746,3.3838,3.0582,3.1409,0.2799
5.7646,1.6517,0.3123,2.9072,2.5649,3.0602,0.4431,-1.2731
3.6575,6.2016,1.3137,1.3344,6.039,4.4419,3.7257,1.0298
2.393,4.0133,3.1569,0.5642,1.8672,5.2034,1.1024,-0.7849
5.6831,3.6965,0.1039,2.3249,0.2647,0.7997,1.1264,0.8425
1.0459,5.5524,5.6923,1.4791,2.5589,2.9604,5.2165,0.809
1.8347,1.0922,2.8786,5.6701,3.7381,2.5925,2.5488,0.1004
1.9383,1.9973,2.6081,4.0097,4.9968,0.2327,4.6153,1.4671
4.8542,1.5358,6.1894,4.2412,5.6094,1.5272,0.3248,0.5335
4.4594,6.0147,0.1435,5.7374,4.5759,6.003,1.7162,-1.2104
1.0719,2.027,1.7419,3.0825,0.8213,4.6381,0.8817,-1.2215
3.5855,3.3511,1.4673,2.9964,2.9201,5.0644,0.1168,-3.2305
4.4788,1.577,4.1502,3.9989,0.3581,4.517,2.1358,-0.8928
3.4535,4.6767,1.1216,1.5752,0.8412,0.9473,5.9001,1.9249
6.1038,0.8957,1.2307,0.6308,0.514,4.8278,1.3217,0.2927
2.9039,0.5279,2.0829,6.2098,5.6566,5.437,2.4144,1.072
4.4019,0.2333,3.1499,0.7156,4.6099,2.7446,2.0545,-0.7963
4.7218,1.6532,3.0481,0.0412,0.0331,3.5667,2.2178,0.3079
2.3566,2.294,1.9417,1.0738,6.152,4.8699,6.1082,1.6933
3.3016,1.4983,3.0482,3.7023,3.1446,2.6997,1.5761,-2.1794
0.3608,4.0424,1.5802,1.2033,3.2088,2.3922,5.7612,-0.4612
0.3281,2.3722,3.1273,3.6401,5.074,5.6078,2.9666,-1.4739
0.6201,4.5707,3.0728,4.4136,2.2453,1.2175,2.1207,-3.0715
3.4338,6.025,5.7552,4.4403,5.4396,1.4337,5.0371,1.7092
4.6441,1.2232,0.9258,2.3077,2.2017,0.6964,1.0683,0.3029
4.1338,5.9472,1.6052,0.6874,4.9328,3.0714,3.8454,0.226
5.6439,2.4578,0.6797,1.9898,0.1272,3.7273,3.6726,2.7033
4.3414,4.2111,1.4781,3.6799,1.2385,4.1122,4.0746,-1.5106
1.2627,0.1475,4.8969,0.0828,4.0145,4.7442,4.0362,0.3208
5.3515,3.9695,1.9061,2.599,1.0555,5.0755,2.739,-2.524
2.4858,3.5611,4.88,5.9335,2.0598,1.4539,4.448,4.0179
5.3598,0.1506,1.5612,2.4697,1.4156,2.8578,5.2308,-1.2226
3.8547,0.6398,2.5824,5.6975,1.6286,0.8765,1.5063,0.3676
5.6853,2.1119,1.0144,1.8817,3.565,2.728,3.8512,0.9193
3.4294,4.4216,5.1283,5.4388,1.6736,5.3649,1.6948,-0.1888
1.6884,5.7432,2.9208,3.8044,2.0361,5.3683,6.172,-3.4242
4.9791,2.1831,1.2238,5.063,1.386,4.6043,4.9723,0.0198
0.3432,1.502,1.8459,0.9843,3.5596,2.2546,2.0209,0.1352
5.4521,1.9242,3.1772,0.4095,0.3176,3.7292,1.3405,-0.648
2.0838,1.2959,1.949,5.9615,5.295,4.3698,3.6989,2.1811
5.2801,3.2538,5.4612,4.5261,1.1386,4.6263,4.0933,0.3555
2.7999,2.1956,4.222,1.5906,2.184,2.4479,4.4229,3.3511
3.243,5.815,5.7944,2.2036,3.6827,5.9579,3.6916,0.5957
5.1251,0.8603,3.3152,4.4793,4.4135,1.1807,0.4177,-3.6205
5.5988,1.6511,5.8297,2.1133,1.612,2.5924,4.8317,2.8373
0.8503,3.6702,5.4565,1.5901,0.414,2.7669,1.9715,1.3863
2.6783,1.5376,0.6002,1.5172,2.1295,3.5194,4.6862,3.8877
5.9927,4.7486,2.7251,0.3718,5.8104,2.5498,0.6686,-2.4952
3.7661,1.8149,0.5055,5.2029,3.4944,0.8439,1.4265,1.0002
4.2605,4.9261,1.3609,2.4454,3.9729,0.3955,2.739,-0.6472
4.247,4.4915,0.9896,0.6396,4.2937,3.6434,0.2607,-2.4978
2.4024,3.8189,4.0745,0.2033,1.7002,0.3456,2.8512,2.7612
5.6167,3.1714,5.3924,2.4819,3.9648,0.4809,2.1001,-0.2739
0.2522,3.7708,3.6101,5.6028,3.0305,0.5606,5.7786,-1.7079
1.4131,4.5131,5.1329,4.3778,5.6054,1.4023,1.3487,-0.3457
1.9159,1.6871,5.4112,2.4427,2.4728,2.3115,6.008,2.0735
0.4509,1.4822,0.1425,5.5101,3.4858,1.016,2.6929,1.4922
3.2243,2.7012,0.0149,6.0966,6.1666,2.841,3.7333,4.9416
0.1764,3.9667,5.3361,5.3415,6.0096,1.5545,5.6615,1.338
5.4804,3.958,1.8725,2.8563,4.3332,5.9365,6.1741,-4.6679
1.5097,3.98,2.0272,2.1594,3.0698,4.9317,0.2249,-2.4333
2.6288,1.1863,2.2344,5.6468,6.0661,2.7332,5.0363,2.5187
4.8263,1.1508,0.1429,3.9493,2.3175,0.1009,4.3463,0.8326
3.6584,1.4018,5.0271,0.7308,2.9953,2.5955,2.129,1.92
2.7109,6.2654,5.6722,1.6117,5.9858,2.0816,0.2056,1.8646
2.7895,0.5934,6.1919,1.1626,2.2925,3.0082,3.3306,3.0449
1.2579,5.1164,1.817,2.2431,5.3956,0.8285,1.2246,-0.6995
0.9865,3.9734,0.6761,2.4473,4.4471,5.4906,2.4618,-1.2029
2.3348,3.3217,0.2275,5.605,4.7059,5.6387,5.6339,1.0928
4.5373,1.2842,4.2573,5.9062,5.7961,1.9446,1.2697,0.8455
1.9738,1.5784,3.6353,0.0116,1.3102,4.5542,4.4626,2.3329
3.4857,4.4518,2.9442,6.1778,0.3061,3.8597,4.2417,0.5636
3.8135,4.7647,0.7386,1.3872,2.513,0.103,1.7115,-0.0923
1.9222,2.4004,5.1525,5.846,1.3036,4.5857,6.167,2.4051
3.1264,0.2359,3.4388,0.1985,5.8894,2.2407,0.0339,1.6363
5.0869,1.0878,4.1237,4.9062,1.3426,1.7812,5.6888,-0.0198
5.2463,1.8827,4.1403,5.3709,0.4168,0.6182,1.6047,0.4235
4.6557,5.0222,4.1237,0.0128,0.3762,5.2819,3.4497,-0.5117
2.202,4.3522,4.2924,2.1372,4.0932,3.1241,5.8594,-0.622
4.867,0.486,0.1219,4.1301,3.0345,3.4037,6.1731,-3.11
3.2826,3.3878,5.9504,0.9625,1.7603,3.9266,1.9099,2.3687
5.2511,1.8391,5.3599,3.8961,5.4772,5.3245,0.707,-1.4623
4.9304,0.1241,3.6874,4.6021,4.6017,6.0785,3.7004,-1.8487
3.3029,2.5237,3.1125,5.6756,2.7706,3.1938,1.6327,0.1933
1.0925,1.8418,5.4712,5.9822,1.7785,2.6998,5.5264,2.9972
3.2377,3.8899,3.5894,4.5473,4.1783,2.5831,4.8267,-1.4797
3.7371,4.4519,6.21,0.0301,2.0717,2.7577,3.0348,2.3707
0.6825,3.0622,4.9343,3.7778,3.1202,3.7992,2.0263,-1.5281
2.993,1.7325,0.6873,2.1166,5.2035,2.2898,3.3327,4.3129
6.0517,3.2293,0.5869,5.9469,3.2305,1.539,1.0971,-1.1399
0.1338,1.4297,4.0285,2.1639,6.2123,2.625,5.0817,1.2534
0.183,2.5489,4.7236,0.8236,2.6451,1.9834,1.3924,0.3691
5.5485,1.1881,6.281,0.2033,4.2981,0.7371,3.4446,2.503
3.6563,1.5435,1.0311,3.9012,5.7661,2.0783,0.5526,1.0096
4.5816,1.1425,2.3502,5.3478,4.8177,3.8865,3.9228,-0.5625
0.521,4.653,2.9573,2.0545,2.9244,0.2219,0.7225,-3.4029
3.3966,2.3229,4.3476,1.5159,2.5153,4.167,4.1226,1.1933
1.0635,5.9938,1.6295,4.052,3.4597,5.7142,5.4141,-3.6225
3.6488,4.3861,1.3344,1.1507,5.8046,4.0481,5.4279,1.0079
2.6729,2.6738,0.043,3.106,2.1406,4.2451,0.5561,0.6153
2.2156,1.7009,0.7882,6.1445,1.5395,1.0315,1.3877,3.4049
1.4113,0.6421,1.6196,1.8626,3.6867,4.3533,0.3642,-1.917
4.7976,3.0843,5.1794,2.5549,1.8423,0.6029,3.7539,2.543
1.3149,3.7165,1.8148,1.0431,5.633,4.2282,4.76,0.3694
2.1916,3.1537,2.9882,5.1014,3.2568,0.8973,1.6151,0.0111
2.6235,0.9684,5.3972,1.0666,3.4867,5.3948,3.3961,2.5663
0.8979,4.765,1.3233,1.3423,0.4454,5.913,4.6959,0.8995
1.1891,5.9884,3.0304,4.0665,5.9048,0.3752,5.0014,-0.5743
5.9204,1.9652,6.1973,0.4238,0.6129,0.5363,5.4363,3.9541
1.2567,3.2887,5.9441,0.6753,5.275,4.4895,5.8723,0.7094
0.702,1.938,5.0062,3.7333,1.0799,4.157,0.1355,-0.8587
0.9277,4.8335,2.575,4.0184,5.1919,3.4667,5.9417,-4.3028
3.9248,5.426,4.4776,2.2782,6.0865,3.061,4.0053,0.9095
1.3697,2.6062,4.1578,1.7236,4.1099,1.7359,3.7308,2.307
4.3237,3.611,4.5359,0.2218,3.1347,5.4687,3.7368,0.6051
5.8139,0.8148,0.6779,2.8256,0.6453,3.8612,1.1327,-1.6975
6.1884,4.1337,4.1301,2.9588,3.3584,3.3704,5.4515,-4.3344
3.0904,4.2878,0.7448,4.1965,5.6653,5.8367,5.4881,-0.553
5.6959,3.6653,5.1587,4.7894,5.208,4.2465,2.2906,-1.816
3.8175,1.5592,0.2277,0.1052,1.796,0.8688,0.8474,3.3487
0.2282,0.8422,1.7928,5.1598,0.5041,0.2512,1.866,0.1041
4.3413,2.7131,5.6719,1.7621,4.1459,3.1532,4.7339,1.7785
3.8101,3.6116,4.137,5.0473,4.8819,1.1838,2.3643,0.0936
3.518,0.0724,2.8956,1.9402,5.7985,0.3658,5.8226,0.041
0.2987,0.4343,0.0387,5.0051,0.0989,3.5079,0.2936,-0.3805
0.0954,0.7998,3.4643,5.9239,5.2432,0.5066,4.4619,1.0565
1.2199,2.3044,1.252,1.8736,1.9605,1.9465,0.8434,1.7594
0.7268,5.7425,4.369,5.261,5.1556,0.0957,3.8254,0.1571
1.2343,4.9327,3.4193,2.1647,1.6039,5.4556,5.4678,-1.2742
5.4035,5.694,3.2854,3.7088,6.1014,2.4818,5.5321,-2.4957
4.0974,1.7463,2.0086,0.1943,5.246,4.1527,1.0917,-0.3592
3.6522,1.1925,4.3237,5.1929,0.208,5.8513,4.0854,2.4725
2.5527,3.9533,5.4751,2.4486,6.0612,5.4573,3.0052,2.5157
3.285,1.0138,4.013,2.9985,4.8644,1.3472,5.477,0.5333
5.9896,5.6101,2.5107,4.2441,2.6237,2.2463,1.3141,-4.4848
4.5282,0.1367,5.2466,3.509,4.6996,2.3669,3.9795,-0.4308
4.9253,3.8018,2.5882,0.375,4.9655,2.4599,2.2635,-1.0271
3.982,2.9623,1.8499,1.3529,4.5961,4.1805,3.4915,0.4466
0.5095,4.4627,6.2656,2.8514,3.0317,4.2611,0.0504,-2.8042
5.5244,1.9903,3.2606,3.4183,4.0295,2.3458,2.224,-1.8343
4.2851,1.9617,0.607,4.1942,0.5208,5.1843,5.443,0.4584
0.4256,4.0216,6.0446,0.782,2.5347,3.1458,4.7174,1.3808
2.0413,5.9741,6.2103,0.6416,5.3638,0.1722,1.5726,1.6697
3.4014,3.3726,5.5869,0.7684,0.9438,2.8262,3.207,4.7872
1.8976,2.5344,4.4572,2.0285,5.1539,1.4874,4.3562,4.2623
2.8712,3.9006,4.9081,0.2151,4.5152,3.4264,1.9039,0.4972
5.301,2.4181,0.3129,2.4909,5.7889,1.2801,0.0181,1.4564
3.745,2.311,3.09,0.0581,3.0369,4.8011,1.6138,-1.316
2.9285,1.909,2.6386,0.1487,3.0274,5.2742,2.5228,0.5785
0.5338,1.9371,5.9768,2.6638,1.8666,1.8345,5.5595,2.7064
4.125,4.6692,2.3129,3.944,2.73,4.9379,6.1627,-4.3538
5.166,0.9933,1.9507,6.2091,6.0346,6.0797,5.5857,-0.1565
5.0905,5.7623,4.0538,4.9304,4.3764,2.8421,1.384,-3.8905
4.3895,0.972,3.497,4.4486,1.5868,4.4686,0.7634,-3.931
1.1594,3.6281,2.1335,2.0305,1.3084,4.9603,5.3426,-0.8232
5.9782,1.921,0.7765,2.6374,2.481,2.5262,1.6543,-0.581
0.2415,3.7548,0.8635,5.8228,5.8524,5.4255,1.4317,-0.9089
5.9188,3.2633,1.1786,0.4592,0.476,1.4655,2.0446,1.9387
4.1248,3.5294,6.2193,0.4611,1.2097,3.983,4.4721,3.3303
5.7936,4.8409,4.9733,3.1131,0.561,2.5236,4.7114,-0.2458
3.5814,4.1139,3.1748,3.1303,5.034,5.9094,4.9404,-1.9489
1.3868,2.8376,2.7066,1.8157,2.2571,4.7232,4.8872,0.4568
5.6083,1.8039,0.1758,0.2473,0.5756,6.0074,0.138,1.8241
1.9198,4.9974,0.5159,4.6811,1.932,5.4088,4.8614,-0.0875
4.4494,3.0696,4.5607,5.9977,5.7763,1.0205,3.2785,3.2727
3.9189,1.6661,4.9255,3.737,6.1488,5.9307,5.9326,0.5731
1.6515,2.0099,5.2708,5.6482,0.2865,1.8056,3.8328,4.7972
1.3492,3.3432,0.7561,6.2276,3.9397,3.8085,2.6093,0.2951
2.781,1.3509,3.6084,1.3175,4.9418,3.2097,3.1859,1.7832
6.066,1.6929,5.8735,2.1647,3.0239,2.2664,4.1242,1.406
2.2738,3.9621,3.6691,3.9928,4.5481,4.7266,0.7174,-3.6343
2.1596,2.2814,1.0941,1.7011,4.7439,5.8971,2.0296,2.1645
3.0427,3.5367,2.8088,4.1101,2.062,2.3335,3.1469,0.8175
3.4044,1.184,6.2785,5.8536,1.3996,2.9139,1.1236,2.2802
3.694,5.4051,1.9933,0.7762,0.143,3.7734,2.7401,0.1889
1.4399,5.1626,1.3855,5.2631,0.4711,2.3701,2.8634,1.776
5.3784,5.7618,3.4882,0.8194,5.5804,5.0355,1.1441,-2.7877
2.6412,1.1221,1.8573,3.0251,5.4349,4.8129,1.5821,-1.564
6.1083,5.7698,2.875,1.2679,1.0419,5.7095,2.1,-1.5788
6.1473,1.0528,1.4384,1.6121,3.7445,5.7972,5.762,-1.0238
5.1766,4.2878,4.5427,3.1193,2.6406,0.3572,1.1567,-2.8994
2.9578,5.546,2.1191,6.2744,5.0156,4.1505,0.5924,-2.7969
2.0177,5.777,5.7311,3.0455,4.0396,2.8133,4.1586,0.6602
0.9105,0.6678,2.9119,1.1964,4.6533,3.3079,0.408,-2.1622
3.0565,0.8787,3.0487,2.9103,4.474,5.4964,5.845,-2.3989
4.8205,0.5013,1.4929,3.5874,1.6232,5.6597,3.0388,-0.9929
5.5277,5.8647,5.2688,3.9119,6.0648,5.3731,1.7827,-3.0863
4.3485,3.7921,5.5102,6.2247,4.82,1.9412,5.4297,1.3531
0.3992,0.8209,2.4977,2.4849,4.6721,1.738,1.9109,-2.0606
0.0318,5.5547,4.785,2.1465,5.0124,3.2173,0.4124,-2.9237
5.0326,2.474,1.231,4.2132,5.202,4.26,6.0471,-1.8348
0.1202,0.5725,1.6338,0.3306,5.9534,3.2413,3.3104,1.0804
3.2831,5.4314,0.7116,0.0509,2.1539,1.6576,6.2041,1.9058
3.9109,6.0378,4.8693,4.5686,3.7078,3.6637,0.194,-3.699
5.0439,0.8198,2.9709,3.9936,5.7605,1.8407,2.1809,-1.1321
2.9786,4.0939,2.6646,4.7942,0.2011,0.0611,1.6866,-0.4182
4.6944,4.1633,1.7407,0.8524,3.4987,0.3681,0.9014,-1.163
4.8525,1.6916,2.2321,1.1733,3.1046,6.2134,1.221,-1.1033
3.7752,4.0474,1.2557,1.2893,6.2095,4.4698,3.8112,1.756
5.8883,4.8945,2.1036,0.3659,2.7879,3.0975,0.7778,-3.3533
2.673,6.2386,1.5541,5.1999,5.7306,5.7083,4.7206,1.1507
5.9193,4.3576,0.3013,5.1014,5.7889,3.5382,1.5557,-1.3278
1.0035,5.3579,1.006,6.0375,5.7775,2.6049,3.9141,1.5107
0.1991,5.7961,4.6296,2.287,2.0854,1.9632,1.4542,-1.5155
5.7899,3.9573,5.5705,4.3087,4.9469,1.8907,4.0222,0.1024
0.8183,5.7202,4.0942,3.717,4.1878,5.7141,0.5909,-4.4035
4.8812,1.7069,3.0682,3.0446,5.1689,1.9021,4.46,0.8567
4.7804,5.6742,0.2217,5.9178,6.1952,4.6239,0.9328,-1.3749
0.7132,1.4656,0.6461,2.4039,2.4691,2.8432,5.1898,1.1207
5.0354,5.9829,6.1319,1.4173,3.0612,5.5428,5.7104,-1.6771
6.1999,0.9964,0.7755,3.8341,3.2571,5.5296,5.4602,-2.1044
5.7146,3.8002,5.1387,4.9995,4.7037,0.0145,1.3843,-2.6906
1.7594,6.0637,3.0513,4.0144,0.1868,5.6557,2.4598,-1.0213
5.4606,5.6101,0.0786,0.548,2.1128,0.7034,0.8094,-0.2832
5.0765,2.3072,0.0636,5.5385,3.74,4.8741,0.6085,-2.1453
0.7573,4.7903,2.4392,2.0861,5.9982,6.2206,3.3677,-0.0129
2.2057,5.6539,4.0343,2.6784,6.1167,2.6016,4.6239,0.567
2.5969,2.9561,4.4602,6.2362,1.0541,2.0626,1.3139,2.5546
0.2846,1.9696,3.4986,3.5984,5.8994,0.3379,4.0449,1.0396
2.922,4.4418,4.481,3.1761,1.8992,0.5696,0.3565,-0.1737
0.7358,6.2007,0.9692,3.9731,4.3493,2.0417,3.1191,-0.7936
4.6586,4.6841,3.6726,1.0155,1.0553,5.1987,1.1766,-1.8085
3.8029,5.5327,2.3947,1.6482,3.8521,6.0878,4.4574,-0.9946
3.8521,1.9332,3.6199,3.7802,1.5665,2.8652,5.8881,-0.3544
6.0569,5.3632,2.1721,1.9919,5.9653,3.1143,1.7032,-2.2351
3.1635,2.9344,0.0369,0.7237,5.937,2.6234,0.5797,3.2254
5.7493,4.8585,4.1939,1.3478,2.5212,3.1694,3.8872,-1.277
4.9751,3.0815,3.5821,5.6471,3.4123,0.6262,4.0219,0.3843
1.0528,0.0577,2.0917,1.2299,1.8485,1.3947,4.0585,2.3741
1.4938,2.9996,3.428,3.9166,1.0182,4.3425,0.0822,-1.905
2.9903,5.146,2.6494,2.7365,4.491,2.8414,1.454,-2.9133
3.6886,3.4844,5.7796,0.7618,3.8829,6.2163,4.0637,2.0173
5.9719,2.5981,2.1312,2.0884,0.9698,5.093,2.941,0.0383
5.1862,4.6768,4.3568,0.4542,2.0043,6.2026,3.6381,0.9699
6.146,4.5142,0.7091,5.7838,2.8445,4.9258,6.0211,-2.345
4.8188,5.6343,2.3752,6.1831,3.5032,4.7567,0.2837,-4.4455
4.7784,3.0494,5.9906,5.9572,3.0425,4.0122,5.2119,0.4039
5.539,3.6842,5.8261,0.2185,6.2768,3.8773,4.6839,2.0494
4.5094,1.6403,2.593,6.1608,4.3721,2.4195,6.0053,-0.3096
0.1751,1.1957,1.643,0.6885,0.7061,3.0566,1.8486,0.8705
2.1603,0.8725,3.6578,3.7037,1.0343,1.7052,5.7124,1.4498
5.0904,3.8038,4.0563,2.3622,1.5758,1.1611,3.035,1.1999
4.2861,4.4976,4.1917,2.0572,1.191,5.6296,0.2506,-1.4629
5.9713,3.6027,3.7396,3.9425,4.6574,0.0826,1.0425,-4.0931
4.0744,3.4927,4.4442,5.3642,2.5358,0.8945,1.3044,0.1371
4.1366,1.0399,1.2028,3.8482,3.7481,3.7925,4.9483,-1.8894
2.6104,1.2517,5.0306,1.0119,3.3313,1.5204,5.2316,3.4607
2.8534,2.4469,4.9547,2.7325,3.178,1.5014,5.6962,1.4715
3.0352,5.1207,0.0439,2.6579,2.3608,4.4088,5.4597,-0.6859
1.0176,4.8495,5.1385,3.7419,1.3924,3.6087,1.2151,-2.3529
0.0752,3.3697,4.2468,1.6825,2.1711,3.6784,4.3687,-0.1026
3.0336,5.2583,2.7047,2.1933,1.3155,3.7417,1.0723,-2.4149
2.0663,6.13,0.9352,1.2534,0.8372,4.8742,1.5148,0.2626
2.3931,4.1347,1.9751,4.5365,4.2843,2.493,2.6703,-0.8161
2.4457,2.6423,4.6261,3.9613,3.8534,5.1243,2.9528,-0.8856
4.6286,3.6616,0.9881,4.0063,4.1044,5.388,2.4048,-2.8078
1.3524,2.8522,2.9417,4.1007,0.0831,1.9825,3.1997,1.14
4.1427,2.6065,3.7756,2.8061,2.2386,0.0005,1.5834,-1.6749
1.937,0.5268,3.5622,5.9092,0.4155,1.1031,4.277,3.878
4.8829,0.9626,4.9765,0.6699,4.9539,2.5905,3.8996,2.4531
3.3089,1.6954,2.2997,1.3499,1.0496,4.0623,5.1004,1.3832
0.5544,1.1766,2.0681,4.466,0.4084,0.2988,4.6375,1.5601
1.8341,2.3546,2.2788,0.6505,6.1156,6.0492,2.6917,3.2694
5.285,0.2964,0.0164,4.0963,2.187,0.7111,1.475,-1.2252
5.295,3.5372,3.1757,0.4135,1.8251,2.623,3.2127,0.3769
2.2638,5.8688,3.1018,0.4012,5.8499,3.203,3.9598,1.9452
5.9423,3.8884,4.0066,1.549,3.0914,6.0936,3.5013,-0.9433
5.1897,5.7937,2.2209,2.1901,3.4958,5.1659,2.8457,-3.4694
0.3356,2.1462,4.4684,2.3075,4.1804,1.6735,2.2052,1.0618
2.4926,5.3799,0.1486,4.2681,0.5071,5.1572,5.0736,0.3112
5.7198,4.9646,2.2058,1.0425,4.7071,1.1906,1.3406,-2.5407
1.4474,4.7494,6.1436,5.3458,0.5802,5.4233,2.8847,1.5232
5.9152,5.3426,1.1726,4.4867,2.738,1.4807,4.7623,-1.2718
1.3391,1.1438,3.6077,6.2556,4.8626,3.5383,4.3324,1.1723
3.2764,2.2872,3.7162,1.7803,2.8292,3.1516,4.2851,1.6965
2.3479,0.2759,0.6923,1.8432,5.7293,5.677,5.3126,2.4804
1.9881,3.2915,0.316,1.4854,4.1793,3.6075,0.4877,0.2525
0.6852,1.7531,0.3287,3.8963,2.3731,1.4474,3.2602,2.6554
4.4468,4.6902,2.168,4.2641,4.7784,5.5542,3.5936,-2.8059
0.5242,5.9846,1.5476,3.7275,3.7494,5.8109,1.1921,-4.4313
2.1589,4.8153,4.1205,0.7397,2.2621,0.5945,4.7602,1.4147
2.905,4.7194,3.2367,0.4848,2.1562,2.2795,3.348,1.6987
2.2728,4.1614,0.7075,1.0797,3.8085,5.2298,0.0319,-0.4869
1.6637,5.7854,0.9906,4.0249,1.4537,0.5651,4.211,1.8306
4.0049,5.9724,4.9045,3.2169,1.6709,1.9497,0.1594,-0.9024
3.6519,0.9341,1.2373,5.5399,3.4071,4.9155,0.9913,-1.5097
1.6128,5.4766,0.0209,2.4346,2.4729,5.3488,0.6597,-1.871
1.1233,0.1028,1.2399,5.6936,4.6138,2.6432,2.3744,-0.4214
4.7017,1.3651,4.0619,1.303,2.6523,5.9956,5.9457,-0.2774
1.8537,0.3745,5.3315,6.0315,3.09,0.9262,4.4515,2.2172
2.1371,5.6291,5.837,2.7752,5.7572,0.5837,3.6319,2.8176
3.7502,1.3231,5.049,5.5387,3.5989,1.9764,2.9196,2.5058
3.9521,5.466,5.3038,5.7955,0.0356,6.1758,5.7235,0.5799
5.8288,4.679,2.1479,1.5808,3.9639,3.7479,4.0867,-3.3134
0.679,1.2246,2.6613,2.9776,2.6586,4.6946,1.3462,-3.6231
5.2637,1.793,2.6155,3.4381,1.6542,4.775,4.797,-1.8116
3.9273,3.5459,5.5781,4.7157,6.2366,3.8851,1.6827,0.3998
0.699,5.6693,5.5819,5.5218,3.5073,1.1311,5.0351,0.1672
3.3434,1.7595,2.762,4.4466,4.2507,4.1319,3.8321,-0.591
2.6456,2.4606,1.3644,5.8638,1.8105,4.2043,1.7039,1.0913
2.0986,0.5427,3.2756,4.6983,5.146,4.4131,5.1487,-1.4991
5.9313,5.5434,1.4311,2.8558,4.0049,1.9123,6.0568,-3.6204
0.4211,4.32,4.279,5.8822,2.046,0.0563,6.1185,-0.928
1.9455,5.9957,0.283,4.9989,4.9028,3.9668,1.8938,-1.3622
4.7994,5.9218,2.1064,1.8189,0.763,5.947,4.6071,0.325
5.6108,5.6538,4.7735,0.7185,2.0338,5.6188,3.5314,-0.2801
6.1536,2.8923,3.8718,2.7209,1.3354,0.3608,2.7766,0.5439
5.6997,0.4174,4.6318,2.0063,3.7113,0.7424,4.8494,-0.0116
5.4441,1.8818,1.5292,0.7658,2.9649,2.7726,4.7176,0.914
3.087,2.2879,3.9275,2.3666,1.7078,3.702,0.6178,-0.5033
4.9203,6.2805,4.5903,3.8999,6.0271,3.9053,0.3202,-3.4965
5.8272,3.4399,5.0265,1.9836,4.148,2.3271,1.5904,-1.4158
3.1627,5.2918,3.532,5.4559,1.5895,1.2901,0.6098,0.1854
6.0318,5.8499,0.8181,0.9224,2.08,5.3754,1.8428,-1.5253
1.284,4.6564,0.5698,5.7296,6.2669,2.8885,5.8689,1.398
0.3123,0.259,3.7433,4.6574,3.8844,1.5805,0.1646,-2.9726
1.2277,4.1131,0.9184,4.463,3.251,4.6182,5.9686,-2.4979
6.081,2.1185,4.1735,5.5895,5.655,5.3087,2.2998,-0.7624
3.626,1.2162,2.1783,0.1922,0.996,5.5811,4.5407,2.1347
1.1806,6.1371,4.0253,3.6917,5.2341,5.3947,3.6524,-1.5392
3.3209,4.5249,4.6632,4.0417,3.8298,3.5691,3.4624,-1.9505
4.0179,2.1405,5.2943,1.1452,2.4005,0.8513,1.3391,3.0383
3.9423,4.0197,2.4119,1.2939,3.0159,3.0779,1.7054,-1.8364
4.9807,6.073,4.4878,3.5686,0.4194,1.4509,5.9538,-1.1609
0.6964,5.4927,5.0159,0.0395,4.004,3.8213,3.2363,-0.0909
3.3871,4.7446,5.58,4.7699,2.8788,2.8463,5.4176,-0.2038
0.0723,5.3866,1.4644,2.1097,4.2955,3.6751,3.6069,-2.5903
1.9455,4.2072,2.8086,2.5322,4.7833,2.1103,4.5973,0.0408
2.634,4.0554,5.9113,3.0954,2.086,4.3218,1.8582,-0.2531
5.3892,2.468,6.2697,1.7614,4.0651,5.5535,5.8276,-0.5798
3.4428,2.4606,0.8478,0.716,2.8342,4.776,4.4973,2.4903
2.4141,1.4089,4.199,5.7969,5.9513,5.9587,4.6359,3.6679
2.0037,4.8957,2.112,1.9619,5.8405,4.0609,1.5747,-1.656
2.0614,5.4391,3.5587,4.0563,5.2402,4.0317,0.158,-3.766
1.3618,0.8449,0.1773,3.7733,3.6309,0.9182,4.7153,1.22
0.3336,2.1007,3.4003,2.35,5.4821,3.3361,4.6402,0.4075
0.1736,3.2524,2.0668,0.7247,3.3649,4.9635,0.5544,-2.5939
3.5515,5.1274,4.9514,3.6155,2.8203,3.8929,3.8106,-1.965
2.6157,2.489,0.5514,1.2863,0.9896,2.0677,6.0345,4.2822
2.62,1.9666,2.3983,4.5281,0.5407,1.0973,4.1864,3.5023
1.614,5.3964,3.6643,1.3022,0.2876,6.0212,1.1693,-0.3826
0.4783,1.6598,3.8099,2.103,3.0649,1.7129,3.8509,1.1519
3.0881,0.745,0.1892,5.032,5.3438,2.3071,1.1588,1.5834
2.4668,0.3594,1.411,0.9643,1.7478,5.233,5.8647,0.9007
0.7422,1.4537,4.8891,0.3218,0.796,1.6833,3.9112,4.22
1.1753,5.2681,1.3972,3.6708,0.4367,2.1971,5.1539,0.2985
4.7054,1.4476,5.7884,4.7137,3.5095,1.1397,3.2524,1.0813
3.8558,5.725,2.1089,1.5292,3.6041,1.8672,5.8872,-0.9428
1.3748,1.2481,3.6314,3.5633,5.9662,1.7984,4.6003,1.3461
0.6478,0.7609,5.7184,2.2502,0.7262,5.0332,0.9471,-0.3823
4.1351,1.4601,2.3878,5.4721,4.8826,4.4015,1.7065,-2.567
1.4963,5.0338,6.0677,4.1945,2.0043,1.5437,0.0918,-0.5634
0.2102,5.0963,5.7152,5.6938,2.3035,3.5408,1.2941,-2.3143
3.0777,5.7974,0.0554,2.6553,4.526,2.5854,4.352,1.0055
6.1744,3.1269,4.1707,5.8984,5.3272,1.7245,3.4076,1.4623
1.5518,1.0624,2.7586,6.0665,5.6638,2.0351,4.4775,3.1403
1.7264,4.8992,2.5272,5.6996,1.7809,0.2322,1.7729,-0.615
3.2714,5.3868,5.1328,4.838,6.2607,5.0573,0.5082,-1.4803
0.195,3.7108,2.0564,5.5137,0.1514,4.7888,5.7138,-1.9816
2.7269,0.9472,0.9781,0.8329,3.4256,4.1893,2.0265,0.4546
5.5958,4.8031,6.2296,4.9543,0.1409,6.2537,4.745,-0.0179
5.3073,2.688,0.4136,4.4942,1.6839,2.3293,6.2212,1.0216
3.3753,4.7108,1.9289,3.6758,2.7592,3.7581,6.2063,-3.3905
2.2346,2.0523,1.5405,0.1376,3.0583,4.403,3.1761,1.5065
1.8115,1.4751,0.128,2.538,1.6089,5.6262,0.1411,1.2871
6.042,2.6141,2.2178,3.21,4.2833,5.3269,3.9364,-1.9545
2.1268,2.0469,4.2511,4.8034,2.2615,2.7181,3.1975,2.2416
4.1369,4.4292,1.0403,1.5096,4.7418,0.6864,5.5359,0.2484
0.2538,1.6307,1.0174,3.1496,3.5776,1.7873,3.4237,0.9977
0.498,3.3258,5.3831,2.1223,0.7107,4.4643,4.8843,0.4657
5.0873,3.0463,3.3213,4.422,4.7684,4.2013,3.2499,-2.2475
1.7348,2.3455,6.1794,4.095,2.0998,2.9803,4.5584,2.2028
5.3287,4.556,2.2345,2.0737,6.1057,1.9171,0.2437,-1.2615
4.2067,4.4456,0.8279,5.6134,2.598,5.724,3.0974,-0.5165
0.3017,3.0588,0.808,2.8214,0.2144,4.8804,4.1183,1.4813
0.7385,4.7862,4.9323,0.7342,5.1605,1.8364,1.204,-0.1329
0.9702,0.7093,0.589,1.2793,4.1013,2.6132,0.2892,-0.1137
5.1844,4.8046,5.823,5.4053,2.1561,4.3104,5.4265,-2.0213
2.0069,3.0467,6.09,3.3088,2.8244,1.7448,4.4874,1.9962
2.5668,0.4393,2.6882,0.6482,0.5686,4.243,4.2467,2.749
0.6292,1.2259,2.4588,1.4263,0.7149,4.9775,5.5862,0.4946
1.2242,2.8376,3.9352,6.1073,5.873,2.6367,0.8022,0.5393
1.8666,3.5078,4.0668,0.6837,2.8032,0.3185,0.0428,1.2379
2.1019,1.7004,5.3336,0.8186,4.2497,0.5229,4.4436,3.8128
3.7069,3.9191,1.9192,4.0571,5.9082,6.1353,3.4426,-0.0287
0.6354,0.5288,2.1423,4.0182,3.7056,5.3065,4.5907,-3.1613
1.3548,6.0709,2.2601,3.9286,2.9701,1.8834,1.4982,-2.8503
5.3457,5.6922,1.2452,3.4466,0.4114,2.9418,6.1869,-2.0804
2.6449,2.5811,3.1144,1.0055,2.5895,6.1596,5.3461,0.9784
1.8685,4.7503,0.3053,5.4995,2.2935,0.6873,4.7035,1.9182
0.5725,3.1156,1.8189,5.7541,2.2602,1.4443,5.9877,0.0364
3.8195,5.4969,4.0108,4.067,3.3605,4.484,3.4464,-3.6489
0.2595,5.9337,0.4844,0.4713,1.3912,4.232,0.4298,-1.2058
1.9249,3.682,4.2156,2.294,5.4181,4.0782,2.9776,0.215
5.1556,0.1849,0.6982,4.3651,4.1608,2.2104,2.1053,-2.157
2.0823,1.8624,2.1515,0.3248,2.2607,5.8459,6.2491,0.4582
4.6003,1.1534,3.2547,0.8854,1.8278,2.5236,2.0375,1.1239
2.3962,0.6947,0.248,4.5701,1.9624,4.1634,2.5579,0.7906
0.7607,5.8789,3.9749,5.9419,4.6291,3.0572,5.3292,-1.6514
4.6335,3.6692,2.3073,1.6859,5.0209,5.2602,5.7109,-1.8111
4.1081,0.6492,5.118,5.1211,1.8397,0.3996,4.5753,2.5642
2.9364,2.1357,4.6785,5.8528,4.9205,1.5823,6.2569,3.054
3.6538,1.7412,4.8888,3.4012,2.9753,5.8143,1.7878,-0.953
2.596,6.1413,2.0341,4.4605,1.2179,3.117,4.7862,0.4392
3.6887,3.96,5.6819,5.564,4.9089,0.4569,3.0967,2.5888
6.085,3.7769,0.1085,4.7028,1.9565,5.676,0.5839,-2.1196
3.0865,6.221,0.7556,0.9127,4.3006,3.444,0.1712,-0.4643
1.518,2.6554,0.4729,1.9738,2.3958,1.2629,0.6739,2.5797
5.3876,0.9973,1.1106,5.5133,3.1561,2.0275,5.7862,-0.4137
0.2026,2.1043,2.6014,4.678,3.7395,0.8575,0.8716,-1.9773
5.6857,5.9408,5.8936,3.6016,4.613,5.9218,4.3475,-2.0336
5.7329,2.8873,4.2386,4.1371,4.0123,3.6552,5.9603,-4.0001
3.1095,2.9928,1.4752,5.4212,0.0949,4.2713,4.5903,2.4668
2.0946,0.9475,2.9167,4.3001,2.7742,1.0894,1.5807,-1.379
4.899,4.6303,5.815,3.7346,2.8298,2.7963,5.5817,-2.3263
2.6725,4.0805,2.7296,3.1696,4.0673,5.4134,1.9749,-3.7375
3.1174,1.6707,4.6388,3.2729,1.5973,6.1595,4.7273,1.77
0.9765,2.2195,3.967,3.9837,4.552,2.3169,2.9926,0.4313
2.2865,0.6181,0.7164,3.0902,4.0049,1.2017,5.9925,0.4066
3.7378,6.0931,3.84,4.9377,2.9922,1.0003,0.2018,-2.1607
2.757,6.181,4.2961,4.156,2.7503,1.4529,5.6326,-0.5864
5.8996,4.7897,5.502,4.0515,0.0361,1.3973,6.2285,-0.5231
5.5635,2.8006,0.3411,6.0386,5.8069,5.9393,3.7851,2.7226
4.3114,5.3427,4.5232,1.8281,1.2893,6.1029,6.1117,-0.6856
4.8903,0.4159,0.6388,1.8612,4.6844,2.9103,2.4516,-0.5202
2.754,1.4727,1.7157,2.8275,3.2252,5.9453,5.228,-0.1575
4.1939,6.0385,0.3283,3.8532,4.278,1.0607,5.7628,-1.3903
3.4697,2.0039,5.8915,3.541,3.235,3.4874,1.8143,-0.0293
3.2752,1.3309,2.5566,3.6356,3.6492,3.7517,0.3861,-2.8813
3.9958,3.0929,4.9729,4.1889,2.6939,1.2236,3.2607,1.0005
4.5398,4.1336,4.474,3.6156,5.5752,0.9977,5.0192,0.1407
2.6974,2.4792,5.3662,1.6132,4.4635,0.5633,2.0343,3.4221
0.3561,3.3101,0.7815,3.4703,3.6364,2.5552,2.6175,-1.4803
2.5107,4.4505,1.385,1.7794,0.0946,2.561,4.6745,2.9055
2.9743,4.714,0.7758,4.9054,1.5402,4.5667,3.1487,0.3316
4.7758,5.0988,1.1366,4.5509,2.106,0.7214,2.1725,-2.3018
0.4171,5.7405,2.111,0.2216,3.3664,5.9796,3.2963,-1.1113
5.442,6.2734,0.4191,2.1713,4.7598,3.8862,2.7066,-1.4243
5.4749,6.033,2.3642,0.5787,4.8635,1.2026,5.6569,-1.4656
4.8063,3.86,4.2671,2.9596,3.1043,0.8096,5.2465,-1.9432
2.8319,1.0657,4.4332,2.3336,3.604,2.9176,5.6341,0.0635
3.0261,1.8268,3.7045,3.4411,1.161,2.8237,4.3532,2.0876
5.5946,3.3992,3.1374,2.7039,1.3116,6.0209,1.6944,-1.9771
1.4001,0.051,4.6736,0.4342,2.6254,1.4773,3.5956,2.4171
2.5941,1.4114,6.1903,3.7266,0.4337,1.4128,4.1438,5.1867
5.7502,3.8119,5.6992,1.5781,3.3811,2.7634,0.4031,-0.5553
0.5779,1.0502,4.2883,4.6671,4.3759,3.7411,4.1073,-1.0643
0.8267,3.6481,2.5943,3.0175,4.7054,1.7527,5.9291,-2.5106
1.0088,0.2446,1.1043,5.3525,3.1504,0.0193,0.5539,-1.4609
4.1407,1.5772,3.1846,6.1624,1.3644,4.0487,6.0423,0.0657
2.5162,3.2614,0.1583,2.1681,3.3779,1.5243,3.6982,3.3114
2.1577,0.3916,2.2661,5.1261,1.7525,1.4633,3.1417,1.9763
5.8046,5.0656,5.0382,4.0393,3.7273,3.0279,2.2236,-3.7297
4.1749,0.8607,5.2238,0.8713,5.5632,4.6737,1.7626,0.3197
4.8574,1.7275,4.4082,0.5252,0.4916,4.4785,2.9887,1.8797
1.0267,5.19,1.3729,3.8272,5.6596,2.2169,6.132,-1.7676
0.4416,3.8059,0.8321,1.2189,2.901,2.9018,5.4888,0.1868
5.6513,5.7806,5.0751,3.5288,1.8205,0.1259,2.9295,-1.5771
0.0352,1.2349,4.1003,1.2047,4.1121,4.2959,2.577,-2.1157
4.3052,5.06,5.7906,4.1489,3.1374,2.4665,1.5453,-1.8342
4.4981,3.9341,1.4751,6.0658,4.043,5.2708,0.4344,-2.6661
1.0056,6.0006,2.2634,1.7039,6.1199,1.7094,4.3809,2.1482
1.6942,4.0838,3.4688,2.6726,2.334,3.7236,5.1203,-1.2063
5.4757,2.5104,4.601,5.6521,2.8208,0.4536,5.6957,-0.1494
3.2053,3.4375,5.3408,4.8963,3.4978,1.9766,0.9491,0.5209
0.8649,4.8536,6.2287,5.3795,4.3693,3.2582,0.3006,-2.3029
5.6164,5.3194,5.9414,2.6398,3.7318,2.9388,2.0327,-2.8982
5.3672,5.3869,2.8825,6.0276,4.5685,3.084,5.7333,-2.8396
3.2244,5.9939,4.7119,3.5017,6.1303,3.168,6.066,-1.2915
3.3414,5.8881,3.6535,1.4667,1.3297,1.269,1.7859,1.3453
4.9958,0.7579,1.191,5.0964,3.933,3.2259,1.0392,-3.0387
5.1736,1.9033,1.9538,3.619,5.3281,1.4784,1.1189,-1.5355
4.7535,0.6881,6.1657,2.4785,4.1055,5.6749,3.3063,-0.7397
2.8456,4.3475,4.7832,5.8184,1.1973,3.3875,0.5597,0.5962
3.0654,1.1067,0.2776,5.3749,2.5984,1.4562,1.4073,2.74
2.3407,0.0982,5.237,0.4852,4.168,4.0036,0.1486,0.1471
1.6485,3.2518,4.4088,2.5075,4.6767,5.2022,1.617,-1.1615
0.9449,2.8856,4.0458,0.9302,5.4363,2.6484,1.5063,1.186
4.1643,5.552,3.6973,2.3501,5.8704,0.0687,0.1733,-2.3197
3.3116,5.2811,5.3291,1.7981,4.0783,1.721,2.2195,1.1999
3.395,2.0501,0.3824,0.9404,0.927,1.105,3.0238,5.7961
3.7676,0.196,2.8191,4.6623,2.4262,1.1659,0.8197,-2.4148
5.2079,0.2804,5.0848,3.9742,4.8446,3.4167,4.7486,-1.541
0.3776,1.0424,3.3825,1.2625,5.809,4.7525,5.7588,-1.5277
3.3228,5.0187,3.4142,2.7629,0.9588,5.3594,5.7891,-1.9131
6.1481,0.5545,2.0658,5.5653,0.6206,0.2446,5.046,0.6139
2.2343,4.1068,0.215,5.9813,5.9458,2.8789,4.6512,3.5402
1.6386,5.2658,5.8186,2.5564,1.5581,4.6049,2.3921,-0.0373
4.5555,3.5349,4.747,3.2353,2.3002,0.9513,4.859,1.0522
2.8014,5.0329,4.4637,1.6087,3.3666,6.2129,3.8373,0.6522
2.5983,2.467,3.6425,2.055,4.6758,2.2604,0.631,0.8092
2.343,0.6721,5.6094,5.2852,0.6215,2.6865,3.2512,4.1002
1.8686,2.9634,0.7752,5.1102,2.7691,4.7549,1.5579,0.3113
3.5227,5.4951,5.1331,1.8233,4.0394,3.5723,4.3223,-0.7392
3.2027,2.8994,2.4938,2.4316,5.2467,5.2087,5.8603,-0.6037
4.9713,0.8694,0.184,1.4393,3.1713,5.1484,5.7607,-0.9751
0.3412,1.9648,1.6451,5.2421,4.4489,5.8243,3.019,-0.5621
5.8674,4.642,5.8055,0.2909,2.5019,4.807,5.0455,-0.6221
0.8046,1.2833,0.2526,4.3479,4.0805,3.3897,5.2774,-0.9464
3.0485,4.1841,4.2268,4.2598,1.5046,4.5396,1.1967,-1.6443
4.9512,5.0242,4.9773,3.3202,2.3699,2.7869,0.1756,-2.9537
3.7189,5.0245,1.0744,2.2924,4.7674,3.0921,4.8603,-0.4629
3.1858,0.3459,3.1251,0.2668,4.8027,4.0588,1.2232,-1.6582
0.9787,5.7386,5.0933,0.6187,0.4021,3.0506,6.1143,0.8533
3.52,2.3133,5.6594,3.1423,1.0636,4.0591,4.5472,1.9623
4.8102,5.6079,4.531,0.6235,2.6591,4.427,0.784,-2.0225
3.5454,0.1861,1.9056,0.1729,4.5906,3.9446,0.6321,-1.7436
5.2965,3.1724,4.2667,3.78,3.9124,4.9803,6.2649,-3.5723
1.1886,3.3433,4.6257,5.5845,2.529,1.2665,2.9281,1.7558
1.4167,2.3906,2.1641,5.2346,3.8399,0.0866,3.0347,0.3713
4.1338,2.344,0.0824,2.3035,0.401,3.2327,0.6675,1.5499
0.1514,6.0038,0.5003,5.71,3.4099,5.6698,0.1592,-2.1098
2.2224,2.0769,0.1671,5.2591,2.8097,5.0749,1.5696,0.5589
5.5288,5.2695,1.5082,1.157,6.2493,3.3708,6.1115,-1.9925
1.4109,2.1832,2.8021,2.1956,1.8599,2.7524,3.454,1.9082
4.1856,0.9263,1.1668,1.0555,4.4853,5.2048,5.9707,-0.3657
0.3908,5.0741,5.0774,4.1962,4.2705,3.4294,4.685,-2.5653
0.5048,1.9033,3.5361,3.8441,0.1923,0.3283,4.0524,0.5806
0.7391,6.2314,0.8353,5.009,0.7978,2.8357,0.4509,-0.6067
4.7553,3.1995,0.2965,2.9314,5.97,6.2723,2.2734,1.1619
1.3152,1.1262,3.4247,3.8069,1.732,1.8557,5.3693,0.284
3.2402,4.6066,3.8486,2.7147,4.2813,1.3688,4.2534,0.5236
4.0347,4.3388,0.0362,2.2908,1.5865,2.905,4.972,1.1372
1.49,3.2775,1.8921,1.5118,4.0629,3.7646,2.3081,-0.6057
3.1545,3.0306,2.2027,5.3718,2.2017,5.0518,4.4633,1.1072
3.0016,1.7437,6.0666,4.6607,1.5131,5.4396,1.44,0.7138
1.313,5.4254,0.8677,2.3103,4.2202,2.6974,3.399,-0.1078
4.9908,4.3333,1.1374,2.7783,5.0094,2.5617,0.2075,-2.7724
4.5507,5.7727,1.3491,4.1538,0.1682,3.7964,1.2906,-2.8785
2.3164,4.1692,3.3141,2.4346,3.665,5.999,0.9629,-2.8598
2.134,2.1566,5.0702,2.6679,2.042,3.197,3.3088,3.2939
1.8626,5.5203,0.7561,4.4144,0.4381,5.5455,5.5768,0.4735
3.2773,4.9698,2.8304,3.6367,2.9618,5.1852,2.0929,-4.3443
3.4161,5.2389,5.1958,0.0437,1.3049,1.0551,2.5474,2.1776
3.2678,0.365,3.5008,0.421,0.1856,2.865,4.5731,2.9535
5.0427,4.6842,4.32,3.6732,4.2517,5.3447,5.5804,-4.3337
5.6295,1.9273,1.6011,3.6694,4.0389,5.4428,5.7967,-3.3407
0.9884,4.5982,0.8358,1.6184,1.9215,2.0589,5.4131,0.663
0.6271,1.7928,1.6508,4.2031,5.1491,4.9815,2.7979,-0.4346
5.5908,0.6169,0.6384,1.7464,3.4193,4.6856,3.2107,-1.2765
3.3367,6.1759,1.0867,6.2451,3.4261,3.2178,3.3054,0.8705
2.9742,0.5753,2.2228,5.7683,4.3703,2.5099,0.5229,-1.2599
4.1974,6.0183,3.6864,0.4425,0.1203,3.2279,2.2113,0.171
5.6136,0.1397,3.0657,2.0157,1.7474,3.2393,3.6757,-1.7577
1.28,5.0759,1.7875,2.5656,5.2257,4.6412,0.7346,-3.3279
1.8324,4.1045,5.2335,6.2137,5.8681,0.1461,0.2794,1.6847
1.7024,5.3544,2.0458,3.3299,4.0144,1.3228,5.4493,-1.132
4.1402,1.3607,6.0867,1.3266,3.3836,5.9429,0.7566,0.2788
4.4867,3.851,0.0268,4.7597,3.261,5.5209,5.574,-1.7491
2.1536,5.8514,3.8861,0.2761,2.4088,3.8175,5.853,-0.465
5.1178,4.6645,0.4288,2.0837,5.7463,4.7187,5.6752,-1.5978
1.3194,0.2333,5.9386,1.0276,4.1764,6.1287,2.4366,1.6763
0.6263,2.2725,0.3851,2.3821,3.2956,1.3485,0.8491,0.9318
4.7389,0.2632,2.8674,3.2683,4.446,2.7883,2.9171,-2.9732
0.3313,0.9996,2.266,1.0492,4.0882,6.1181,2.1866,-1.5126
4.548,1.5411,6.2805,6.0937,1.3794,3.6372,4.7968,2.4914
5.266,5.3121,1.7697,3.9212,0.3226,3.1811,2.3702,-2.6734
3.1756,1.2267,3.7328,1.0375,5.8951,2.984,1.5392,1.476
2.9978,2.5228,2.1339,4.9322,4.5827,1.5522,1.6256,0.3081
4.5887,6.0585,3.2727,5.2372,3.6102,2.7744,3.0058,-2.2616
5.5937,1.5903,2.5586,2.6539,4.6467,5.1913,0.4166,-4.0639
0.6231,4.2167,2.8884,3.4813,4.5574,3.8762,5.4426,-4.1397
1.3715,1.0867,5.927,3.0115,0.7446,3.8897,5.8616,1.125
5.1738,3.5254,1.8478,1.2903,0.0795,0.0832,5.3523,0.408
4.5592,0.9976,2.3886,1.1222,1.604,3.1754,6.0136,-0.298
0.4412,3.3289,3.7894,1.0428,1.4143,3.6476,0.6398,-1.0518
5.7594,3.2704,4.0648,6.0092,0.9872,4.112,3.4148,0.6952
1.3343,3.8405,2.7835,5.5748,6.0369,6.2634,1.3955,-0.4369
2.8778,1.6066,4.4204,4.1106,4.5514,3.6935,1.3512,-1.0999
2.6343,2.036,3.1595,0.8565,3.5732,0.453,4.8971,2.3636
4.3141,4.1993,1.979,0.279,3.2036,4.5056,3.2945,-1.5872
4.7593,4.8365,5.4736,4.704,4.5838,5.6102,4.4562,-1.47
2.4919,4.9388,3.263,0.97,1.4815,5.899,5.5552,0.3997
4.4646,1.2291,1.679,5.8494,3.2985,3.2194,5.819,-1.0714
0.1856,5.1697,2.2878,5.9102,5.8994,5.6843,3.9346,-1.2782
3.9766,3.9664,0.269,3.898,5.1361,4.2206,1.922,-2.6366
4.986,2.798,3.6346,4.682,4.5171,5.3572,4.8389,-2.1195
5.1786,1.7243,3.4125,2.6032,0.8184,0.3865,3.4,0.7885
1.4308,4.8159,1.7551,0.4348,1.1754,0.7818,4.1693,3.2795
4.1076,6.0252,0.0061,2.0366,0.2324,4.0155,4.153,1.7054
5.9835,3.082,5.7557,5.1827,4.5481,3.6326,1.014,-1.3535
1.0498,3.8802,4.6973,6.0702,1.5581,1.0642,3.9631,2.5905
0.6888,4.065,3.5413,5.8554,0.6215,1.1835,5.7998,1.2443
5.6884,3.9746,5.8376,4.1797,2.899,0.6396,2.6359,-1.4227
3.4622,1.9093,3.8193,4.7586,0.303,1.5723,1.436,1.2499
0.4238,2.0731,1.9002,3.7405,2.7781,4.175,2.3703,-1.825
4.0615,2.145,5.8718,0.4736,3.7742,2.3994,3.8346,3.4499
3.317,2.7119,5.1486,0.6128,3.244,0.0146,4.1854,3.8621
3.8026,5.1084,0.2182,5.3887,1.5837,5.1289,4.722,0.8801
3.9211,4.6678,4.0395,3.8304,2.5918,1.4588,3.0998,-0.7862
2.037,0.7445,4.8926,1.6043,5.9433,1.6459,1.7749,2.4804
4.7721,0.4911,2.4282,0.4635,2.7402,5.2038,1.2699,-2.8561
2.3399,5.5609,3.3772,2.0354,1.5367,1.1362,6.169,0.4399
1.6477,4.3846,4.3385,4.0091,2.2455,1.5859,6.0526,-0.7448
5.3147,3.094,1.0059,5.4687,0.8819,6.1298,5.2684,1.5108
3.7391,3.2412,3.2123,3.2706,5.0553,1.9601,6.2072,-0.9647
5.5031,0.6796,3.6831,5.0137,0.7366,4.3492,4.6665,-1.2761
0.3063,4.8485,2.6461,3.6666,3.7843,1.2526,0.6296,-3.675
6.0224,0.3576,0.2416,1.6842,0.0968,0.2642,2.4793,1.9917
3.4313,2.6956,1.5249,1.0289,3.544,0.1212,2.1268,1.6175
3.8903,5.4773,5.3899,2.6176,3.3,5.3042,0.2583,-3.3678
2.928,0.9407,0.7858,3.9956,2.8044,2.5524,5.8858,0.3234
4.2916,3.9514,4.9928,2.8388,0.9602,3.3985,4.079,1.2617
1.7825,3.06,2.4338,1.9295,5.8249,1.2524,1.2638,1.4944
5.6513,1.0884,4.5968,1.4431,4.6247,3.6742,0.512,-2.1013
5.938,2.976,2.2807,3.1538,1.9139,3.5148,1.1395,-3.6773
1.7557,0.0157,3.8927,1.5563,5.6451,2.2578,2.761,1.8718
1.7794,4.8917,0.5924,1.747,1.8222,2.9644,2.5824,0.9514
3.4788,2.5293,5.509,2.7207,0.4909,5.4268,6.2587,1.4688
5.928,3.8156,6.2519,0.0785,4.6715,6.0277,3.9118,1.2405
1.1238,2.2887,1.428,5.9611,1.3051,1.4267,1.4715,3.1608
5.9438,0.3806,0.8016,0.4526,1.9744,3.5345,6.1058,-0.3786
5.1565,4.1577,1.508,3.1839,5.1,4.3647,0.0781,-4.5308
2.5936,6.1557,4.3191,0.9326,4.8972,0.2614,5.145,2.3108
5.5925,5.4786,4.9873,4.5376,4.0726,5.7704,4.2291,-2.6237
1.6992,2.1793,0.893,3.1701,3.637,0.9651,5.3511,0.9788
0.5996,4.8242,1.7132,4.4736,2.4409,0.9656,0.4665,-2.8472
0.4966,5.3822,1.7245,0.8918,2.8861,2.8038,5.9089,-1.785
3.2421,5.9544,5.5644,0.6125,3.5841,4.1266,2.552,-0.0499
0.4008,0.078,2.6961,0.6846,1.1341,5.0609,3.0851,-0.0539
1.5721,5.943,3.2882,2.8629,5.3155,1.57,0.0346,-2.2408
1.4383,1.7636,3.06,0.3007,1.3665,4.9244,3.5215,1.8098
2.2841,4.305,0.6511,0.3629,3.3727,6.1879,1.7652,0.0244
3.8127,3.6786,0.8014,3.1046,1.2895,0.6814,0.5961,0.2768
1.2199,5.6324,1.3915,0.5434,3.1042,4.8081,4.6893,-0.9079
3.3195,0.6393,2.8786,1.0945,3.9353,2.2295,0.6431,-0.4493
0.4039,6.1869,5.6959,0.1491,5.4172,1.7652,5.0429,2.4365
1.8793,5.6457,3.203,1.5652,1.71,3.7064,5.4091,-1.176
0.1122,1.2374,2.691,0.9984,0.383,1.7881,5.6753,1.8082
4.9371,2.601,5.2653,0.4508,0.3678,1.4186,3.5414,4.2704
1.1826,5.5636,4.3458,5.2135,4.0451,4.5972,4.5475,-2.2817
1.8454,4.3387,5.0486,4.5085,3.6058,1.8784,5.7537,0.0737
6.1617,3.6152,2.9048,1.4028,2.2123,4.6261,0.6106,-3.3685
1.5585,1.0338,6.1978,1.0748,2.0915,2.8518,5.2343,3.3578
0.9732,6.2185,3.8572,1.7518,3.797,0.6664,4.8703,-0.1115
2.7196,0.2299,2.0185,6.2009,3.9366,4.1974,1.1496,-2.2777
5.3634,5.799,6.0454,1.6775,0.4577,3.6604,5.9792,-1.1918
3.8066,5.8055,2.7368,1.3254,4.0882,3.4903,0.836,-2.874
5.3284,3.6626,2.7905,5.0188,0.5115,5.5357,5.4355,-1.5001
4.4768,4.3347,2.6847,2.6208,5.9606,1.8843,4.3243,0.5838
5.3393,3.5452,0.1122,4.8338,2.4077,0.5619,4.6638,0.241
4.1086,3.1574,0.9809,1.6804,3.6025,2.4359,3.2038,1.8477
5.5288,3.6442,3.3806,0.6667,2.0253,0.3619,1.3868,-0.1898
0.6367,5.4351,1.8495,0.8889,5.9192,3.0661,2.1431,-0.785
0.8634,4.8276,4.1118,4.0507,0.285,3.5806,0.8085,-2.0167
3.7212,3.83,5.6487,1.9516,6.0008,2.9093,0.897,0.7362
1.5051,3.2248,5.6706,3.8345,3.3341,3.4621,1.2833,-1.3478
0.8771,2.283,3.5142,5.1772,5.0576,5.9451,2.4119,-0.3244
2.6604,3.8036,0.6601,4.2251,3.8747,0.9503,0.1378,-0.0804
1.5339,0.901,0.7993,1.3287,4.5306,0.8174,5.3297,2.6449
3.7122,3.4809,0.1189,0.7431,4.9113,4.2958,2.3248,0.7817
1.8298,3.8465,4.7655,4.904,6.1965,2.0072,5.6213,0.9775
4.5241,4.8078,1.9112,0.9139,2.7862,1.7808,5.8522,-0.7837
0.5355,1.0998,2.0174,0.4045,4.2285,4.6647,6.0103,-1.7076
0.2819,6.2752,5.9863,4.9153,2.2967,3.3659,1.5729,-1.8421
0.0624,4.4641,2.0116,3.8299,3.7627,0.3472,2.7303,-3.5136
3.7712,0.0081,0.6705,2.0806,1.8493,0.4502,3.7591,1.9523
5.2203,3.043,4.2543,3.2412,2.6864,3.7098,3.6588,-1.6459
5.1979,2.7858,5.6711,1.1063,0.3098,6.0388,2.9586,3.1812
5.0573,4.9489,1.9954,3.3055,2.8854,4.4291,1.2143,-5.829
1.5964,4.0694,2.206,2.5978,4.7607,1.9354,1.0332,-0.7535
5.4532,0.3275,3.4497,1.0795,0.4282,2.9439,5.8004,-0.6833
3.6934,0.8661,5.4117,6.0907,1.8886,0.7906,4.3893,3.6789
2.1915,0.5423,1.3589,1.5284,4.064,0.0699,2.4366,1.292
4.3252,5.1488,2.2736,3.0038,1.9801,0.1854,1.5469,-2.3428
5.0268,0.8486,2.9867,2.1643,5.1869,4.1517,4.268,-1.3231
1.3339,1.2232,0.2812,1.8937,2.0883,2.8735,0.106,1.0537
0.2763,0.138,3.4812,1.1985,4.3223,6.1947,4.8879,-0.7899
5.722,3.9771,3.5448,3.471,5.4282,2.8465,4.8176,-2.313
2.0144,2.9892,1.206,2.705,4.4028,0.3503,1.3335,0.2979
3.5,5.4139,3.2725,3.8019,3.7132,3.1064,0.3193,-4.5705
4.0789,3.8394,4.4155,2.4819,0.3721,1.0235,0.497,1.0132
2.6523,0.4541,2.3149,4.3721,1.5489,0.3014,5.1373,1.1402
1.5222,0.0781,3.9784,3.3622,5.0828,2.8501,5.9779,-1.947
1.6207,2.7429,0.9604,3.9207,0.5596,6.2655,2.0385,1.6169
3.0129,2.3944,4.2391,1.4347,0.6152,5.0996,4.7613,2.857
1.0153,1.5718,0.115,5.6032,4.9055,0.8479,3.811,3.7579
6.1449,2.1483,2.9291,0.8338,0.2682,1.4535,3.0592,3.1372
2.3328,5.3292,6.1364,4.6019,0.53,2.4538,0.7191,0.6168
3.3071,2.429,1.7311,0.512,5.0374,1.5824,5.7379,2.9845
2.4548,0.6913,3.2734,2.7188,1.8512,5.2308,1.2002,-1.5767
3.0242,3.5216,0.3603,4.3303,2.0567,5.067,0.7027,-1.2408
5.4916,4.6235,0.5374,2.5851,3.9956,0.2178,5.1054,-1.2202
4.7923,5.006,4.1674,4.3255,1.1964,2.3612,2.9,-1.0819
2.8258,3.1765,3.0335,1.2987,4.8664,6.2638,2.3908,0.7771
2.9822,0.7377,1.6674,5.239,6.17,0.4542,3.2192,2.5058
1.2206,3.4151,5.8358,6.0287,5.2971,3.2212,4.2258,2.7899
6.0128,5.3661,4.124,0.3996,4.1957,4.7889,1.9798,-2.9563
5.7507,2.3659,0.7279,1.9882,3.0848,0.492,4.4894,0.8795
0.4393,1.2607,2.1666,4.3881,1.5023,3.9143,2.0836,-2.0294
5.7569,5.5305,1.14,2.8828,5.531,0.4347,0.8548,-3.2777
5.474,2.2222,0.7833,1.5178,1.5392,0.6583,0.092,1.825
2.1023,0.6368,4.7409,0.321,1.1609,5.2352,3.3036,2.6507
2.9481,3.4946,3.9966,3.9106,2.3048,4.9395,1.7461,-2.4117
0.7075,0.9551,3.6485,5.2366,1.4692,4.9352,4.9259,0.2387
0.9964,1.9874,5.0205,6.0409,0.9664,4.7485,4.279,2.8611
4.8921,3.2085,3.3014,0.4128,4.2916,4.0193,2.1298,-2.4393
0.6032,1.5037,4.8782,6.1683,5.6879,3.0352,4.0503,3.1535
2.3938,3.0313,0.5351,0.8216,4.821,4.99,5.4702,2.2323
2.906,2.0482,3.5808,3.0301,3.2158,4.7037,2.9094,-0.8065
1.8307,5.2393,0.5816,0.1686,1.2531,3.2195,5.7855,1.4098
5.7066,3.3205,4.4331,5.6529,4.5254,3.5585,6.2086,-2.2536
4.5006,3.7164,0.7261,6.1527,4.0173,3.1301,1.9459,-0.3444
3.0105,4.2481,3.8692,2.7716,6.0227,6.155,2.3132,-0.3858
5.1693,4.02,3.13,2.802,4.5798,1.7572,2.0808,-3.3834
5.6696,4.5053,1.7154,4.5705,2.7751,5.7793,0.2317,-4.3127
2.1303,1.1869,1.7434,0.8771,1.0976,5.9789,0.7877,2.3329
1.8617,5.916,1.2136,1.1952,5.6969,4.9858,4.4571,1.2449
5.1552,1.3395,2.416,2.9667,2.7135,5.7413,0.6732,-3.4062
4.3747,2.9357,1.2755,0.2583,0.6032,1.4169,0.3818,1.7128
3.6892,1.1347,1.045,4.3745,4.735,5.0807,4.7525,0.164
5.7039,3.8771,0.0787,3.4031,0.2743,2.587,1.3848,-0.8518
1.1336,4.2959,3.955,4.5233,0.8165,2.4316,5.0758,-0.2211
3.8135,3.89,2.0725,2.3852,3.3752,2.8149,5.7162,-2.0561
5.6911,4.3351,5.8812,5.2328,1.8179,3.2614,4.8977,0.1009
5.1728,2.412,4.9955,3.5786,2.9436,2.7195,3.9932,-0.0981
3.7564,4.0468,0.7862,4.9685,4.3972,5.7695,6.2486,-1.5233
4.0192,0.9712,0.9386,1.366,3.1389,4.1029,4.3486,0.0631
5.3582,0.1461,5.9619,3.0497,1.7891,0.0836,5.4112,-0.8006
5.7295,3.1632,3.2064,4.3217,4.1092,6.2429,1.5686,-3.6553
1.5275,1.6882,0.2755,4.0971,0.5321,5.459,5.1965,2.4722
1.9133,4.4859,3.0222,2.2894,3.5767,2.3038,4.3813,-0.1974
2.7436,2.1758,3.5851,0.8234,4.076,4.5063,0.6916,-0.9558
2.2633,2.7687,6.1582,2.8739,2.7441,2.7817,2.2427,0.9257
4.475,6.1993,1.6439,2.2335,5.1373,6.052,6.2813,-2.581
4.3492,2.135,2.4829,3.9168,6.0525,1.1455,1.4668,0.389
1.0404,1.1554,4.9273,4.5294,4.2221,0.6217,1.7194,-0.615
4.1477,3.0188,5.3734,2.7141,5.3232,1.1074,5.0394,1.7602
0.1684,3.4199,0.1715,5.0924,1.1277,4.4118,0.1723,-0.4909
2.3397,3.5662,4.2205,0.7814,5.875,3.2219,5.9999,1.6501
2.62,5.2356,5.5977,2.7015,5.8334,0.5212,0.3534,0.8476
5.327,5.8145,3.1646,1.0154,5.1812,2.4976,4.0336,-1.9301
2.6009,4.0984,6.2704,0.2768,3.7551,3.1852,3.1956,1.9768
3.1121,3.3144,0.5753,5.2125,2.9653,0.0508,3.4508,1.581
4.1227,2.6483,1.928,4.9433,5.1816,2.725,5.2657,0.4324
4.4604,3.2082,3.7608,1.7893,2.919,0.7871,0.9811,-1.8436
4.6237,0.0946,2.8902,2.1879,0.3921,4.9667,1.795,-2.3693
1.1239,1.2907,5.4056,2.3354,0.0599,3.0019,6.1994,1.3152
2.6435,3.8915,1.281,3.4342,6.1745,5.7803,2.6631,0.3649
4.1251,2.5958,5.6291,0.5195,3.7603,0.8818,3.3543,3.162
4.8734,4.2835,4.822,1.1561,2.6562,4.8637,3.2758,0.1206
3.4662,6.1617,3.2484,1.6968,2.7138,4.8986,6.1535,-2.6504
2.5264,4.8585,5.6039,4.9009,3.1564,4.6032,3.1349,-0.3477
1.338,6.0389,1.4083,2.3237,0.5588,2.6793,3.741,1.9278
4.0066,0.7171,4.1161,0.7762,1.0431,1.1289,0.2601,1.7035
0.8959,4.655,4.7538,3.4163,3.4293,1.0002,0.5474,-2.6096
6.0913,1.4681,0.3372,1.2551,2.9106,5.0437,0.2677,-0.6695
1.4722,3.4711,4.512,4.8499,6.1685,2.9023,1.5725,0.6778
5.7112,0.8,4.5628,4.7879,5.7128,3.6772,3.8493,-0.1758
2.4096,5.967,4.4245,1.9523,5.7324,5.5037,5.1505,0.2059
1.0681,2.4115,5.7335,4.8019,5.3204,3.36,5.186,1.3626
2.5179,5.5622,2.1359,6.0963,5.179,1.7143,5.8186,0.7527
4.9028,0.2144,3.5306,1.5255,1.0344,1.5906,4.2105,1.9168
1.7106,1.6711,3.2975,4.8135,3.7817,2.0606,4.1085,1.0349
1.5164,3.6012,0.6445,5.3479,6.1954,2.7209,4.9376,2.5453
4.8795,1.0083,5.531,2.9033,1.0089,1.7436,0.8648,0.3125
3.8994,5.0561,5.3582,5.831,5.0256,5.0947,1.1242,-2.2417
1.3945,2.7364,3.9746,0.9691,5.7923,2.207,4.5138,3.6048
5.3608,5.2248,4.765,0.4671,3.3816,6.087,5.485,-1.0584
3.7555,4.0778,4.097,0.5806,0.5719,4.1477,3.2503,1.2769
2.2904,1.0268,5.5281,5.0027,6.1941,3.389,2.199,2.333
3.1716,5.4874,2.2599,1.7512,5.9972,3.676,5.1279,-0.2758
3.7566,1.746,2.1989,2.6779,2.0151,5.3413,6.0975,-1.1906
5.2787,2.2998,1.3564,3.9871,3.3192,1.6967,5.8895,-1.2557
5.055,3.3514,3.6116,0.2336,2.0922,2.6401,3.0685,0.91
0.5957,5.1054,4.8399,3.3617,3.402,2.1512,3.3769,-0.9435
4.1603,4.2774,0.9589,2.2387,4.9192,1.1069,0.1992,-1.0079
4.8346,0.0857,2.7196,5.3829,0.5086,0.1103,6.0001,-1.5066
4.3878,5.4855,3.774,0.6873,6.1672,1.4898,3.8314,1.5922
0.2131,6.1451,5.963,4.6653,0.1335,4.4714,1.8867,-1.1738
6.1169,1.1239,6.1805,3.3691,4.7724,0.091,4.628,0.2505
1.8406,0.2605,3.9698,5.0347,0.6157,4.5688,2.6554,-0.4571
2.5171,3.8288,1.9041,6.1066,2.8791,1.0337,3.8811,2.1649
5.1034,3.3114,1.1224,0.2432,3.3907,3.5664,0.8829,-2.3913
4.6769,0.2006,3.4723,5.9684,4.7024,2.4653,4.2323,-0.4063
4.9201,4.2255,2.2346,1.6928,5.6707,4.1071,2.8751,-2.381
6.0314,4.3244,4.8022,4.6218,3.6223,5.827,1.8277,-2.8227
3.2839,0.8002,3.3655,1.6389,0.5155,0.4786,3.7207,3.186
1.3983,2.5577,4.5832,5.2289,3.7681,3.8467,4.7413,0.6093
5.3617,2.5458,3.5087,3.0572,0.566,1.8659,3.892,2.3298
5.1088,3.2471,3.6139,3.1558,0.1453,1.8662,1.2263,-0.7749
3.2692,0.0206,0.0043,4.6663,4.1938,5.6889,6.0,-0.7247
6.1651,2.1041,2.276,3.397,4.3273,3.2192,5.0704,-3.3954
3.1082,2.4249,2.2057,3.8639,3.9136,2.2296,6.1527,-0.8041
0.6547,4.6739,1.8404,2.049,3.8355,2.5232,5.0028,-0.7679
2.775,4.6411,2.7914,5.7104,5.7861,2.2935,6.0714,-0.1451
4.4953,2.6495,3.4622,1.3073,6.0286,0.0934,1.1556,-0.2643
5.8403,0.1,1.0868,2.1756,0.0431,6.0829,0.8171,-0.8419
3.3936,0.2137,2.1277,4.0073,4.176,3.6997,1.0434,-3.9336
3.0014,5.3348,3.9849,0.2936,5.5117,3.054,0.5433,0.037
2.0994,4.9399,0.5996,2.0866,1.7929,2.9281,5.0592,1.3384
3.2892,2.2002,1.3074,3.9948,1.8446,2.0056,4.0811,3.0369
5.8273,4.9989,2.004,2.8766,3.1841,1.3659,2.1334,-3.6325
1.6117,5.9816,1.3941,3.5696,1.7269,0.2695,2.5175,0.0008
2.5759,1.0279,1.2038,5.7387,5.0354,3.9876,4.091,2.1521
5.6976,4.3403,2.2558,3.8738,4.5439,1.2884,5.3779,-2.8845
5.4343,4.3212,3.9161,4.9151,5.5014,2.1335,4.2942,-0.2884
5.6981,3.2873,1.2009,3.2689,1.8536,2.0282,3.6462,0.6432
3.0693,5.459,5.9146,0.3716,4.606,6.1323,2.3574,1.0055
6.0829,1.433,2.9555,2.8148,0.5245,2.5454,2.6749,-0.0984
5.2564,2.1816,3.9599,3.1855,0.3889,4.7772,3.8653,-0.0962
4.0375,1.687,1.8175,0.0951,5.0869,2.7145,4.3154,2.2423
0.6018,2.3685,4.0385,2.3197,5.9607,3.7923,5.4086,-0.2572
2.2844,3.1736,2.7139,5.1949,0.5012,0.4016,4.5911,2.4523
1.9008,4.6592,4.1771,5.9501,5.1265,5.1353,4.9141,-0.1935
0.3301,3.9061,6.1131,5.6987,0.2063,4.2799,4.332,1.7905
2.8135,4.9401,1.8038,6.2029,1.9314,2.2338,0.4009,-0.0196
2.2881,5.0696,5.9082,0.9229,1.1057,1.111,2.5867,4.0209
3.7025,1.4243,0.2381,1.5989,3.7252,1.3211,2.6374,2.9365
5.9398,6.1699,1.2217,3.0161,5.9701,1.9593,4.1121,0.0887
4.4456,0.139,3.9986,5.1045,4.178,2.3271,1.6529,-2.6421
0.5654,3.2658,4.747,2.0393,0.5567,5.5307,5.4375,0.4407
5.1521,5.941,5.4065,0.5696,6.2038,4.8364,4.9214,0.0748
3.9778,3.5878,1.1395,1.1507,6.1093,5.8209,1.2787,0.8991
6.0242,5.2773,3.7693,0.4953,2.7964,1.2814,2.7265,-1.0938
2.4316,5.8476,3.7968,5.2905,1.2689,0.0868,5.9442,-0.0239
0.1929,1.7547,0.299,2.7454,4.7037,5.8361,1.9778,-1.1557
2.694,1.6211,0.1147,2.033,4.7579,4.2272,1.9605,1.3582
2.6813,0.7539,0.9869,4.8602,2.9917,5.6912,5.9546,-0.3788
3.4059,6.0169,5.8858,4.8841,3.2859,6.1916,5.0267,0.2315
1.9381,1.5334,1.3202,3.0369,2.0836,5.999,6.179,-0.3444
0.4545,4.045,4.7375,2.6645,1.8929,1.7391,4.944,0.7494
5.4991,6.0671,2.4803,4.4646,3.3869,4.3109,2.2016,-5.4304
1.5121,4.6604,1.1322,2.9312,0.6233,5.7385,0.9113,-1.5388
1.3015,4.6183,2.6008,0.6968,5.9932,1.8386,3.1217,1.6233
0.97,0.2785,0.4539,5.1403,1.4757,5.9083,5.5603,0.7029
4.7136,2.7914,2.185,1.7884,5.7601,3.3365,1.272,-0.7254
5.3093,1.8515,1.3778,5.7988,3.748,1.9797,6.1677,-0.0351
5.2342,6.0382,4.5059,2.1755,5.6596,0.5101,0.2798,-1.3029
0.5593,1.708,5.7978,3.7215,2.1048,5.874,0.3492,-0.5319
0.9435,5.4132,5.3368,1.1117,3.0617,2.2312,5.9955,-0.3038
3.9957,4.3267,5.7993,5.0625,0.4162,1.3381,1.9971,1.5346
3.6267,4.0534,4.9857,1.3531,3.3819,4.0911,4.0726,0.7347
2.8704,3.1164,5.1417,2.6558,4.6591,5.2108,1.0916,-0.5489
5.4724,5.0663,0.3057,4.5631,4.4615,5.961,4.9523,-2.7777
4.3995,2.2757,0.7848,1.9966,1.6044,0.2052,6.101,1.8482
2.0888,0.454,0.6439,5.7607,4.8,2.7312,5.2959,1.5826
3.6398,1.8587,5.1379,1.685,4.5049,1.8609,2.6697,3.6123
3.2433,5.0981,3.1966,1.2437,4.1905,0.4657,2.5385,-0.7002
0.4499,2.1234,2.5758,3.5298,6.2588,1.7862,2.1064,0.3776
0.4584,3.5055,3.084,3.6462,3.9121,3.3429,5.9994,-4.331
1.8669,1.7135,5.0033,5.3113,5.3184,2.3395,1.603,1.5501
0.9974,1.9824,3.749,0.927,4.9658,0.6493,2.8368,1.5154
5.3822,0.936,6.2406,4.4701,2.4931,3.381,5.1653,-0.5356
1.4965,5.4361,3.7395,5.4586,2.5938,2.9349,3.554,-0.9221
3.0262,4.3793,2.0154,3.8555,2.4773,3.6495,1.673,-2.5315
2.9059,3.7154,2.2781,0.2267,5.4827,5.7082,3.5951,1.2582
1.5237,0.9191,4.224,4.9713,0.9985,2.6767,4.9063,2.3017
4.2433,2.6234,5.1084,1.6626,2.1584,5.1612,4.7126,1.1284
1.3146,1.0756,5.2101,1.9896,2.7163,2.829,0.3868,0.5812
5.873,1.3083,5.2724,4.1176,4.7789,5.1494,3.7752,-0.8709
0.9946,0.2237,2.8897,4.7284,0.538,2.1846,5.7674,-0.1154
5.1121,5.5334,3.0941,6.0344,3.9429,2.1803,2.0149,-2.5626
4.5733,2.5581,4.7583,5.624,1.5932,2.2716,3.1191,2.2444
4.8942,5.6018,1.5459,2.7988,0.0602,4.6812,4.5008,-1.5476
0.0119,4.984,2.8488,4.3196,5.7476,1.228,4.6627,-1.7324
2.941,2.0887,5.1343,3.6822,3.5644,6.0074,2.0843,-0.2266
5.0483,5.6951,2.6931,5.8778,1.9309,1.2491,4.9351,-0.156
5.626,0.2206,1.2363,1.5855,5.1624,1.9702,0.8849,-1.1473
5.6404,0.3669,0.7727,6.0408,0.3848,3.9664,2.2394,-0.008
3.1009,1.3594,5.4812,1.3893,0.1415,4.0779,3.5693,4.6049
2.4055,3.8459,3.4699,4.2156,3.0113,0.2243,1.1552,-2.1302
6.108,3.7822,4.1067,3.1184,1.9086,2.8577,2.4913,-2.2028
1.4888,2.0665,4.6043,4.2255,0.5641,6.2019,5.6605,1.4698
0.6547,0.2346,1.8045,1.2923,3.4551,4.7221,3.1267,-1.5444
5.2067,6.2375,3.588,3.0888,5.1047,5.1145,1.0736,-5.4623
4.5421,2.0059,5.481,4.9508,4.445,3.5785,3.0478,-0.5294
3.2299,5.0557,1.4752,3.6459,3.1451,5.4874,1.3754,-3.2011
2.3639,0.7133,2.2882,5.8836,1.0017,0.8138,1.2653,1.6568
0.2648,5.5148,5.8124,3.1231,4.0562,0.3038,4.8768,-1.6522
5.2563,1.1314,5.9321,0.7243,2.7154,3.2992,1.4883,-0.3904
2.3546,4.3373,0.5095,1.5888,1.1951,1.4384,4.1779,4.1799
6.1105,5.947,1.409,2.2627,3.4658,4.6788,0.8156,-5.0894
2.4749,5.4252,3.2942,2.0128,4.7643,2.5329,4.3347,-0.2683
4.5471,6.1156,2.5591,3.3498,2.7277,2.7717,4.1367,-3.2796
2.141,3.8443,1.9525,3.9798,4.7821,0.9477,6.028,-1.1085
3.4756,4.2374,3.7322,0.7546,2.1509,6.0967,6.0531,-0.5021
6.1649,2.0738,4.4301,0.0594,5.8956,0.3756,5.8239,1.6423
3.4008,2.9113,4.8228,3.472,0.9161,2.1375,4.5182,3.2586
3.0691,1.8643,1.7867,5.5019,1.3462,1.7301,1.2443,2.616
4.4999,4.8922,1.9587,4.4247,1.2753,3.3588,5.4518,-1.64
3.3713,5.7754,0.3129,2.7057,5.3531,5.2539,3.6064,0.5076
4.557,4.6612,2.054,3.7211,5.0058,4.2748,4.0859,-3.3408
2.0746,4.718,1.1574,0.7079,2.9755,5.7818,1.0621,-1.3526
1.1424,1.444,0.4338,4.0406,0.7951,5.8057,0.7672,0.419
6.0542,3.2667,1.3516,1.323,4.7141,2.3473,2.6817,0.6988
5.5148,0.2255,1.1643,0.8997,5.4335,1.5517,2.142,1.2399
0.6407,6.2177,5.294,2.4881,0.0906,4.8085,2.2616,-0.4011
4.467,3.4283,3.994,1.076,3.5947,5.8106,3.0721,-0.2431
4.9341,3.9466,0.4436,4.073,3.4458,2.9716,0.699,-2.937
0.9932,1.9732,5.6681,1.4544,4.4715,4.8475,2.3375,0.4438
0.9823,0.8026,4.8317,1.1591,6.0435,0.3311,3.1065,3.4716
0.2684,4.7449,2.7979,0.6096,4.5435,4.5099,4.8349,-2.4722
1.2501,1.3679,3.7683,2.5842,1.1747,3.4984,2.648,0.9475
2.2906,3.9353,1.4183,3.1061,3.9619,2.8203,1.402,-1.8355
3.902,3.4514,0.3177,5.3923,2.8246,5.8709,3.504,1.9538
2.7701,1.2225,3.6996,1.5839,2.4115,1.1621,3.0872,2.872
1.8909,0.1647,3.4219,0.1289,1.715,2.8222,1.9608,0.1494
1.6993,4.2504,1.1322,2.0058,4.1021,0.028,1.4615,-1.1883
3.7096,4.3063,3.7608,2.3835,0.2033,0.325,4.5145,0.9592
3.1372,4.6901,4.1853,2.8701,1.1238,3.1907,0.7198,-1.7542
6.1087,4.9218,0.7728,4.2962,0.5039,4.4896,2.6621,-1.9789
3.4279,5.6535,5.584,5.5432,4.803,2.4248,0.0133,-0.2578
5.2108,3.1638,0.6415,4.0766,0.4053,4.0734,4.4395,0.4417
4.8629,1.3033,4.8881,1.0572,1.0862,4.5233,4.0829,2.0617
6.0533,2.9353,3.9901,0.1504,2.6805,5.7788,1.7438,-1.0878
3.6939,1.3436,0.6019,1.3993,6.0333,5.3031,1.7243,1.7446
3.1539,0.9666,5.4781,6.0491,2.2948,4.7711,3.8819,2.3693
5.0205,2.1546,5.0681,0.3704,5.5985,1.5539,5.4112,2.8121
5.9223,1.3145,1.2995,4.0748,3.2948,0.5821,0.1768,-2.2447
4.5898,4.8939,0.4845,2.9029,0.2244,1.4667,1.8613,-0.2703
1.2713,1.2525,3.8271,3.5932,0.4571,4.4335,1.4129,-1.6247
1.9772,3.8402,2.0897,0.5772,0.4474,4.1495,5.5369,1.1316
4.869,5.2265,4.4024,2.5879,4.8503,2.8234,1.364,-2.4429
5.5401,0.2733,5.6318,0.966,5.6852,5.6723,4.2123,1.4379
6.0289,0.3612,0.6915,3.5311,2.5587,5.3571,4.1332,-1.3598
5.2719,5.7701,2.3057,4.2447,5.0959,5.5444,0.9173,-4.8662
0.9763,1.901,0.1424,4.9504,4.294,5.0815,5.1116,0.2813
3.3875,2.0729,1.9224,2.7254,2.085,0.5191,6.063,0.7577
0.2849,1.9865,2.6198,4.4477,2.1796,2.1664,1.9911,-0.9079
0.6677,3.5431,0.939,2.4524,4.0088,3.4317,2.4056,-1.5436
1.421,2.3834,0.9915,2.7417,1.8456,5.5109,4.0749,1.8463
0.7821,4.2536,0.7143,3.0314,3.2241,0.075,0.0064,-1.8906
0.4058,3.754,0.2757,4.379,0.318,2.3777,4.0836,2.3504
2.7414,0.1418,5.3288,2.5028,4.2133,1.566,1.4059,0.334
3.9831,4.385,3.6107,0.6757,0.4622,1.8393,0.2761,1.145
1.599,1.5525,2.1431,1.9351,5.5198,4.9047,2.3974,0.0225
3.479,3.8223,2.6196,1.5044,6.1636,1.4599,4.5193,2.937
0.5733,4.3668,2.3564,5.7628,4.317,5.2151,3.4315,-2.4659
0.8868,4.0749,5.5266,5.282,1.8561,4.451,5.5027,-0.1703
1.384,6.2164,3.3318,5.0596,3.1751,4.5815,2.3502,-3.5788
5.0438,5.4268,6.0996,5.3947,0.0652,1.8278,0.8443,-0.3442
2.5866,4.0031,1.8602,3.2886,0.7881,5.7311,4.6648,0.4187
6.2369,1.9343,4.316,2.9298,4.6531,1.3185,2.2675,-0.3498
0.975,3.2112,6.234,2.958,4.9506,4.3152,1.1172,-1.4143
2.8822,0.1013,1.1101,2.0775,2.4917,5.9186,5.9271,0.2609
2.533,0.4762,5.5312,1.1276,4.7376,0.5209,4.9029,4.193
3.6205,3.1015,3.5516,0.8784,5.0874,1.2176,3.4991,3.2381
3.1093,5.5002,4.4862,2.4913,5.5076,3.1758,0.0943,-1.2956
1.9136,2.3322,2.2731,0.3663,1.7154,0.6526,0.1747,1.9906
5.3909,6.0852,5.4724,5.7385,5.5268,6.2248,2.6456,0.1741
3.2486,2.79,1.766,5.5744,1.1272,2.2037,6.16,2.8646
0.3062,2.9332,3.6218,5.938,0.7689,0.7335,1.7423,0.8898
2.5519,0.8653,2.1736,1.421,3.4685,1.369,4.0639,2.5037
5.316,2.2294,3.9663,4.0491,5.0225,2.4838,4.39,-0.2334
6.1777,0.9463,0.9097,5.1582,3.0439,1.2193,6.2238,-0.7097
5.7095,0.8924,0.199,5.2248,1.7208,5.5255,5.2338,0.1953
2.825,0.2553,4.0006,1.4076,4.9112,0.425,0.9748,0.476
4.308,1.3992,4.7005,0.5733,6.0102,0.6117,0.3678,2.0128
3.7593,4.9464,0.5391,1.9114,3.9767,5.2298,0.1724,-2.9195
6.2372,6.0284,2.3633,3.6761,5.8843,2.1482,5.1863,-2.1011
1.2652,3.2126,5.2183,0.8577,2.8547,5.0203,5.2005,0.8248
2.0342,1.3336,0.922,5.3568,3.1714,4.2254,4.2474,1.077
3.1469,1.3438,4.9144,6.1849,4.6789,3.709,3.3376,1.9213
1.4169,1.3679,5.6004,4.7701,0.3721,4.669,3.3646,1.3251
4.5048,5.7612,5.9246,5.5259,0.0631,4.1869,1.7948,-0.8423
4.4863,4.9411,4.8504,6.2391,4.0141,6.2698,1.0755,-2.127
3.278,0.8556,2.2374,5.4676,0.8362,1.5542,1.9832,1.6122
0.6454,0.174,2.3094,5.3211,3.1606,3.6716,1.1779,-3.1909
5.5081,6.1839,0.0611,5.8008,4.4698,2.5438,6.2033,-1.7319
5.2244,0.3874,2.1253,3.5954,6.0215,1.9209,3.8712,0.3544
0.3649,1.6453,2.1947,0.8966,5.0487,0.3225,0.6165,-0.2028
1.2093,3.6345,0.1524,4.8562,3.3443,6.1419,5.7545,0.0381
5.0926,0.8421,0.1179,2.2673,1.7992,0.8135,2.065,0.8057
4.6501,2.0284,0.2133,5.1922,3.2512,6.1325,5.3497,0.2605
5.4734,4.3841,5.5401,3.3057,5.4161,2.7009,3.637,0.1628
3.8701,0.986,0.8169,0.5092,3.3833,2.8971,1.5154,0.118
4.4498,2.8892,3.069,5.7706,4.2345,1.6027,4.35,0.5018
1.8506,4.1211,3.022,1.3175,0.4503,3.6684,5.7412,0.1626
3.3517,0.3785,4.6752,1.8023,6.0992,2.5907,3.9832,3.3799
4.9429,5.3989,5.6676,0.245,0.3872,5.6966,0.7724,0.0397
1.9,1.3702,1.4796,3.9372,0.4261,5.5884,3.5753,1.9468
2.8724,1.1655,0.3343,1.6219,2.435,0.8577,5.303,3.3803
4.4756,3.4061,3.8487,1.8489,1.5566,4.6956,3.0663,-0.3126
5.2403,0.8247,0.7621,2.4169,4.4673,2.9462,0.645,-2.1346
5.9967,1.6841,0.041,2.1652,0.4265,3.8809,2.435,0.8402
1.5869,2.5111,4.0214,4.2829,0.631,4.2831,0.1901,-0.0836
3.0918,1.5886,4.9881,3.0939,2.1656,0.6646,4.4821,3.235
3.7146,1.7414,2.6033,4.1474,1.4801,3.5678,2.8571,-0.0408
5.2965,1.3043,4.5944,1.6612,5.9307,6.0429,1.6327,0.9164
0.9375,5.3067,0.9133,4.1867,1.5296,2.4322,4.5519,0.8857
0.9706,2.7438,3.8788,0.0301,3.8522,4.2334,0.6259,-1.5713
2.092,1.046,5.5536,4.3597,3.6335,1.5424,5.038,1.8666
4.5456,5.1537,4.1982,1.9095,6.2712,5.1704,5.0281,-0.9784
2.5677,2.5987,3.0401,5.9134,3.2501,4.2429,0.1403,-1.0006
5.6401,1.9232,4.0986,5.8663,1.8995,2.3982,5.857,0.13
3.8169,2.2589,2.1369,3.5002,3.5166,4.3563,0.5448,-3.3628
5.8823,2.5753,6.1711,4.8693,3.4152,4.8634,4.1493,-0.4352
3.8076,1.3273,1.8574,3.0404,6.2823,2.8278,2.2562,1.209
4.1104,2.3176,4.2594,2.2098,4.008,1.6154,4.6117,2.0333
3.2153,1.7036,4.9779,5.0361,0.5422,3.0664,0.7417,2.2217
3.5033,2.1746,0.6363,5.6597,1.1741,3.4081,5.6363,3.3043
2.9377,1.4102,4.1648,2.4887,0.6853,4.8475,0.4279,-0.382
5.385,4.6345,4.372,2.5691,1.9815,1.4967,0.8453,-2.1979
4.9428,0.5408,2.9465,6.2,2.1179,3.4164,4.6923,-0.5869
3.6384,5.2631,2.6069,5.5484,2.2523,4.7533,2.3047,-2.2209
5.5864,1.9181,0.1273,2.3896,3.8404,2.072,3.5384,1.3392
2.6852,5.304,0.7724,0.0301,3.8943,0.3281,3.399,1.2729
1.7039,4.5832,5.7845,1.3729,5.6879,3.8717,5.3877,0.9848
2.6518,0.2078,0.603,0.1397,3.5316,3.1818,0.949,0.6735
3.6493,5.641,0.6905,0.5051,1.4631,5.5725,1.8478,0.8256
0.9192,1.1798,4.7139,6.228,0.0177,1.2476,0.3125,2.6142
2.1814,1.4373,0.4159,3.126,0.5068,2.3483,3.9821,3.8353
1.9473,4.5583,5.2356,3.3682,2.7551,3.3395,2.7337,-1.3524
5.8076,2.2612,5.2745,1.0241,1.6008,4.4213,5.5665,1.0971
5.5208,4.7623,5.8897,3.998,4.0399,0.6155,0.7181,-3.6306
3.7858,5.0217,5.9688,3.6117,3.5121,4.1461,0.3347,-3.2607
3.8099,0.6212,3.845,1.5486,3.9816,4.2515,2.6241,-1.0068
0.0874,4.6288,5.6828,0.0245,5.1907,1.969,5.0844,1.7213
4.9116,0.8217,4.1808,0.9594,4.3102,4.8632,5.6089,-2.336
4.0245,1.6986,5.4505,5.0917,2.7284,5.9915,0.4476,0.1334
4.6607,5.1891,1.9728,1.2576,3.7905,1.8338,4.5311,0.0658
0.3697,0.6419,5.8461,4.6406,5.3096,3.4084,2.5907,-0.261
0.8767,0.7672,5.6891,6.1767,5.1526,2.8729,2.9498,2.5195
1.6812,3.9931,0.5896,0.6296,2.598,0.5686,2.7675,2.0595
6.2576,1.4669,2.4749,2.068,3.1974,4.302,0.2443,-3.2048
4.3319,3.6701,4.4351,4.3407,5.1402,3.1589,5.2082,-1.502
4.9167,3.5191,3.8068,1.5792,0.7966,2.2612,1.319,-0.2596
3.4632,3.1828,0.8169,4.3409,5.757,2.6689,5.5853,0.9652
5.7247,0.4279,4.3084,5.4677,5.5529,4.1624,6.0959,-2.5712
4.3676,3.034,0.9241,5.4951,5.6319,1.3127,5.8948,2.2049
1.1832,2.8938,0.9474,1.6008,3.1911,6.092,5.098,1.3471
3.1865,1.4862,1.4654,6.2293,4.1764,5.1476,2.9873,1.8742
0.5658,2.5123,4.6892,0.2487,5.1309,5.8217,1.8158,0.3618
3.1804,5.7518,4.2125,1.4175,4.4444,4.3562,5.4528,-0.7363
4.7771,1.3451,6.0068,4.4313,1.6272,2.5011,0.6112,0.1215
4.6708,4.2874,3.3662,0.7916,2.681,3.028,5.2894,-1.0854
2.4104,0.0913,3.5622,4.462,0.9788,4.7168,0.8675,-1.5998
4.4964,1.6428,0.9104,1.3494,0.1581,1.7439,2.7435,3.7183
0.5523,3.8048,2.2972,1.8553,3.8874,3.6846,4.7777,-1.6089
2.4931,5.3578,3.2094,5.0748,3.7028,1.588,0.0418,-1.8008
0.7876,5.4611,4.0802,5.3746,0.0228,3.2311,4.5231,-0.2006
5.2743,5.4027,2.7182,5.5161,4.6053,1.4957,4.1526,-1.0508
5.4975,4.0043,2.387,3.6391,5.698,3.4692,0.8018,-4.1999
4.6964,1.4133,5.7649,0.9349,0.0992,0.4646,2.1037,3.1343
3.1967,2.8568,0.6397,4.357,4.6315,4.9877,3.7123,0.2742
4.0463,0.5832,5.3155,3.0408,2.7661,3.3329,3.9913,-0.3831
4.2978,5.4641,3.9568,0.5153,6.1918,3.9525,2.026,-1.6818
4.0671,4.0283,0.4816,3.5937,3.4681,2.0461,4.0074,0.2798
5.8764,4.7344,1.1095,3.5961,0.3617,5.3007,0.6716,-2.7761
4.9257,0.087,3.0878,2.0032,6.1671,1.4468,4.5818,0.7733
3.1141,4.131,3.682,0.6801,3.272,4.1817,5.2137,-1.218
0.2569,0.6237,4.9511,2.3841,5.7546,2.0904,3.8804,2.1056
6.0991,5.5604,4.3719,4.5231,3.5475,2.7131,0.9135,-4.0337
5.0443,0.416,4.9559,0.7003,3.6617,0.8492,4.6288,0.9007
3.2536,0.884,2.6391,1.6452,4.7596,6.0309,3.6088,1.5428
3.9669,0.4354,3.5877,1.4578,5.0344,1.0979,4.2322,0.9603
2.6379,0.1487,5.9768,4.1955,2.1529,4.1981,1.1994,-0.3698
6.0131,1.2832,0.3896,2.3283,4.9926,5.1147,4.2613,-0.0505
6.0895,1.8871,2.7721,1.9699,2.7451,5.1606,5.4834,-1.7197
2.7165,1.8819,1.5821,5.2122,1.8744,0.4764,5.9241,1.8497
5.5909,5.906,0.2438,5.7448,3.2064,4.9604,3.4226,-1.065
2.0428,1.9906,1.5208,1.6554,5.3614,4.134,3.0195,1.9019
5.3894,2.7946,4.9639,5.527,5.1944,4.1142,0.496,-1.1824
1.5991,0.1555,0.323,0.0724,0.0976,0.7555,1.1993,2.3539
2.0555,4.0501,4.7977,3.7475,6.0731,4.2852,2.8363,0.3919
2.3482,3.0817,3.9876,4.7683,3.7688,5.8966,5.4853,-1.2189
0.3509,5.3644,6.0748,4.3283,5.8535,2.2832,4.816,0.3999
3.4115,1.788,3.6979,1.2907,4.2184,6.2758,4.6486,1.9965
1.8485,2.6066,1.4637,2.3227,0.4448,1.3459,5.3165,3.8725
0.3676,3.3122,4.7443,1.8253,5.591,0.1394,3.0589,1.4257
4.6472,5.6201,0.2209,3.0863,1.9975,5.5926,3.1012,-0.5835
5.1302,3.6651,5.6022,2.454,1.8093,0.1839,2.4342,0.7344
1.8721,1.3657,1.1699,0.9156,4.1961,1.4353,4.7783,3.714
4.4257,4.196,5.8964,6.0747,1.063,4.8025,3.9986,1.9184
5.8988,0.5756,1.6368,4.0487,6.0844,5.6627,3.129,-0.9951
4.0018,0.2261,2.1866,2.0676,5.4241,3.5288,1.4262,-1.4777
5.7825,6.0759,4.8353,0.6801,3.62,1.56,5.3383,-0.594
5.155,6.2159,3.5705,4.6389,2.7668,3.394,2.8836,-3.659
2.4095,3.1915,1.8432,2.8122,0.7568,1.9285,4.5336,3.049
4.6412,4.405,5.6766,5.0748,4.413,1.7094,3.6853,0.8749
0.2954,1.9564,0.8186,2.9687,1.2367,1.7766,1.5554,1.1289
1.4187,5.2025,6.1097,1.2549,0.2337,3.7466,3.6445,1.9024
5.935,4.794,4.1187,2.4885,0.6008,3.412,5.8536,-2.7499
1.8123,5.7989,1.4676,1.3581,6.1976,1.3786,3.2598,3.302
1.938,6.2339,3.4821,4.7317,2.9572,5.5836,5.178,-2.0945
6.0591,5.0707,3.0671,3.1463,2.3862,3.5893,2.8945,-3.9507
0.5269,2.854,0.6225,1.1793,5.839,2.8289,3.5625,3.7905
2.2061,3.2333,5.9636,2.7448,0.9615,5.2746,2.9817,1.5904
4.8452,4.307,1.8009,6.1382,2.0619,5.8959,6.2267,-1.9388
0.3542,5.4737,5.8153,3.9825,4.7798,1.4756,1.4189,-1.4185
2.099,1.8386,6.1974,0.7532,1.2841,1.0253,2.9367,5.7592
0.5875,3.6771,0.3341,6.1868,5.6166,2.5979,3.3116,2.9595
2.3993,0.8142,1.8678,6.0796,3.9762,5.1029,5.9269,-0.8624
4.209,6.1389,4.1976,4.5852,1.2784,1.0829,5.9995,-1.224
3.2049,5.9486,0.0668,3.7778,3.1369,5.4726,2.7642,-1.2328
2.7166,0.2266,5.366,3.7551,1.3814,5.3181,2.958,1.2967
