feature_1,feature_2,feature_3,feature_4,feature_5,target
3.1077,1.4331,1.6052,2.4902,2.3707,3.4472
6.2617,2.5648,4.85,4.7786,1.9478,-0.8778
2.1774,2.2102,0.914,6.1114,5.7125,1.7416
3.5183,1.9703,5.5807,4.2385,2.4573,0.0735
3.1867,3.293,5.8308,3.59,4.1993,-1.2069
0.3284,2.055,0.3544,1.1299,5.8178,2.4388
5.8937,4.4868,4.6036,2.9012,5.8517,-2.3976
2.5536,4.2927,4.0835,3.7622,1.3951,-0.9568
4.2874,5.517,5.0059,2.7144,5.7672,-2.6237
4.9124,4.56,0.7845,5.7573,2.4361,-1.2667
1.8531,3.875,2.9396,1.6043,5.2716,1.144
1.1223,1.427,4.1461,3.0104,0.4615,1.3126
0.8731,0.7056,3.002,3.3948,6.0197,1.2508
3.6681,3.3091,5.7947,5.7759,1.5834,-0.2836
4.2891,6.0587,1.426,4.4989,5.0125,-2.489
5.8858,5.3641,2.6487,0.0342,0.2191,-0.7151
0.0874,3.7002,2.4064,0.7214,5.4315,0.2217
5.1626,4.6338,5.28,2.5229,4.7037,-2.936
3.5163,3.8531,1.873,3.7849,2.6746,-0.0393
3.3838,3.0582,3.1409,5.7646,1.6517,0.3291
0.3123,2.9072,2.5649,3.0602,0.4431,1.9281
3.6575,6.2016,1.3137,1.3344,6.039,1.3602
4.4419,3.7257,2.393,4.0133,3.1569,-1.454
0.5642,1.8672,5.2034,1.1024,5.6831,1.433
3.6965,0.1039,2.3249,0.2647,0.7997,1.2236
1.1264,1.0459,5.5524,5.6923,1.4791,1.6639
2.5589,2.9604,5.2165,1.8347,1.0922,1.3721
2.8786,5.6701,3.7381,2.5925,2.5488,0.2239
1.9383,1.9973,2.6081,4.0097,4.9968,0.1045
0.2327,4.6153,4.8542,1.5358,6.1894,-0.7707
4.2412,5.6094,1.5272,0.3248,4.4594,-1.5977
6.0147,0.1435,5.7374,4.5759,6.003,-1.7649
1.7162,1.0719,2.027,1.7419,3.0825,4.2935
0.8213,4.6381,0.8817,3.5855,3.3511,-0.3268
1.4673,2.9964,2.9201,5.0644,0.1168,0.6451
4.4788,1.577,4.1502,3.9989,0.3581,-0.864
4.517,2.1358,3.4535,4.6767,1.1216,-0.1057
1.5752,0.8412,0.9473,5.9001,6.1038,2.1973
0.8957,1.2307,0.6308,0.514,4.8278,1.7214
1.3217,2.9039,0.5279,2.0829,6.2098,2.8427
5.6566,5.437,2.4144,4.4019,0.2333,-1.5945
3.1499,0.7156,4.6099,2.7446,2.0545,1.8084
4.7218,1.6532,3.0481,0.0412,0.0331,0.082
3.5667,2.2178,2.3566,2.294,1.9417,2.6076
1.0738,6.152,4.8699,6.1082,3.3016,-0.2048
1.4983,3.0482,3.7023,3.1446,2.6997,1.1238
1.5761,0.3608,4.0424,1.5802,1.2033,3.3333
3.2088,2.3922,5.7612,0.3281,2.3722,1.319
3.1273,3.6401,5.074,5.6078,2.9666,-1.9857
0.6201,4.5707,3.0728,4.4136,2.2453,-0.5141
1.2175,2.1207,3.4338,6.025,5.7552,0.4545
4.4403,5.4396,1.4337,5.0371,4.6441,-2.8575
1.2232,0.9258,2.3077,2.2017,0.6964,3.8816
1.0683,4.1338,5.9472,1.6052,0.6874,1.3454
4.9328,3.0714,3.8454,5.6439,2.4578,-1.3095
0.6797,1.9898,0.1272,3.7273,3.6726,0.6957
4.3414,4.2111,1.4781,3.6799,1.2385,-0.7469
4.1122,4.0746,1.2627,0.1475,4.8969,-1.9509
0.0828,4.0145,4.7442,4.0362,5.3515,-2.6719
3.9695,1.9061,2.599,1.0555,5.0755,0.7874
2.739,2.4858,3.5611,4.88,5.9335,-0.3003
2.0598,1.4539,4.448,5.3598,0.1506,0.2806
1.5612,2.4697,1.4156,2.8578,5.2308,1.2661
3.8547,0.6398,2.5824,5.6975,1.6286,0.8837
0.8765,1.5063,5.6853,2.1119,1.0144,3.2858
1.8817,3.565,2.728,3.8512,3.4294,-0.4794
4.4216,5.1283,5.4388,1.6736,5.3649,-2.8873
1.6948,1.6884,5.7432,2.9208,3.8044,1.4705
2.0361,5.3683,6.172,4.9791,2.1831,-0.4254
1.2238,5.063,1.386,4.6043,4.9723,-0.6593
0.3432,1.502,1.8459,0.9843,3.5596,3.0377
2.2546,2.0209,5.4521,1.9242,3.1772,1.3448
0.4095,0.3176,3.7292,1.3405,2.0838,2.4065
1.2959,1.949,5.9615,5.295,4.3698,-0.336
3.6989,5.2801,3.2538,5.4612,4.5261,-2.6894
1.1386,4.6263,4.0933,2.7999,2.1956,0.1189
4.222,1.5906,2.184,2.4479,4.4229,0.8868
3.243,5.815,5.7944,2.2036,3.6827,-0.7677
5.9579,3.6916,5.1251,0.8603,3.3152,-1.2398
4.4793,4.4135,1.1807,0.4177,5.5988,-1.0222
1.6511,5.8297,2.1133,1.612,2.5924,3.3762
4.8317,0.8503,3.6702,5.4565,1.5901,-1.157
0.414,2.7669,1.9715,2.6783,1.5376,2.9846
0.6002,1.5172,2.1295,3.5194,4.6862,0.7217
5.9927,4.7486,2.7251,0.3718,5.8104,-0.9369
2.5498,0.6686,3.7661,1.8149,0.5055,1.7113
5.2029,3.4944,0.8439,1.4265,4.2605,-0.4143
4.9261,1.3609,2.4454,3.9729,0.3955,0.2194
2.739,4.247,4.4915,0.9896,0.6396,0.394
4.2937,3.6434,0.2607,2.4024,3.8189,-0.7225
4.0745,0.2033,1.7002,0.3456,2.8512,0.6496
5.6167,3.1714,5.3924,2.4819,3.9648,-1.4488
0.4809,2.1001,0.2522,3.7708,3.6101,0.9066
5.6028,3.0305,0.5606,5.7786,1.4131,0.4939
4.5131,5.1329,4.3778,5.6054,1.4023,-2.6202
1.3487,1.9159,1.6871,5.4112,2.4427,2.8294
2.4728,2.3115,6.008,0.4509,1.4822,2.506
0.1425,5.5101,3.4858,1.016,2.6929,0.7199
3.2243,2.7012,0.0149,6.0966,6.1666,-0.022
2.841,3.7333,0.1764,3.9667,5.3361,-1.8287
5.3415,6.0096,1.5545,5.6615,5.4804,-1.4285
3.958,1.8725,2.8563,4.3332,5.9365,-0.7273
6.1741,1.5097,3.98,2.0272,2.1594,1.4931
3.0698,4.9317,0.2249,2.6288,1.1863,0.4375
2.2344,5.6468,6.0661,2.7332,5.0363,-0.1408
4.8263,1.1508,0.1429,3.9493,2.3175,0.0252
0.1009,4.3463,3.6584,1.4018,5.0271,-1.964
0.7308,2.9953,2.5955,2.129,2.7109,2.7036
6.2654,5.6722,1.6117,5.9858,2.0816,1.1612
0.2056,2.7895,0.5934,6.1919,1.1626,1.5605
2.2925,3.0082,3.3306,1.2579,5.1164,0.4101
1.817,2.2431,5.3956,0.8285,1.2246,2.2915
0.9865,3.9734,0.6761,2.4473,4.4471,0.5805
5.4906,2.4618,2.3348,3.3217,0.2275,0.7497
5.605,4.7059,5.6387,5.6339,4.5373,-4.0143
1.2842,4.2573,5.9062,5.7961,1.9446,0.477
1.2697,1.9738,1.5784,3.6353,0.0116,2.5672
1.3102,4.5542,4.4626,3.4857,4.4518,-3.2579
2.9442,6.1778,0.3061,3.8597,4.2417,-1.3587
3.8135,4.7647,0.7386,1.3872,2.513,0.268
0.103,1.7115,1.9222,2.4004,5.1525,1.9129
5.846,1.3036,4.5857,6.167,3.1264,-1.0031
0.2359,3.4388,0.1985,5.8894,2.2407,0.0586
0.0339,5.0869,1.0878,4.1237,4.9062,-2.3533
1.3426,1.7812,5.6888,5.2463,1.8827,1.3559
4.1403,5.3709,0.4168,0.6182,1.6047,0.2136
4.6557,5.0222,4.1237,0.0128,0.3762,-1.9603
5.2819,3.4497,2.202,4.3522,4.2924,-1.7931
2.1372,4.0932,3.1241,5.8594,4.867,-1.2659
0.486,0.1219,4.1301,3.0345,3.4037,-0.2146
6.1731,3.2826,3.3878,5.9504,0.9625,0.3975
1.7603,3.9266,1.9099,5.2511,1.8391,0.843
5.3599,3.8961,5.4772,5.3245,0.707,-2.6454
4.9304,0.1241,3.6874,4.6021,4.6017,-3.1532
6.0785,3.7004,3.3029,2.5237,3.1125,0.02
5.6756,2.7706,3.1938,1.6327,1.0925,2.0909
1.8418,5.4712,5.9822,1.7785,2.6998,1.4717
5.5264,3.2377,3.8899,3.5894,4.5473,-2.789
4.1783,2.5831,4.8267,3.7371,4.4519,-2.4543
6.21,0.0301,2.0717,2.7577,3.0348,0.9678
0.6825,3.0622,4.9343,3.7778,3.1202,-0.8222
3.7992,2.0263,2.993,1.7325,0.6873,2.3373
2.1166,5.2035,2.2898,3.3327,6.0517,0.3341
3.2293,0.5869,5.9469,3.2305,1.539,0.6168
1.0971,0.1338,1.4297,4.0285,2.1639,1.7488
6.2123,2.625,5.0817,0.183,2.5489,-0.1376
4.7236,0.8236,2.6451,1.9834,1.3924,1.9912
5.5485,1.1881,6.281,0.2033,4.2981,0.3727
0.7371,3.4446,3.6563,1.5435,1.0311,1.7539
3.9012,5.7661,2.0783,0.5526,4.5816,-0.8039
1.1425,2.3502,5.3478,4.8177,3.8865,-0.8761
3.9228,0.521,4.653,2.9573,2.0545,-0.06
2.9244,0.2219,0.7225,3.3966,2.3229,0.7867
4.3476,1.5159,2.5153,4.167,4.1226,-1.4844
1.0635,5.9938,1.6295,4.052,3.4597,0.4296
5.7142,5.4141,3.6488,4.3861,1.3344,-2.004
1.1507,5.8046,4.0481,5.4279,2.6729,-0.2672
2.6738,0.043,3.106,2.1406,4.2451,0.3969
0.5561,2.2156,1.7009,0.7882,6.1445,3.2752
1.5395,1.0315,1.3877,1.4113,0.6421,3.9745
1.6196,1.8626,3.6867,4.3533,0.3642,0.6318
4.7976,3.0843,5.1794,2.5549,1.8423,-0.3114
0.6029,3.7539,1.3149,3.7165,1.8148,1.5754
1.0431,5.633,4.2282,4.76,2.1916,-0.3846
3.1537,2.9882,5.1014,3.2568,0.8973,-0.5316
1.6151,2.6235,0.9684,5.3972,1.0666,2.674
3.4867,5.3948,3.3961,0.8979,4.765,-1.6728
1.3233,1.3423,0.4454,5.913,4.6959,1.4231
1.1891,5.9884,3.0304,4.0665,5.9048,-0.6119
0.3752,5.0014,5.9204,1.9652,6.1973,-0.0207
0.4238,0.6129,0.5363,5.4363,1.2567,2.1651
3.2887,5.9441,0.6753,5.275,4.4895,-2.0767
5.8723,0.702,1.938,5.0062,3.7333,-0.1799
1.0799,4.157,0.1355,0.9277,4.8335,-0.0704
2.575,4.0184,5.1919,3.4667,5.9417,-1.4532
3.9248,5.426,4.4776,2.2782,6.0865,-1.7775
3.061,4.0053,1.3697,2.6062,4.1578,-0.0134
1.7236,4.1099,1.7359,3.7308,4.3237,-1.039
3.611,4.5359,0.2218,3.1347,5.4687,-1.5499
3.7368,5.8139,0.8148,0.6779,2.8256,0.5719
0.6453,3.8612,1.1327,6.1884,4.1337,-0.3698
4.1301,2.9588,3.3584,3.3704,5.4515,-1.5005
3.0904,4.2878,0.7448,4.1965,5.6653,-1.3744
5.8367,5.4881,5.6959,3.6653,5.1587,-2.7253
4.7894,5.208,4.2465,2.2906,3.8175,-2.4766
1.5592,0.2277,0.1052,1.796,0.8688,3.2572
0.8474,0.2282,0.8422,1.7928,5.1598,1.8406
0.5041,0.2512,1.866,4.3413,2.7131,1.007
5.6719,1.7621,4.1459,3.1532,4.7339,-1.6071
3.8101,3.6116,4.137,5.0473,4.8819,-3.2619
1.1838,2.3643,3.518,0.0724,2.8956,1.3599
1.9402,5.7985,0.3658,5.8226,0.2987,0.9643
0.4343,0.0387,5.0051,0.0989,3.5079,-0.9292
0.2936,0.0954,0.7998,3.4643,5.9239,0.3763
5.2432,0.5066,4.4619,1.2199,2.3044,0.6954
1.252,1.8736,1.9605,1.9465,0.8434,4.3472
0.7268,5.7425,4.369,5.261,5.1556,-2.6792
0.0957,3.8254,1.2343,4.9327,3.4193,-0.9734
2.1647,1.6039,5.4556,5.4678,5.4035,0.1136
5.694,3.2854,3.7088,6.1014,2.4818,-1.3188
5.5321,4.0974,1.7463,2.0086,0.1943,0.761
5.246,4.1527,1.0917,3.6522,1.1925,-0.8478
4.3237,5.1929,0.208,5.8513,4.0854,-2.9525
2.5527,3.9533,5.4751,2.4486,6.0612,-0.9022
5.4573,3.0052,3.285,1.0138,4.013,-0.6869
2.9985,4.8644,1.3472,5.477,5.9896,-1.3168
5.6101,2.5107,4.2441,2.6237,2.2463,0.312
1.3141,4.5282,0.1367,5.2466,3.509,-1.0096
4.6996,2.3669,3.9795,4.9253,3.8018,-2.229
2.5882,0.375,4.9655,2.4599,2.2635,1.625
3.982,2.9623,1.8499,1.3529,4.5961,0.3912
4.1805,3.4915,0.5095,4.4627,6.2656,-1.7503
2.8514,3.0317,4.2611,0.0504,5.5244,-0.9705
1.9903,3.2606,3.4183,4.0295,2.3458,0.7844
2.224,4.2851,1.9617,0.607,4.1942,0.0817
0.5208,5.1843,5.443,0.4256,4.0216,-1.7303
6.0446,0.782,2.5347,3.1458,4.7174,0.0478
2.0413,5.9741,6.2103,0.6416,5.3638,0.0415
0.1722,1.5726,3.4014,3.3726,5.5869,-0.1997
0.7684,0.9438,2.8262,3.207,1.8976,3.0516
2.5344,4.4572,2.0285,5.1539,1.4874,0.6623
4.3562,2.8712,3.9006,4.9081,0.2151,-2.046
4.5152,3.4264,1.9039,5.301,2.4181,-0.263
0.3129,2.4909,5.7889,1.2801,0.0181,1.628
3.745,2.311,3.09,0.0581,3.0369,0.7058
4.8011,1.6138,2.9285,1.909,2.6386,2.2411
0.1487,3.0274,5.2742,2.5228,0.5338,0.3613
1.9371,5.9768,2.6638,1.8666,1.8345,2.8696
5.5595,4.125,4.6692,2.3129,3.944,-2.3725
2.73,4.9379,6.1627,5.166,0.9933,-0.4053
1.9507,6.2091,6.0346,6.0797,5.5857,-0.2682
5.0905,5.7623,4.0538,4.9304,4.3764,-4.3876
2.8421,1.384,4.3895,0.972,3.497,0.7115
4.4486,1.5868,4.4686,0.7634,1.1594,0.2425
3.6281,2.1335,2.0305,1.3084,4.9603,1.4758
5.3426,5.9782,1.921,0.7765,2.6374,0.9611
2.481,2.5262,1.6543,0.2415,3.7548,2.1959
0.8635,5.8228,5.8524,5.4255,1.4317,0.2374
5.9188,3.2633,1.1786,0.4592,0.476,1.8408
1.4655,2.0446,4.1248,3.5294,6.2193,0.485
0.4611,1.2097,3.983,4.4721,5.7936,-0.8711
4.8409,4.9733,3.1131,0.561,2.5236,-0.669
4.7114,3.5814,4.1139,3.1748,3.1303,-2.7677
5.034,5.9094,4.9404,1.3868,2.8376,-1.1509
2.7066,1.8157,2.2571,4.7232,4.8872,0.4206
5.6083,1.8039,0.1758,0.2473,0.5756,1.6696
6.0074,0.138,1.9198,4.9974,0.5159,0.1233
4.6811,1.932,5.4088,4.8614,4.4494,-3.3383
3.0696,4.5607,5.9977,5.7763,1.0205,-0.8732
3.2785,3.9189,1.6661,4.9255,3.737,-0.9005
6.1488,5.9307,5.9326,1.6515,2.0099,1.2592
5.2708,5.6482,0.2865,1.8056,3.8328,-0.8071
1.3492,3.3432,0.7561,6.2276,3.9397,0.7947
3.8085,2.6093,2.781,1.3509,3.6084,0.7726
1.3175,4.9418,3.2097,3.1859,6.066,-0.5288
1.6929,5.8735,2.1647,3.0239,2.2664,2.6139
4.1242,2.2738,3.9621,3.6691,3.9928,-2.2925
4.5481,4.7266,0.7174,2.1596,2.2814,0.0517
1.0941,1.7011,4.7439,5.8971,2.0296,0.7557
3.0427,3.5367,2.8088,4.1101,2.062,0.0345
2.3335,3.1469,3.4044,1.184,6.2785,1.4429
5.8536,1.3996,2.9139,1.1236,3.694,0.9824
5.4051,1.9933,0.7762,0.143,3.7734,0.2531
2.7401,1.4399,5.1626,1.3855,5.2631,1.0876
0.4711,2.3701,2.8634,5.3784,5.7618,-0.1922
3.4882,0.8194,5.5804,5.0355,1.1441,-0.5902
2.6412,1.1221,1.8573,3.0251,5.4349,1.824
4.8129,1.5821,6.1083,5.7698,2.875,-0.3065
1.2679,1.0419,5.7095,2.1,6.1473,1.9733
1.0528,1.4384,1.6121,3.7445,5.7972,1.9558
5.762,5.1766,4.2878,4.5427,3.1193,-3.1622
2.6406,0.3572,1.1567,2.9578,5.546,1.8195
2.1191,6.2744,5.0156,4.1505,0.5924,-0.7329
2.0177,5.777,5.7311,3.0455,4.0396,-0.3765
2.8133,4.1586,0.9105,0.6678,2.9119,1.3575
1.1964,4.6533,3.3079,0.408,3.0565,-0.0183
0.8787,3.0487,2.9103,4.474,5.4964,-0.631
5.845,4.8205,0.5013,1.4929,3.5874,-0.7835
1.6232,5.6597,3.0388,5.5277,5.8647,-0.6887
5.2688,3.9119,6.0648,5.3731,1.7827,-1.7124
4.3485,3.7921,5.5102,6.2247,4.82,-3.4692
1.9412,5.4297,0.3992,0.8209,2.4977,2.3856
2.4849,4.6721,1.738,1.9109,0.0318,1.563
5.5547,4.785,2.1465,5.0124,3.2173,-2.4391
0.4124,5.0326,2.474,1.231,4.2132,0.2346
5.202,4.26,6.0471,0.1202,0.5725,-1.2018
1.6338,0.3306,5.9534,3.2413,3.3104,0.1109
3.2831,5.4314,0.7116,0.0509,2.1539,0.4181
1.6576,6.2041,3.9109,6.0378,4.8693,-0.8694
4.5686,3.7078,3.6637,0.194,5.0439,-2.8499
0.8198,2.9709,3.9936,5.7605,1.8407,0.1691
2.1809,2.9786,4.0939,2.6646,4.7942,-0.3242
0.2011,0.0611,1.6866,4.6944,4.1633,-0.7479
1.7407,0.8524,3.4987,0.3681,0.9014,2.7835
4.8525,1.6916,2.2321,1.1733,3.1046,1.2347
6.2134,1.221,3.7752,4.0474,1.2557,0.7108
1.2893,6.2095,4.4698,3.8112,5.8883,-0.862
4.8945,2.1036,0.3659,2.7879,3.0975,0.5391
0.7778,2.673,6.2386,1.5541,5.1999,1.15
5.7306,5.7083,4.7206,5.9193,4.3576,-3.4974
0.3013,5.1014,5.7889,3.5382,1.5557,-0.4388
1.0035,5.3579,1.006,6.0375,5.7775,0.3928
2.6049,3.9141,0.1991,5.7961,4.6296,-1.297
2.287,2.0854,1.9632,1.4542,5.7899,3.0092
3.9573,5.5705,4.3087,4.9469,1.8907,-2.3413
4.0222,0.8183,5.7202,4.0942,3.717,-2.3447
4.1878,5.7141,0.5909,4.8812,1.7069,-0.713
3.0682,3.0446,5.1689,1.9021,4.46,-0.7915
4.7804,5.6742,0.2217,5.9178,6.1952,-1.3531
4.6239,0.9328,0.7132,1.4656,0.6461,2.3766
2.4039,2.4691,2.8432,5.1898,5.0354,-0.0131
5.9829,6.1319,1.4173,3.0612,5.5428,-0.6043
5.7104,6.1999,0.9964,0.7755,3.8341,0.639
3.2571,5.5296,5.4602,5.7146,3.8002,-2.5037
5.1387,4.9995,4.7037,0.0145,1.3843,-1.8106
1.7594,6.0637,3.0513,4.0144,0.1868,-0.185
5.6557,2.4598,5.4606,5.6101,0.0786,-0.8306
0.548,2.1128,0.7034,0.8094,5.0765,2.2261
2.3072,0.0636,5.5385,3.74,4.8741,-1.5135
0.6085,0.7573,4.7903,2.4392,2.0861,0.8085
5.9982,6.2206,3.3677,2.2057,5.6539,-0.4468
4.0343,2.6784,6.1167,2.6016,4.6239,-0.5862
2.5969,2.9561,4.4602,6.2362,1.0541,0.7825
2.0626,1.3139,0.2846,1.9696,3.4986,2.867
3.5984,5.8994,0.3379,4.0449,2.922,-1.0004
4.4418,4.481,3.1761,1.8992,0.5696,-0.5306
0.3565,0.7358,6.2007,0.9692,3.9731,1.3173
4.3493,2.0417,3.1191,4.6586,4.6841,-1.7026
3.6726,1.0155,1.0553,5.1987,1.1766,0.9528
3.8029,5.5327,2.3947,1.6482,3.8521,0.1635
6.0878,4.4574,3.8521,1.9332,3.6199,-1.4552
3.7802,1.5665,2.8652,5.8881,6.0569,-0.171
5.3632,2.1721,1.9919,5.9653,3.1143,0.6537
1.7032,3.1635,2.9344,0.0369,0.7237,1.8813
5.937,2.6234,0.5797,5.7493,4.8585,-0.756
4.1939,1.3478,2.5212,3.1694,3.8872,0.0425
4.9751,3.0815,3.5821,5.6471,3.4123,-1.8269
0.6262,4.0219,1.0528,0.0577,2.0917,1.5392
1.2299,1.8485,1.3947,4.0585,1.4938,2.5648
2.9996,3.428,3.9166,1.0182,4.3425,-0.7172
0.0822,2.9903,5.146,2.6494,2.7365,0.0123
4.491,2.8414,1.454,3.6886,3.4844,-0.2966
5.7796,0.7618,3.8829,6.2163,4.0637,-1.6382
5.9719,2.5981,2.1312,2.0884,0.9698,3.0784
5.093,2.941,5.1862,4.6768,4.3568,-3.3763
0.4542,2.0043,6.2026,3.6381,6.146,-0.1802
4.5142,0.7091,5.7838,2.8445,4.9258,-1.4807
6.0211,4.8188,5.6343,2.3752,6.1831,-0.8361
3.5032,4.7567,0.2837,4.7784,3.0494,-1.7953
5.9906,5.9572,3.0425,4.0122,5.2119,-2.484
5.539,3.6842,5.8261,0.2185,6.2768,-1.4751
3.8773,4.6839,4.5094,1.6403,2.593,-1.3548
6.1608,4.3721,2.4195,6.0053,0.1751,-0.5691
1.1957,1.643,0.6885,0.7061,3.0566,3.1246
1.8486,2.1603,0.8725,3.6578,3.7037,1.9666
1.0343,1.7052,5.7124,5.0904,3.8038,-0.8672
4.0563,2.3622,1.5758,1.1611,3.035,1.7614
4.2861,4.4976,4.1917,2.0572,1.191,-1.0089
5.6296,0.2506,5.9713,3.6027,3.7396,-1.8173
3.9425,4.6574,0.0826,1.0425,4.0744,-0.6735
3.4927,4.4442,5.3642,2.5358,0.8945,-0.1769
1.3044,4.1366,1.0399,1.2028,3.8482,1.6499
3.7481,3.7925,4.9483,2.6104,1.2517,-0.5035
5.0306,1.0119,3.3313,1.5204,5.2316,-0.1467
2.8534,2.4469,4.9547,2.7325,3.178,-0.0119
1.5014,5.6962,3.0352,5.1207,0.0439,-0.6157
2.6579,2.3608,4.4088,5.4597,1.0176,0.4771
4.8495,5.1385,3.7419,1.3924,3.6087,-1.8077
1.2151,0.0752,3.3697,4.2468,1.6825,0.7681
2.1711,3.6784,4.3687,3.0336,5.2583,-1.053
2.7047,2.1933,1.3155,3.7417,1.0723,2.3056
2.0663,6.13,0.9352,1.2534,0.8372,3.0732
4.8742,1.5148,2.3931,4.1347,1.9751,1.0441
4.5365,4.2843,2.493,2.6703,2.4457,-0.7111
2.6423,4.6261,3.9613,3.8534,5.1243,-2.6989
2.9528,4.6286,3.6616,0.9881,4.0063,-1.3763
4.1044,5.388,2.4048,1.3524,2.8522,0.2966
2.9417,4.1007,0.0831,1.9825,3.1997,0.0287
4.1427,2.6065,3.7756,2.8061,2.2386,0.4552
0.0005,1.5834,1.937,0.5268,3.5622,1.31
5.9092,0.4155,1.1031,4.277,4.8829,-1.1307
0.9626,4.9765,0.6699,4.9539,2.5905,0.2373
3.8996,3.3089,1.6954,2.2997,1.3499,1.9431
1.0496,4.0623,5.1004,0.5544,1.1766,0.9148
2.0681,4.466,0.4084,0.2988,4.6375,-0.4721
1.8341,2.3546,2.2788,0.6505,6.1156,3.1912
6.0492,2.6917,5.285,0.2964,0.0164,0.4418
4.0963,2.187,0.7111,1.475,5.295,0.4265
3.5372,3.1757,0.4135,1.8251,2.623,2.0427
3.2127,2.2638,5.8688,3.1018,0.4012,0.6702
5.8499,3.203,3.9598,5.9423,3.8884,-1.9162
4.0066,1.549,3.0914,6.0936,3.5013,-0.7383
5.1897,5.7937,2.2209,2.1901,3.4958,0.34
5.1659,2.8457,0.3356,2.1462,4.4684,-0.9783
2.3075,4.1804,1.6735,2.2052,2.4926,2.1982
5.3799,0.1486,4.2681,0.5071,5.1572,-2.4888
5.0736,5.7198,4.9646,2.2058,1.0425,-1.315
4.7071,1.1906,1.3406,1.4474,4.7494,1.258
6.1436,5.3458,0.5802,5.4233,2.8847,-0.8538
5.9152,5.3426,1.1726,4.4867,2.738,-0.5629
1.4807,4.7623,1.3391,1.1438,3.6077,1.2474
6.2556,4.8626,3.5383,4.3324,3.2764,-2.5996
2.2872,3.7162,1.7803,2.8292,3.1516,1.821
4.2851,2.3479,0.2759,0.6923,1.8432,1.8748
5.7293,5.677,5.3126,1.9881,3.2915,-1.2353
0.316,1.4854,4.1793,3.6075,0.4877,0.1005
0.6852,1.7531,0.3287,3.8963,2.3731,2.1607
1.4474,3.2602,4.4468,4.6902,2.168,0.0753
4.2641,4.7784,5.5542,3.5936,0.5242,-2.1045
5.9846,1.5476,3.7275,3.7494,5.8109,-0.978
1.1921,2.1589,4.8153,4.1205,0.7397,0.3503
2.2621,0.5945,4.7602,2.905,4.7194,-0.8254
3.2367,0.4848,2.1562,2.2795,3.348,1.932
2.2728,4.1614,0.7075,1.0797,3.8085,1.0473
5.2298,0.0319,1.6637,5.7854,0.9906,0.349
4.0249,1.4537,0.5651,4.211,4.0049,-1.03
5.9724,4.9045,3.2169,1.6709,1.9497,0.4003
0.1594,3.6519,0.9341,1.2373,5.5399,1.0317
3.4071,4.9155,0.9913,1.6128,5.4766,-0.6202
0.0209,2.4346,2.4729,5.3488,0.6597,0.4291
1.1233,0.1028,1.2399,5.6936,4.6138,0.5562
2.6432,2.3744,4.7017,1.3651,4.0619,0.22
1.303,2.6523,5.9956,5.9457,1.8537,2.1577
0.3745,5.3315,6.0315,3.09,0.9262,0.3786
4.4515,2.1371,5.6291,5.837,2.7752,-0.6854
5.7572,0.5837,3.6319,3.7502,1.3231,0.3515
5.049,5.5387,3.5989,1.9764,2.9196,-0.4204
3.9521,5.466,5.3038,5.7955,0.0356,-2.7969
6.1758,5.7235,5.8288,4.679,2.1479,-1.3142
1.5808,3.9639,3.7479,4.0867,0.679,-0.6913
1.2246,2.6613,2.9776,2.6586,4.6946,1.0242
1.3462,5.2637,1.793,2.6155,3.4381,1.6333
1.6542,4.775,4.797,3.9273,3.5459,-2.0632
5.5781,4.7157,6.2366,3.8851,1.6827,-1.2498
0.699,5.6693,5.5819,5.5218,3.5073,-2.0361
1.1311,5.0351,3.3434,1.7595,2.762,0.7585
4.4466,4.2507,4.1319,3.8321,2.6456,-3.0553
2.4606,1.3644,5.8638,1.8105,4.2043,1.7843
1.7039,2.0986,0.5427,3.2756,4.6983,1.3643
5.146,4.4131,5.1487,5.9313,5.5434,-3.7058
1.4311,2.8558,4.0049,1.9123,6.0568,0.9997
0.4211,4.32,4.279,5.8822,2.046,-1.3338
0.0563,6.1185,1.9455,5.9957,0.283,1.2942
4.9989,4.9028,3.9668,1.8938,4.7994,-2.7299
5.9218,2.1064,1.8189,0.763,5.947,1.7481
4.6071,5.6108,5.6538,4.7735,0.7185,-2.4088
2.0338,5.6188,3.5314,6.1536,2.8923,-0.0553
3.8718,2.7209,1.3354,0.3608,2.7766,1.4159
5.6997,0.4174,4.6318,2.0063,3.7113,-0.5065
0.7424,4.8494,5.4441,1.8818,1.5292,1.1968
0.7658,2.9649,2.7726,4.7176,3.087,0.8733
2.2879,3.9275,2.3666,1.7078,3.702,1.0586
0.6178,4.9203,6.2805,4.5903,3.8999,-2.1511
6.0271,3.9053,0.3202,5.8272,3.4399,-0.8419
5.0265,1.9836,4.148,2.3271,1.5904,1.1644
3.1627,5.2918,3.532,5.4559,1.5895,-1.1424
1.2901,0.6098,6.0318,5.8499,0.8181,2.0678
0.9224,2.08,5.3754,1.8428,1.284,3.4092
4.6564,0.5698,5.7296,6.2669,2.8885,-0.7866
5.8689,0.3123,0.259,3.7433,4.6574,-1.3058
3.8844,1.5805,0.1646,1.2277,4.1131,0.8206
0.9184,4.463,3.251,4.6182,5.9686,-1.6242
6.081,2.1185,4.1735,5.5895,5.655,-1.7361
5.3087,2.2998,3.626,1.2162,2.1783,1.0174
0.1922,0.996,5.5811,4.5407,1.1806,0.4038
6.1371,4.0253,3.6917,5.2341,5.3947,-3.0269
3.6524,3.3209,4.5249,4.6632,4.0417,-3.2067
3.8298,3.5691,3.4624,4.0179,2.1405,-1.4648
5.2943,1.1452,2.4005,0.8513,1.3391,2.2217
3.9423,4.0197,2.4119,1.2939,3.0159,0.1346
3.0779,1.7054,4.9807,6.073,4.4878,-1.0403
3.5686,0.4194,1.4509,5.9538,0.6964,1.1272
5.4927,5.0159,0.0395,4.004,3.8213,-3.0448
3.2363,3.3871,4.7446,5.58,4.7699,-3.6765
2.8788,2.8463,5.4176,0.0723,5.3866,-0.7925
1.4644,2.1097,4.2955,3.6751,3.6069,-0.1158
1.9455,4.2072,2.8086,2.5322,4.7833,0.2306
2.1103,4.5973,2.634,4.0554,5.9113,-0.2064
3.0954,2.086,4.3218,1.8582,5.3892,0.6277
2.468,6.2697,1.7614,4.0651,5.5535,-0.3495
5.8276,3.4428,2.4606,0.8478,0.716,1.903
2.8342,4.776,4.4973,2.4141,1.4089,0.1641
4.199,5.7969,5.9513,5.9587,4.6359,-3.1483
2.0037,4.8957,2.112,1.9619,5.8405,1.2702
4.0609,1.5747,2.0614,5.4391,3.5587,0.4524
4.0563,5.2402,4.0317,0.158,1.3618,-0.954
0.8449,0.1773,3.7733,3.6309,0.9182,0.0564
4.7153,0.3336,2.1007,3.4003,2.35,0.6346
5.4821,3.3361,4.6402,0.1736,3.2524,-2.5426
2.0668,0.7247,3.3649,4.9635,0.5544,0.575
3.5515,5.1274,4.9514,3.6155,2.8203,-2.6575
3.8929,3.8106,2.6157,2.489,0.5514,-0.0258
1.2863,0.9896,2.0677,6.0345,2.62,3.2006
1.9666,2.3983,4.5281,0.5407,1.0973,2.3905
4.1864,1.614,5.3964,3.6643,1.3022,-0.1012
0.2876,6.0212,1.1693,0.4783,1.6598,1.9607
3.8099,2.103,3.0649,1.7129,3.8509,0.6524
3.0881,0.745,0.1892,5.032,5.3438,-0.3211
2.3071,1.1588,2.4668,0.3594,1.411,3.5191
0.9643,1.7478,5.233,5.8647,0.7422,2.0701
1.4537,4.8891,0.3218,0.796,1.6833,2.1868
3.9112,1.1753,5.2681,1.3972,3.6708,0.0104
0.4367,2.1971,5.1539,4.7054,1.4476,0.4887
5.7884,4.7137,3.5095,1.1397,3.2524,-1.2835
3.8558,5.725,2.1089,1.5292,3.6041,0.4704
1.8672,5.8872,1.3748,1.2481,3.6314,1.9113
3.5633,5.9662,1.7984,4.6003,0.6478,0.0759
0.7609,5.7184,2.2502,0.7262,5.0332,0.9431
0.9471,4.1351,1.4601,2.3878,5.4721,0.7445
4.8826,4.4015,1.7065,1.4963,5.0338,-0.0484
6.0677,4.1945,2.0043,1.5437,0.0918,1.3533
0.2102,5.0963,5.7152,5.6938,2.3035,-1.0488
3.5408,1.2941,3.0777,5.7974,0.0554,0.364
2.6553,4.526,2.5854,4.352,6.1744,-1.4894
3.1269,4.1707,5.8984,5.3272,1.7245,-0.7097
3.4076,1.5518,1.0624,2.7586,6.0665,1.7696
5.6638,2.0351,4.4775,1.7264,4.8992,-0.8287
2.5272,5.6996,1.7809,0.2322,1.7729,1.8155
3.2714,5.3868,5.1328,4.838,6.2607,-2.9302
5.0573,0.5082,0.195,3.7108,2.0564,-0.1775
5.5137,0.1514,4.7888,5.7138,2.7269,-1.7651
0.9472,0.9781,0.8329,3.4256,4.1893,1.1269
2.0265,5.5958,4.8031,6.2296,4.9543,-1.7586
0.1409,6.2537,4.745,5.3073,2.688,-1.0278
0.4136,4.4942,1.6839,2.3293,6.2212,0.9477
3.3753,4.7108,1.9289,3.6758,2.7592,-0.3873
3.7581,6.2063,2.2346,2.0523,1.5405,2.1975
0.1376,3.0583,4.403,3.1761,1.8115,0.3514
1.4751,0.128,2.538,1.6089,5.6262,2.0255
0.1411,6.042,2.6141,2.2178,3.21,0.8302
4.2833,5.3269,3.9364,2.1268,2.0469,-1.1967
4.2511,4.8034,2.2615,2.7181,3.1975,-0.7183
4.1369,4.4292,1.0403,1.5096,4.7418,-0.477
0.6864,5.5359,0.2538,1.6307,1.0174,1.7507
3.1496,3.5776,1.7873,3.4237,0.498,0.6931
3.3258,5.3831,2.1223,0.7107,4.4643,-0.521
4.8843,5.0873,3.0463,3.3213,4.422,-3.1383
4.7684,4.2013,3.2499,1.7348,2.3455,-0.4841
6.1794,4.095,2.0998,2.9803,4.5584,-0.6463
5.3287,4.556,2.2345,2.0737,6.1057,-0.9589
1.9171,0.2437,4.2067,4.4456,0.8279,-0.1004
5.6134,2.598,5.724,3.0974,0.3017,-0.1742
3.0588,0.808,2.8214,0.2144,4.8804,0.6623
4.1183,0.7385,4.7862,4.9323,0.7342,-1.5507
5.1605,1.8364,1.204,0.9702,0.7093,1.8521
0.589,1.2793,4.1013,2.6132,0.2892,1.5676
5.1844,4.8046,5.823,5.4053,2.1561,-2.435
4.3104,5.4265,2.0069,3.0467,6.09,-0.4172
3.3088,2.8244,1.7448,4.4874,2.5668,1.0457
0.4393,2.6882,0.6482,0.5686,4.243,1.4078
4.2467,0.6292,1.2259,2.4588,1.4263,2.2339
0.7149,4.9775,5.5862,1.2242,2.8376,0.4043
3.9352,6.1073,5.873,2.6367,0.8022,-0.8534
1.8666,3.5078,4.0668,0.6837,2.8032,1.1505
0.3185,0.0428,2.1019,1.7004,5.3336,2.0044
0.8186,4.2497,0.5229,4.4436,3.7069,-1.391
3.9191,1.9192,4.0571,5.9082,6.1353,-0.7205
3.4426,0.6354,0.5288,2.1423,4.0182,0.3791
3.7056,5.3065,4.5907,1.3548,6.0709,-1.2751
2.2601,3.9286,2.9701,1.8834,1.4982,1.7366
5.3457,5.6922,1.2452,3.4466,0.4114,-0.5007
2.9418,6.1869,2.6449,2.5811,3.1144,1.2758
1.0055,2.5895,6.1596,5.3461,1.8685,1.4159
4.7503,0.3053,5.4995,2.2935,0.6873,0.1527
4.7035,0.5725,3.1156,1.8189,5.7541,0.3166
2.2602,1.4443,5.9877,3.8195,5.4969,0.6648
4.0108,4.067,3.3605,4.484,3.4464,-3.1595
0.2595,5.9337,0.4844,0.4713,1.3912,1.5638
4.232,0.4298,1.9249,3.682,4.2156,-0.9024
2.294,5.4181,4.0782,2.9776,5.1556,-1.3145
0.1849,0.6982,4.3651,4.1608,2.2104,0.321
2.1053,2.0823,1.8624,2.1515,0.3248,3.7793
2.2607,5.8459,6.2491,4.6003,1.1534,-0.1216
3.2547,0.8854,1.8278,2.5236,2.0375,3.1537
2.3962,0.6947,0.248,4.5701,1.9624,1.8916
4.1634,2.5579,0.7607,5.8789,3.9749,-1.033
5.9419,4.6291,3.0572,5.3292,4.6335,-3.6487
3.6692,2.3073,1.6859,5.0209,5.2602,-0.6091
5.7109,4.1081,0.6492,5.118,5.1211,-2.3919
1.8397,0.3996,4.5753,2.9364,2.1357,1.2935
4.6785,5.8528,4.9205,1.5823,6.2569,-1.6387
3.6538,1.7412,4.8888,3.4012,2.9753,-0.8566
5.8143,1.7878,2.596,6.1413,2.0341,1.9943
4.4605,1.2179,3.117,4.7862,3.6887,-1.799
3.96,5.6819,5.564,4.9089,0.4569,-2.7137
3.0967,6.085,3.7769,0.1085,4.7028,-1.3122
1.9565,5.676,0.5839,3.0865,6.221,0.6067
0.7556,0.9127,4.3006,3.444,0.1712,0.6347
1.518,2.6554,0.4729,1.9738,2.3958,3.861
1.2629,0.6739,5.3876,0.9973,1.1106,2.5645
5.5133,3.1561,2.0275,5.7862,0.2026,0.1689
2.1043,2.6014,4.678,3.7395,0.8575,0.5917
0.8716,5.6857,5.9408,5.8936,3.6016,-0.9856
4.613,5.9218,4.3475,5.7329,2.8873,-2.7419
4.2386,4.1371,4.0123,3.6552,5.9603,-3.2317
3.1095,2.9928,1.4752,5.4212,0.0949,0.5852
4.2713,4.5903,2.0946,0.9475,2.9167,0.5149
4.3001,2.7742,1.0894,1.5807,4.899,0.5144
4.6303,5.815,3.7346,2.8298,2.7963,-1.6227
5.5817,2.6725,4.0805,2.7296,3.1696,-0.2629
4.0673,5.4134,1.9749,3.1174,1.6707,0.7855
4.6388,3.2729,1.5973,6.1595,4.7273,-1.1244
0.9765,2.2195,3.967,3.9837,4.552,-0.4962
2.3169,2.9926,2.2865,0.6181,0.7164,3.2893
3.0902,4.0049,1.2017,5.9925,3.7378,-0.2592
6.0931,3.84,4.9377,2.9922,1.0003,-1.0632
0.2018,2.757,6.181,4.2961,4.156,-1.3009
2.7503,1.4529,5.6326,5.8996,4.7897,-0.6112
5.502,4.0515,0.0361,1.3973,6.2285,-0.2695
5.5635,2.8006,0.3411,6.0386,5.8069,-0.707
5.9393,3.7851,4.3114,5.3427,4.5232,-3.7739
1.8281,1.2893,6.1029,6.1117,4.8903,0.4624
0.4159,0.6388,1.8612,4.6844,2.9103,0.9133
2.4516,2.754,1.4727,1.7157,2.8275,3.4134
3.2252,5.9453,5.228,4.1939,6.0385,-2.3884
0.3283,3.8532,4.278,1.0607,5.7628,-0.6923
3.4697,2.0039,5.8915,3.541,3.235,-0.4808
3.4874,1.8143,3.2752,1.3309,2.5566,1.8228
3.6356,3.6492,3.7517,0.3861,3.9958,-2.1242
3.0929,4.9729,4.1889,2.6939,1.2236,0.0122
3.2607,4.5398,4.1336,4.474,3.6156,-3.0564
5.5752,0.9977,5.0192,2.6974,2.4792,0.2208
5.3662,1.6132,4.4635,0.5633,2.0343,0.4269
0.3561,3.3101,0.7815,3.4703,3.6364,-0.2905
2.5552,2.6175,2.5107,4.4505,1.385,1.556
1.7794,0.0946,2.561,4.6745,2.9743,1.1328
4.714,0.7758,4.9054,1.5402,4.5667,-0.8432
3.1487,4.7758,5.0988,1.1366,4.5509,-2.2952
2.106,0.7214,2.1725,0.4171,5.7405,2.8935
2.111,0.2216,3.3664,5.9796,3.2963,0.6234
5.442,6.2734,0.4191,2.1713,4.7598,-0.4381
3.8862,2.7066,5.4749,6.033,2.3642,-0.9081
0.5787,4.8635,1.2026,5.6569,4.8063,-1.0969
3.86,4.2671,2.9596,3.1043,0.8096,-0.3673
5.2465,2.8319,1.0657,4.4332,2.3336,0.2555
3.604,2.9176,5.6341,3.0261,1.8268,0.6431
3.7045,3.4411,1.161,2.8237,4.3532,-0.4722
5.5946,3.3992,3.1374,2.7039,1.3116,0.3222
6.0209,1.6944,1.4001,0.051,4.6736,0.32
0.4342,2.6254,1.4773,3.5956,2.5941,2.7977
1.4114,6.1903,3.7266,0.4337,1.4128,1.9467
4.1438,5.7502,3.8119,5.6992,1.5781,-1.6142
3.3811,2.7634,0.4031,0.5779,1.0502,2.1757
4.2883,4.6671,4.3759,3.7411,4.1073,-4.5423
0.8267,3.6481,2.5943,3.0175,4.7054,-0.2949
1.7527,5.9291,1.0088,0.2446,1.1043,3.0204
5.3525,3.1504,0.0193,0.5539,4.1407,-1.3114
1.5772,3.1846,6.1624,1.3644,4.0487,1.2022
6.0423,2.5162,3.2614,0.1583,2.1681,1.0259
3.3779,1.5243,3.6982,2.1577,0.3916,1.4486
2.2661,5.1261,1.7525,1.4633,3.1417,1.7247
5.8046,5.0656,5.0382,4.0393,3.7273,-3.19
3.0279,2.2236,4.1749,0.8607,5.2238,0.0214
0.8713,5.5632,4.6737,1.7626,4.8574,-1.0573
1.7275,4.4082,0.5252,0.4916,4.4785,0.3275
2.9887,1.0267,5.19,1.3729,3.8272,0.704
5.6596,2.2169,6.132,0.4416,3.8059,-0.3118
0.8321,1.2189,2.901,2.9018,5.4888,1.2415
5.6513,5.7806,5.0751,3.5288,1.8205,-1.8912
0.1259,2.9295,0.0352,1.2349,4.1003,1.0316
1.2047,4.1121,4.2959,2.577,4.3052,-1.1145
5.06,5.7906,4.1489,3.1374,2.4665,-2.0411
1.5453,4.4981,3.9341,1.4751,6.0658,-0.4901
4.043,5.2708,0.4344,1.0056,6.0006,-0.9824
2.2634,1.7039,6.1199,1.7094,4.3809,1.2415
1.6942,4.0838,3.4688,2.6726,2.334,1.2218
3.7236,5.1203,5.4757,2.5104,4.601,-1.8735
5.6521,2.8208,0.4536,5.6957,3.2053,-0.4856
3.4375,5.3408,4.8963,3.4978,1.9766,-1.9776
0.9491,0.8649,4.8536,6.2287,5.3795,-0.3418
4.3693,3.2582,0.3006,5.6164,5.3194,-1.9296
5.9414,2.6398,3.7318,2.9388,2.0327,1.3537
5.3672,5.3869,2.8825,6.0276,4.5685,-2.3341
3.084,5.7333,3.2244,5.9939,4.7119,-1.8593
3.5017,6.1303,3.168,6.066,3.3414,-1.5429
5.8881,3.6535,1.4667,1.3297,1.269,2.6291
1.7859,4.9958,0.7579,1.191,5.0964,0.8227
3.933,3.2259,1.0392,5.1736,1.9033,-0.2859
1.9538,3.619,5.3281,1.4784,1.1189,1.342
4.7535,0.6881,6.1657,2.4785,4.1055,-1.1247
5.6749,3.3063,2.8456,4.3475,4.7832,-2.387
5.8184,1.1973,3.3875,0.5597,3.0654,0.4237
1.1067,0.2776,5.3749,2.5984,1.4562,1.77
1.4073,2.3407,0.0982,5.237,0.4852,1.4148
4.168,4.0036,0.1486,1.6485,3.2518,-0.6986
4.4088,2.5075,4.6767,5.2022,1.617,-1.776
0.9449,2.8856,4.0458,0.9302,5.4363,-0.0178
2.6484,1.5063,4.1643,5.552,3.6973,-0.8624
2.3501,5.8704,0.0687,0.1733,3.3116,0.0767
5.2811,5.3291,1.7981,4.0783,1.721,-0.3325
2.2195,3.395,2.0501,0.3824,0.9404,2.962
0.927,1.105,3.0238,3.7676,0.196,1.0087
2.8191,4.6623,2.4262,1.1659,0.8197,2.1507
5.2079,0.2804,5.0848,3.9742,4.8446,-3.0087
3.4167,4.7486,0.3776,1.0424,3.3825,-0.7979
1.2625,5.809,4.7525,5.7588,3.3228,-0.7586
5.0187,3.4142,2.7629,0.9588,5.3594,-0.8342
5.7891,6.1481,0.5545,2.0658,5.5653,0.7061
0.6206,0.2446,5.046,2.2343,4.1068,0.0954
0.215,5.9813,5.9458,2.8789,4.6512,-0.7811
1.6386,5.2658,5.8186,2.5564,1.5581,0.8449
4.6049,2.3921,4.5555,3.5349,4.747,-2.738
3.2353,2.3002,0.9513,4.859,2.8014,0.4932
5.0329,4.4637,1.6087,3.3666,6.2129,-1.2059
3.8373,2.5983,2.467,3.6425,2.055,1.0198
4.6758,2.2604,0.631,2.343,0.6721,1.4665
5.6094,5.2852,0.6215,2.6865,3.2512,-0.4832
1.8686,2.9634,0.7752,5.1102,2.7691,1.1407
4.7549,1.5579,3.5227,5.4951,5.1331,-1.5735
1.8233,4.0394,3.5723,4.3223,3.2027,-1.9196
2.8994,2.4938,2.4316,5.2467,5.2087,-0.1492
5.8603,4.9713,0.8694,0.184,1.4393,0.6996
3.1713,5.1484,5.7607,0.3412,1.9648,-0.1728
1.6451,5.2421,4.4489,5.8243,3.019,-0.7496
5.8674,4.642,5.8055,0.2909,2.5019,-0.8893
4.807,5.0455,0.8046,1.2833,0.2526,-0.2464
4.3479,4.0805,3.3897,5.2774,3.0485,-2.6804
4.1841,4.2268,4.2598,1.5046,4.5396,-2.8048
1.1967,4.9512,5.0242,4.9773,3.3202,-1.8304
2.3699,2.7869,0.1756,3.7189,5.0245,-0.0482
1.0744,2.2924,4.7674,3.0921,4.8603,-0.1096
3.1858,0.3459,3.1251,0.2668,4.8027,-0.6298
4.0588,1.2232,0.9787,5.7386,5.0933,-0.5865
0.6187,0.4021,3.0506,6.1143,3.52,0.4069
2.3133,5.6594,3.1423,1.0636,4.0591,0.5104
4.5472,4.8102,5.6079,4.531,0.6235,-2.5978
2.6591,4.427,0.784,3.5454,0.1861,-0.0092
1.9056,0.1729,4.5906,3.9446,0.6321,0.1636
5.2965,3.1724,4.2667,3.78,3.9124,-3.1209
4.9803,6.2649,1.1886,3.3433,4.6257,-1.2341
5.5845,2.529,1.2665,2.9281,1.4167,2.3311
2.3906,2.1641,5.2346,3.8399,0.0866,0.0455
3.0347,4.1338,2.344,0.0824,2.3035,1.0072
0.401,3.2327,0.6675,0.1514,6.0038,0.2963
0.5003,5.71,3.4099,5.6698,0.1592,-0.7944
2.2224,2.0769,0.1671,5.2591,2.8097,1.2724
5.0749,1.5696,5.5288,5.2695,1.5082,-0.6214
1.157,6.2493,3.3708,6.1115,1.4109,1.7008
2.1832,2.8021,2.1956,1.8599,2.7524,2.9228
3.454,4.1856,0.9263,1.1668,1.0555,1.4194
4.4853,5.2048,5.9707,0.3908,5.0741,-2.3126
5.0774,4.1962,4.2705,3.4294,4.685,-4.2015
0.5048,1.9033,3.5361,3.8441,0.1923,0.9745
0.3283,4.0524,0.7391,6.2314,0.8353,1.0475
5.009,0.7978,2.8357,0.4509,4.7553,-0.1645
3.1995,0.2965,2.9314,5.97,6.2723,-0.0491
2.2734,1.3152,1.1262,3.4247,3.8069,1.9178
1.732,1.8557,5.3693,3.2402,4.6066,-0.0646
3.8486,2.7147,4.2813,1.3688,4.2534,-0.8787
4.0347,4.3388,0.0362,2.2908,1.5865,-0.2819
2.905,4.972,1.49,3.2775,1.8921,0.7979
1.5118,4.0629,3.7646,2.3081,3.1545,0.3625
3.0306,2.2027,5.3718,2.2017,5.0518,-0.1732
4.4633,3.0016,1.7437,6.0666,4.6607,-1.0716
1.5131,5.4396,1.44,1.313,5.4254,1.2146
0.8677,2.3103,4.2202,2.6974,3.399,0.4831
4.9908,4.3333,1.1374,2.7783,5.0094,-1.7646
2.5617,0.2075,4.5507,5.7727,1.3491,0.075
4.1538,0.1682,3.7964,1.2906,2.3164,0.8028
4.1692,3.3141,2.4346,3.665,5.999,-0.5562
0.9629,2.134,2.1566,5.0702,2.6679,2.0814
2.042,3.197,3.3088,1.8626,5.5203,0.8067
0.7561,4.4144,0.4381,5.5455,5.5768,-1.3901
3.2773,4.9698,2.8304,3.6367,2.9618,-1.4232
5.1852,2.0929,3.4161,5.2389,5.1958,-2.5397
0.0437,1.3049,1.0551,2.5474,3.2678,2.6413
0.365,3.5008,0.421,0.1856,2.865,1.1216
4.5731,5.0427,4.6842,4.32,3.6732,-4.2616
4.2517,5.3447,5.5804,5.6295,1.9273,-1.8349
1.6011,3.6694,4.0389,5.4428,5.7967,-1.345
0.9884,4.5982,0.8358,1.6184,1.9215,2.2941
2.0589,5.4131,0.6271,1.7928,1.6508,3.1955
4.2031,5.1491,4.9815,2.7979,5.5908,-3.1323
0.6169,0.6384,1.7464,3.4193,4.6856,1.3561
3.2107,3.3367,6.1759,1.0867,6.2451,0.59
3.4261,3.2178,3.3054,2.9742,0.5753,0.1071
2.2228,5.7683,4.3703,2.5099,0.5229,0.5391
4.1974,6.0183,3.6864,0.4425,0.1203,-0.8923
3.2279,2.2113,5.6136,0.1397,3.0657,0.3576
2.0157,1.7474,3.2393,3.6757,1.28,1.9398
5.0759,1.7875,2.5656,5.2257,4.6412,-0.9436
0.7346,1.8324,4.1045,5.2335,6.2137,-0.2103
5.8681,0.1461,0.2794,1.7024,5.3544,0.5127
2.0458,3.3299,4.0144,1.3228,5.4493,0.3064
4.1402,1.3607,6.0867,1.3266,3.3836,0.6047
5.9429,0.7566,4.4867,3.851,0.0268,-1.0325
4.7597,3.261,5.5209,5.574,2.1536,-1.3104
5.8514,3.8861,0.2761,2.4088,3.8175,-0.6028
5.853,5.1178,4.6645,0.4288,2.0837,-1.1963
5.7463,4.7187,5.6752,1.3194,0.2333,-1.1421
5.9386,1.0276,4.1764,6.1287,2.4366,0.4605
0.6263,2.2725,0.3851,2.3821,3.2956,2.4435
1.3485,0.8491,4.7389,0.2632,2.8674,1.3096
3.2683,4.446,2.7883,2.9171,0.3313,0.2214
0.9996,2.266,1.0492,4.0882,6.1181,1.1198
2.1866,4.548,1.5411,6.2805,6.0937,0.3046
1.3794,3.6372,4.7968,5.266,5.3121,-2.7506
1.7697,3.9212,0.3226,3.1811,2.3702,1.0217
3.1756,1.2267,3.7328,1.0375,5.8951,0.8002
2.984,1.5392,2.9978,2.5228,2.1339,2.6451
4.9322,4.5827,1.5522,1.6256,4.5887,-0.4434
6.0585,3.2727,5.2372,3.6102,2.7744,-1.5186
3.0058,5.5937,1.5903,2.5586,2.6539,1.1144
4.6467,5.1913,0.4166,0.6231,4.2167,-2.1751
2.8884,3.4813,4.5574,3.8762,5.4426,-2.698
1.3715,1.0867,5.927,3.0115,0.7446,2.2255
3.8897,5.8616,5.1738,3.5254,1.8478,-1.7539
1.2903,0.0795,0.0832,5.3523,4.5592,-0.6021
0.9976,2.3886,1.1222,1.604,3.1754,3.8882
6.0136,0.4412,3.3289,3.7894,1.0428,-0.1606
1.4143,3.6476,0.6398,5.7594,3.2704,-0.2086
4.0648,6.0092,0.9872,4.112,3.4148,-1.0605
1.3343,3.8405,2.7835,5.5748,6.0369,-0.3949
6.2634,1.3955,2.8778,1.6066,4.4204,0.8592
4.1106,4.5514,3.6935,1.3512,2.6343,-0.9424
2.036,3.1595,0.8565,3.5732,0.453,1.2823
4.8971,4.3141,4.1993,1.979,0.279,-1.3703
3.2036,4.5056,3.2945,4.7593,4.8365,-3.3003
5.4736,4.704,4.5838,5.6102,4.4562,-4.574
2.4919,4.9388,3.263,0.97,1.4815,1.4361
5.899,5.5552,4.4646,1.2291,1.679,-0.3016
5.8494,3.2985,3.2194,5.819,0.1856,-0.8128
5.1697,2.2878,5.9102,5.8994,5.6843,-0.7862
3.9346,3.9766,3.9664,0.269,3.898,-3.49
5.1361,4.2206,1.922,4.986,2.798,-1.4341
3.6346,4.682,4.5171,5.3572,4.8389,-4.45
5.1786,1.7243,3.4125,2.6032,0.8184,1.0899
0.3865,3.4,1.4308,4.8159,1.7551,1.0543
0.4348,1.1754,0.7818,4.1693,4.1076,0.3265
6.0252,0.0061,2.0366,0.2324,4.0155,-0.0528
4.153,5.9835,3.082,5.7557,5.1827,-2.7358
4.5481,3.6326,1.014,1.0498,3.8802,0.1918
4.6973,6.0702,1.5581,1.0642,3.9631,0.4447
0.6888,4.065,3.5413,5.8554,0.6215,-0.6901
1.1835,5.7998,5.6884,3.9746,5.8376,-1.5195
4.1797,2.899,0.6396,2.6359,3.4622,-0.0815
1.9093,3.8193,4.7586,0.303,1.5723,1.0587
1.436,0.4238,2.0731,1.9002,3.7405,2.9609
2.7781,4.175,2.3703,4.0615,2.145,-0.0521
5.8718,0.4736,3.7742,2.3994,3.8346,-0.4429
3.317,2.7119,5.1486,0.6128,3.244,-0.2539
0.0146,4.1854,3.8026,5.1084,0.2182,-2.2987
5.3887,1.5837,5.1289,4.722,3.9211,-2.6351
4.6678,4.0395,3.8304,2.5918,1.4588,-1.2788
3.0998,2.037,0.7445,4.8926,1.6043,1.853
5.9433,1.6459,1.7749,4.7721,0.4911,1.0024
2.4282,0.4635,2.7402,5.2038,1.2699,1.3952
2.3399,5.5609,3.3772,2.0354,1.5367,2.1211
1.1362,6.169,1.6477,4.3846,4.3385,0.577
4.0091,2.2455,1.5859,6.0526,5.3147,0.2948
3.094,1.0059,5.4687,0.8819,6.1298,0.3232
5.2684,3.7391,3.2412,3.2123,3.2706,-1.8577
5.0553,1.9601,6.2072,5.5031,0.6796,-0.3177
3.6831,5.0137,0.7366,4.3492,4.6665,-2.6518
0.3063,4.8485,2.6461,3.6666,3.7843,-1.609
1.2526,0.6296,6.0224,0.3576,0.2416,2.3297
1.6842,0.0968,0.2642,2.4793,3.4313,1.7568
2.6956,1.5249,1.0289,3.544,0.1212,2.1862
2.1268,3.8903,5.4773,5.3899,2.6176,-0.7766
3.3,5.3042,0.2583,2.928,0.9407,0.6805
0.7858,3.9956,2.8044,2.5524,5.8858,0.5726
4.2916,3.9514,4.9928,2.8388,0.9602,-1.7694
3.3985,4.079,1.7825,3.06,2.4338,0.975
1.9295,5.8249,1.2524,1.2638,5.6513,1.4865
1.0884,4.5968,1.4431,4.6247,3.6742,-0.7143
0.512,5.938,2.976,2.2807,3.1538,1.1901
1.9139,3.5148,1.1395,1.7557,0.0157,2.4895
3.8927,1.5563,5.6451,2.2578,2.761,0.9533
1.7794,4.8917,0.5924,1.747,1.8222,2.5135
2.9644,2.5824,3.4788,2.5293,5.509,0.6887
2.7207,0.4909,5.4268,6.2587,5.928,-0.4891
3.8156,6.2519,0.0785,4.6715,6.0277,-1.3896
3.9118,1.1238,2.2887,1.428,5.9611,1.7442
1.3051,1.4267,1.4715,5.9438,0.3806,3.0816
0.8016,0.4526,1.9744,3.5345,6.1058,1.438
5.1565,4.1577,1.508,3.1839,5.1,-2.046
4.3647,0.0781,2.5936,6.1557,4.3191,-1.8273
0.9326,4.8972,0.2614,5.145,5.5925,-1.1736
5.4786,4.9873,4.5376,4.0726,5.7704,-4.2934
4.2291,1.6992,2.1793,0.893,3.1701,1.6981
3.637,0.9651,5.3511,0.5996,4.8242,-0.8189
1.7132,4.4736,2.4409,0.9656,0.4665,2.0486
0.4966,5.3822,1.7245,0.8918,2.8861,1.603
2.8038,5.9089,3.2421,5.9544,5.5644,-0.5132
0.6125,3.5841,4.1266,2.552,0.4008,0.0049
0.078,2.6961,0.6846,1.1341,5.0609,1.3186
3.0851,1.5721,5.943,3.2882,2.8629,0.5377
5.3155,1.57,0.0346,1.4383,1.7636,2.057
3.06,0.3007,1.3665,4.9244,3.5215,0.086
2.2841,4.305,0.6511,0.3629,3.3727,0.5718
6.1879,1.7652,3.8127,3.6786,0.8014,0.9289
3.1046,1.2895,0.6814,0.5961,1.2199,3.0815
5.6324,1.3915,0.5434,3.1042,4.8081,-0.3551
4.6893,3.3195,0.6393,2.8786,1.0945,0.7381
3.9353,2.2295,0.6431,0.4039,6.1869,0.8686
5.6959,0.1491,5.4172,1.7652,5.0429,-1.1411
1.8793,5.6457,3.203,1.5652,1.71,2.1244
3.7064,5.4091,0.1122,1.2374,2.691,-0.1191
0.9984,0.383,1.7881,5.6753,4.9371,0.8333
2.601,5.2653,0.4508,0.3678,1.4186,1.4033
3.5414,1.1826,5.5636,4.3458,5.2135,-1.9747
4.0451,4.5972,4.5475,1.8454,4.3387,-2.5444
5.0486,4.5085,3.6058,1.8784,5.7537,-1.7497
6.1617,3.6152,2.9048,1.4028,2.2123,1.2257
4.6261,0.6106,1.5585,1.0338,6.1978,1.2797
1.0748,2.0915,2.8518,5.2343,0.9732,2.8425
6.2185,3.8572,1.7518,3.797,0.6664,-0.0704
4.8703,2.7196,0.2299,2.0185,6.2009,0.5312
3.9366,4.1974,1.1496,5.3634,5.799,-2.0951
6.0454,1.6775,0.4577,3.6604,5.9792,0.57
3.8066,5.8055,2.7368,1.3254,4.0882,-0.6069
3.4903,0.836,5.3284,3.6626,2.7905,0.3434
5.0188,0.5115,5.5357,5.4355,4.4768,-2.7481
4.3347,2.6847,2.6208,5.9606,1.8843,0.8501
4.3243,5.3393,3.5452,0.1122,4.8338,-2.7105
2.4077,0.5619,4.6638,4.1086,3.1574,-0.7172
0.9809,1.6804,3.6025,2.4359,3.2038,1.8581
5.5288,3.6442,3.3806,0.6667,2.0253,0.1148
0.3619,1.3868,0.6367,5.4351,1.8495,1.8447
0.8889,5.9192,3.0661,2.1431,0.8634,1.6437
4.8276,4.1118,4.0507,0.285,3.5806,-2.9163
0.8085,3.7212,3.83,5.6487,1.9516,-0.1759
6.0008,2.9093,0.897,1.5051,3.2248,1.4849
5.6706,3.8345,3.3341,3.4621,1.2833,-0.8545
0.8771,2.283,3.5142,5.1772,5.0576,-0.6807
5.9451,2.4119,2.6604,3.8036,0.6601,0.844
4.2251,3.8747,0.9503,0.1378,1.5339,-0.4748
0.901,0.7993,1.3287,4.5306,0.8174,2.4829
5.3297,3.7122,3.4809,0.1189,0.7431,-0.7078
4.9113,4.2958,2.3248,1.8298,3.8465,-0.9519
4.7655,4.904,6.1965,2.0072,5.6213,-1.9298
4.5241,4.8078,1.9112,0.9139,2.7862,-0.2274
1.7808,5.8522,0.5355,1.0998,2.0174,3.628
0.4045,4.2285,4.6647,6.0103,0.2819,-1.8135
6.2752,5.9863,4.9153,2.2967,3.3659,-0.863
1.5729,0.0624,4.4641,2.0116,3.8299,0.1755
3.7627,0.3472,2.7303,3.7712,0.0081,-0.747
0.6705,2.0806,1.8493,0.4502,3.7591,2.2278
5.2203,3.043,4.2543,3.2412,2.6864,-1.7018
3.7098,3.6588,5.1979,2.7858,5.6711,-2.3513
1.1063,0.3098,6.0388,2.9586,5.0573,-0.2584
4.9489,1.9954,3.3055,2.8854,4.4291,-0.8468
1.2143,1.5964,4.0694,2.206,2.5978,2.7649
4.7607,1.9354,1.0332,5.4532,0.3275,0.5079
3.4497,1.0795,0.4282,2.9439,5.8004,1.1301
3.6934,0.8661,5.4117,6.0907,1.8886,-0.2164
0.7906,4.3893,2.1915,0.5423,1.3589,2.428
1.5284,4.064,0.0699,2.4366,4.3252,0.1668
5.1488,2.2736,3.0038,1.9801,0.1854,1.5885
1.5469,5.0268,0.8486,2.9867,2.1643,1.5228
5.1869,4.1517,4.268,1.3339,1.2232,-0.64
0.2812,1.8937,2.0883,2.8735,0.106,2.3692
0.2763,0.138,3.4812,1.1985,4.3223,-0.3513
6.1947,4.8879,5.722,3.9771,3.5448,-2.7614
3.471,5.4282,2.8465,4.8176,2.0144,-1.0429
2.9892,1.206,2.705,4.4028,0.3503,1.1407
1.3335,3.5,5.4139,3.2725,3.8019,-1.0602
3.7132,3.1064,0.3193,4.0789,3.8394,-1.6595
4.4155,2.4819,0.3721,1.0235,0.497,0.9626
2.6523,0.4541,2.3149,4.3721,1.5489,1.8939
0.3014,5.1373,1.5222,0.0781,3.9784,-0.1341
3.3622,5.0828,2.8501,5.9779,1.6207,-0.4363
2.7429,0.9604,3.9207,0.5596,6.2655,1.2438
2.0385,3.0129,2.3944,4.2391,1.4347,1.549
0.6152,5.0996,4.7613,1.0153,1.5718,0.918
0.115,5.6032,4.9055,0.8479,3.811,-1.2236
6.1449,2.1483,2.9291,0.8338,0.2682,1.8377
1.4535,3.0592,2.3328,5.3292,6.1364,0.6705
4.6019,0.53,2.4538,0.7191,3.3071,0.9746
2.429,1.7311,0.512,5.0374,1.5824,2.3169
5.7379,2.4548,0.6913,3.2734,2.7188,0.9958
1.8512,5.2308,1.2002,3.0242,3.5216,0.9043
0.3603,4.3303,2.0567,5.067,0.7027,0.2265
5.4916,4.6235,0.5374,2.5851,3.9956,-1.3806
0.2178,5.1054,4.7923,5.006,4.1674,-3.1983
4.3255,1.1964,2.3612,2.9,2.8258,1.1033
3.1765,3.0335,1.2987,4.8664,6.2638,0.0454
2.3908,2.9822,0.7377,1.6674,5.239,1.198
6.17,0.4542,3.2192,1.2206,3.4151,0.8564
5.8358,6.0287,5.2971,3.2212,4.2258,-2.4262
6.0128,5.3661,4.124,0.3996,4.1957,-1.9369
4.7889,1.9798,5.7507,2.3659,0.7279,0.7117
1.9882,3.0848,0.492,4.4894,0.4393,0.733
1.2607,2.1666,4.3881,1.5023,3.9143,1.4297
2.0836,5.7569,5.5305,1.14,2.8828,0.7029
5.531,0.4347,0.8548,5.474,2.2222,0.4441
0.7833,1.5178,1.5392,0.6583,0.092,3.4123
2.1023,0.6368,4.7409,0.321,1.1609,2.0576
5.2352,3.3036,2.9481,3.4946,3.9966,-1.5618
3.9106,2.3048,4.9395,1.7461,0.7075,1.0738
0.9551,3.6485,5.2366,1.4692,4.9352,-0.9804
4.9259,0.9964,1.9874,5.0205,6.0409,-0.4148
0.9664,4.7485,4.279,4.8921,3.2085,-1.9609
3.3014,0.4128,4.2916,4.0193,2.1298,-0.1211
0.6032,1.5037,4.8782,6.1683,5.6879,-0.573
3.0352,4.0503,2.3938,3.0313,0.5351,0.6717
0.8216,4.821,4.99,5.4702,2.906,-1.6213
2.0482,3.5808,3.0301,3.2158,4.7037,-0.5687
2.9094,1.8307,5.2393,0.5816,0.1686,1.1252
1.2531,3.2195,5.7855,5.7066,3.3205,0.1909
4.4331,5.6529,4.5254,3.5585,6.2086,-2.8753
4.5006,3.7164,0.7261,6.1527,4.0173,-1.684
3.1301,1.9459,3.0105,4.2481,3.8692,-0.1752
2.7716,6.0227,6.155,2.3132,5.1693,-0.4962
4.02,3.13,2.802,4.5798,1.7572,-0.2254
2.0808,5.6696,4.5053,1.7154,4.5705,-0.4628
2.7751,5.7793,0.2317,2.1303,1.1869,1.5305
1.7434,0.8771,1.0976,5.9789,0.7877,3.0741
1.8617,5.916,1.2136,1.1952,5.6969,2.1913
4.9858,4.4571,5.1552,1.3395,2.416,-1.3053
2.9667,2.7135,5.7413,0.6732,4.3747,-0.3666
2.9357,1.2755,0.2583,0.6032,1.4169,2.7979
0.3818,3.6892,1.1347,1.045,4.3745,0.4743
4.735,5.0807,4.7525,5.7039,3.8771,-4.2456
0.0787,3.4031,0.2743,2.587,1.3848,1.577
1.1336,4.2959,3.955,4.5233,0.8165,-1.0715
2.4316,5.0758,3.8135,3.89,2.0725,-0.7057
2.3852,3.3752,2.8149,5.7162,5.6911,0.057
4.3351,5.8812,5.2328,1.8179,3.2614,-1.7346
4.8977,5.1728,2.412,4.9955,3.5786,-2.4886
2.9436,2.7195,3.9932,3.7564,4.0468,-1.7333
0.7862,4.9685,4.3972,5.7695,6.2486,-1.2387
4.0192,0.9712,0.9386,1.366,3.1389,1.7888
4.1029,4.3486,5.3582,0.1461,5.9619,-2.8753
3.0497,1.7891,0.0836,5.4112,5.7295,0.0281
3.1632,3.2064,4.3217,4.1092,6.2429,-1.8483
1.5686,1.5275,1.6882,0.2755,4.0971,2.7319
0.5321,5.459,5.1965,1.9133,4.4859,-1.6199
3.0222,2.2894,3.5767,2.3038,4.3813,-0.0414
2.7436,2.1758,3.5851,0.8234,4.076,0.5882
4.5063,0.6916,2.2633,2.7687,6.1582,0.5512
2.8739,2.7441,2.7817,2.2427,4.475,0.8339
6.1993,1.6439,2.2335,5.1373,6.052,0.6182
6.2813,4.3492,2.135,2.4829,3.9168,0.2989
6.0525,1.1455,1.4668,1.0404,1.1554,3.3584
4.9273,4.5294,4.2221,0.6217,1.7194,-1.1896
4.1477,3.0188,5.3734,2.7141,5.3232,-2.1293
1.1074,5.0394,0.1684,3.4199,0.1715,-0.1118
5.0924,1.1277,4.4118,0.1723,2.3397,0.2779
3.5662,4.2205,0.7814,5.875,3.2219,-1.3291
5.9999,2.62,5.2356,5.5977,2.7015,-0.8854
5.8334,0.5212,0.3534,5.327,5.8145,-0.8712
3.1646,1.0154,5.1812,2.4976,4.0336,-0.2217
2.6009,4.0984,6.2704,0.2768,3.7551,-0.2126
3.1852,3.1956,3.1121,3.3144,0.5753,0.4258
5.2125,2.9653,0.0508,3.4508,4.1227,-1.5583
2.6483,1.928,4.9433,5.1816,2.725,-0.0284
5.2657,4.4604,3.2082,3.7608,1.7893,-1.1688
2.919,0.7871,0.9811,4.6237,0.0946,0.7933
2.8902,2.1879,0.3921,4.9667,1.795,1.7908
1.1239,1.2907,5.4056,2.3354,0.0599,2.4555
3.0019,6.1994,2.6435,3.8915,1.281,1.2048
3.4342,6.1745,5.7803,2.6631,4.1251,-1.2272
2.5958,5.6291,0.5195,3.7603,0.8818,0.3414
3.3543,4.8734,4.2835,4.822,1.1561,-2.6816
2.6562,4.8637,3.2758,3.4662,6.1617,-1.1704
3.2484,1.6968,2.7138,4.8986,6.1535,0.0791
2.5264,4.8585,5.6039,4.9009,3.1564,-1.4715
4.6032,3.1349,1.338,6.0389,1.4083,0.993
2.3237,0.5588,2.6793,3.741,4.0066,0.3734
0.7171,4.1161,0.7762,1.0431,1.1289,1.936
0.2601,0.8959,4.655,4.7538,3.4163,-0.9736
3.4293,1.0002,0.5474,6.0913,1.4681,1.5379
0.3372,1.2551,2.9106,5.0437,0.2677,1.1518
1.4722,3.4711,4.512,4.8499,6.1685,-1.4946
2.9023,1.5725,5.7112,0.8,4.5628,1.0892
4.7879,5.7128,3.6772,3.8493,2.4096,-1.7782
5.967,4.4245,1.9523,5.7324,5.5037,-1.5172
5.1505,1.0681,2.4115,5.7335,4.8019,-1.1006
5.3204,3.36,5.186,2.5179,5.5622,-1.9868
2.1359,6.0963,5.179,1.7143,5.8186,0.0377
4.9028,0.2144,3.5306,1.5255,1.0344,1.0189
1.5906,4.2105,1.7106,1.6711,3.2975,1.9294
4.8135,3.7817,2.0606,4.1085,1.5164,-0.407
3.6012,0.6445,5.3479,6.1954,2.7209,0.0546
4.9376,4.8795,1.0083,5.531,2.9033,-1.3839
1.0089,1.7436,0.8648,3.8994,5.0561,0.652
5.3582,5.831,5.0256,5.0947,1.1242,-2.431
1.3945,2.7364,3.9746,0.9691,5.7923,1.1881
2.207,4.5138,5.3608,5.2248,4.765,-3.2533
0.4671,3.3816,6.087,5.485,3.7555,-1.717
4.0778,4.097,0.5806,0.5719,4.1477,-0.6639
3.2503,2.2904,1.0268,5.5281,5.0027,-0.3523
6.1941,3.389,2.199,3.1716,5.4874,-0.7167
2.2599,1.7512,5.9972,3.676,5.1279,0.16
3.7566,1.746,2.1989,2.6779,2.0151,3.1257
5.3413,6.0975,5.2787,2.2998,1.3564,-0.5894
3.9871,3.3192,1.6967,5.8895,5.055,-0.9985
3.3514,3.6116,0.2336,2.0922,2.6401,1.1751
3.0685,0.5957,5.1054,4.8399,3.3617,-1.7619
3.402,2.1512,3.3769,4.1603,4.2774,-1.0179
0.9589,2.2387,4.9192,1.1069,0.1992,1.703
4.8346,0.0857,2.7196,5.3829,0.5086,-0.3265
0.1103,6.0001,4.3878,5.4855,3.774,-2.6794
0.6873,6.1672,1.4898,3.8314,0.2131,0.7951
6.1451,5.963,4.6653,0.1335,4.4714,-2.3124
1.8867,6.1169,1.1239,6.1805,3.3691,1.4131
4.7724,0.091,4.628,1.8406,0.2605,-0.8817
3.9698,5.0347,0.6157,4.5688,2.6554,-2.0726
2.5171,3.8288,1.9041,6.1066,2.8791,0.7779
