feature_1,feature_2,feature_3,target
3.107673792151342,1.4330884106919761,1.605190004118828,2.0271844528557517
2.490214265565964,2.3707406779899007,6.261660560421499,1.2748598862667828
2.564778651565386,4.849953007077043,4.778592943668447,-1.4480720253983985
1.9478461847479913,2.177382604840655,2.2102035328771095,2.5641615715037087
0.9139952154182424,6.111432455829148,5.712536603198901,0.08691129027060673
3.5183142467576918,1.9703487708555727,5.580725425606452,-0.08906656378302909
4.238467575793536,2.4572749048249762,3.1867318354047645,-0.30137362540295615
3.293039427380518,5.830801794705986,3.5900428723034907,-1.0178899687599587
4.199288792373762,0.32835104013285554,2.0549616474945,0.3211975355521893
0.3543819505431722,1.1298907251655748,5.817809704888732,0.8025229234025326
5.893723466702421,4.486776807313988,4.603612019033968,-2.343410326252329
2.9012462151289964,5.851714370368018,2.5536137014993137,0.36859645414909264
4.292708459157723,4.083541833280062,3.7621525730247525,-2.3114492941827787
1.3951146459301065,4.287376539366351,5.516990459387494,-0.6160041073934607
5.005922202623939,2.7143501760334567,5.76719894039616,-1.0356751413505485
4.912405876550933,4.560023485605639,0.78448517566622,-1.2601266647736822
5.757335785818722,2.4360600192381936,1.8530969871085772,1.0986929410553699
3.8750377634605813,2.9395645519545828,1.6043417149609474,0.5256428893649491
5.27156664069017,1.1222975478464687,1.4270004203749826,1.0365365414460888
4.146125990276638,3.010376151284936,0.46148326222764396,-0.26218624995400325
0.8731118780858597,0.7056468461278367,3.0020114747080693,1.5582712620442432
3.394781329276448,6.019737938961651,3.668075273580309,-1.0010581739001803
3.3091280789237874,5.794747375908673,5.77586217926624,-1.1334541986991182
1.5834183963276804,4.289107189853381,6.0587255404625875,-0.14115091118711692
1.4260420858791563,4.498868741524685,5.0124745860462205,-0.9354714313488244
5.885781374109348,5.364096641927589,2.648650418974613,-0.7066228539766927
0.03417970409929242,0.21906532152932215,0.08736998935164146,0.3371203078099194
3.700230222333814,2.406416595256959,0.7214287375303925,0.807168220819989
5.431524727377961,5.162623386604578,4.633796918782372,-2.6466762022136345
5.280038142835147,2.5228817633128746,4.703718192667158,-1.261424906023853
3.51625550760493,3.8530853145846087,1.8730279164594403,-0.06892158463954488
3.784859972190827,2.674606464242298,3.383774166058919,-0.3899943447200182
3.0582138870159947,3.140911795596972,5.76456794072225,-0.4115785175454143
1.6517050405451805,0.31225977144478856,2.907179761084683,1.5417535888250848
2.5649157653840358,3.060184441688706,0.4430637026101495,1.0623953061519533
3.6574962728583182,6.20164086129498,1.3137415146252742,0.3933267543196964
1.334398504997545,6.038989621278143,4.44192345765232,-0.23141544338483772
3.725729164527364,2.3929662482911103,4.013324902091817,-0.627329455067496
3.1568518033910395,0.5641865276179835,1.867203500920447,1.4706378117039263
5.203383684305345,1.102422345682207,5.68307486820665,-0.5570703961635564
3.6964910903091934,0.10388905597817943,2.324917904480913,0.30801201789758914
0.26470747382867305,0.7997272869674467,1.1263754832518351,1.878602830447962
1.0458901365899977,5.552378577986196,5.6922645945001085,-0.3581100933821816
1.4790679698075224,2.5588895734258466,2.9603865782750463,1.7380349672414774
5.216514181728996,1.8347380005662837,1.0921968769708619,0.9884063636972372
2.8785980476654034,5.670129658090315,3.7380989441878842,-0.8864976687303336
2.5925260334705746,2.5487800077100697,1.9382631783481172,2.0016830832474772
1.9972909714772424,2.6080623563794028,4.009721955383916,0.6536552531577404
4.996825746267812,0.23268779723980024,4.615257831496645,-1.7210589827067857
4.854205893711962,1.5357645966093652,6.189420449733622,-0.08451198702828489
4.241186805194448,5.609406272887941,1.5271577230609865,-0.5163553747029468
0.3248147766144751,4.459447188412275,6.014669063218395,-0.9035289473993711
0.14347790378971653,5.737443687979091,4.575878688740325,-1.3665923753180806
6.002988667378799,1.716160636042283,1.0718706493919048,1.596345549351262
2.026961975245881,1.7419406234080381,3.0825461245186614,1.9446518412169982
0.8213112567793306,4.638145207223082,0.8816790150325126,0.5069034807300521
3.585504142787851,3.3510610657127122,1.4672685067275386,0.36049340824214965
2.99641365692405,2.920061177875267,5.0644427469471625,-0.5742435668287141
0.11677369859472714,4.478758691200769,1.5770378054609189,0.14807177786976522
4.150210784389419,3.998907895032597,0.3580640590840448,-1.2514012801155372
4.517041914918786,2.1358019155872894,3.4535079946606713,-0.4521919812399482
4.676700041241218,1.1216286160960038,1.5752203377894733,0.904160757966081
0.8411909880955386,0.9473414833183944,5.9001016401695585,1.1797308139877232
6.103818504166353,0.8957094639544141,1.2306561660000241,1.5412863469780829
0.6308182235883327,0.5140429091735776,4.827846734219902,0.09367433394622884
1.3217104066894807,2.903940262530383,0.527850624610735,1.7042097271665364
2.082890278225454,6.209834150250565,5.6565760786827095,0.21094695610578026
5.437019973872527,2.4143987414991415,4.40190343531961,-1.0374811406136315
0.23329281773421875,3.1499255344271315,0.7156113702206489,0.8818177140940712
4.6099091467106525,2.7446260495589696,2.05451607284908,0.2842763049408576
4.721823859224985,1.6532232173652215,3.0480632377352883,0.08232770527763016
0.041221593207894966,0.03311961205580931,3.566705533033577,-0.337790643891417
2.217795335628641,2.3566130709358832,2.293972484776075,2.251069735785502
1.9416863341167068,1.0737794854267992,6.1520229517653515,1.6857162023884242
4.869903843948846,6.108232300088239,3.301580635462139,-1.316679121767909
1.4982526498554425,3.048215550380136,3.702322169010212,0.5480860868794897
3.1446246319179587,2.6997262398954733,1.5761309916078061,1.421877006032183
0.3608406946524681,4.042418331052734,1.5801905423880682,0.5727319341117594
1.203280720504612,3.208806241379692,2.392170696159638,1.550627013848094
5.76116117263651,0.3281393726830028,2.3721519613345836,0.5151746322980757
3.127275931626687,3.640103045973129,5.07396890624749,-1.3891548952664123
5.6077620314934125,2.9665869337745012,0.6200734717879227,0.12311181241700278
4.570673080402581,3.0727564682423285,4.4136331423758355,-1.8765314917877547
2.2452951141372717,1.2174500247290774,2.1206731096425417,2.5774469234659563
3.4338297695795164,6.025044026937473,5.755167107269334,-1.0357907925731615
4.440254385430363,5.439599698859063,1.433714860048077,-0.722412951648409
5.037134575212197,4.6440914493604675,1.2231967153601555,-1.0049801231830162
0.9257997696799811,2.3077129593941157,2.2017466472818676,2.347252649121985
0.6963704458356477,1.068325126183239,4.133780045777878,0.6816596276168403
5.947181663592011,1.605168850282951,0.6874386772510879,1.2959409398248396
4.932755491969588,3.0713675932780773,3.845439738225304,-1.5529646298079327
5.643859577036209,2.457782320832976,0.6796782633730397,0.6582461960304011
1.989765538946729,0.12723980889856065,3.7273209147578723,0.48598796605239847
3.672617309618485,4.341364062893695,4.2111335087397626,-2.308728997433082
1.478062296290368,3.67987531770061,1.2385376239638788,1.4238753944175735
4.112200152257726,4.074647598760313,1.2626985177550654,-0.680106950143134
0.1474862123221091,4.896863564434627,0.08278081126064778,-0.7461558640463237
4.014473058409058,4.744241458202856,4.036217797617285,-2.537031613986813
5.351524048940062,3.969462361226562,1.9061199945490688,-0.5832477932866841
2.5989625563159637,1.055462906460975,5.075472630721885,0.4527175698646792
2.739044272611676,2.4857792783195687,3.5611471446266254,0.603213358928099
4.879992250690302,5.933465482804964,2.059807537894358,-0.4495410312635842
1.4538577497852465,4.447952201574856,5.359767953586904,-0.7730081289483014
0.15064183227461167,1.5611854139149395,2.469678430469018,1.77693348005138
1.4156217800112554,2.8578335803862274,5.230769091878905,0.39849179711470145
3.854735267107279,0.6398194412437844,2.5823981977266874,0.4661636472166712
5.697545545662694,1.6285564913066877,0.8764850428982852,1.2081875356562581
1.5063453664588122,5.6853419740680105,2.1119134592928006,1.2946115475096243
1.0144006658089324,1.8816983917852383,3.565023916524004,1.3889474891518292
2.7279720963214467,3.851175175242721,3.4293638795261847,-0.5269678010372175
4.42157316419722,5.128261858424978,5.438812970367272,-2.6158122460930073
1.6736306025082486,5.364883906678354,1.694846370164709,1.1852398072755244
1.6884271935951176,5.743237783145779,2.9207536417978957,0.6993863608199177
3.804426911672052,2.0361194132526577,5.368281073793475,-0.5083710941336557
6.17196837733999,4.979054796297078,2.1830780970588,-0.2535915297870517
1.223795953129045,5.063014420702658,1.3860468517823974,0.9831445678564935
4.604276852802207,4.972253396802603,0.34319887130761284,-1.6165812381385434
1.5019998284361773,1.8459124256671635,0.9842547072786744,2.793484192536725
3.559590971062791,2.2546185485437653,2.0208582208230172,1.2667837151654073
5.452139173656361,1.9242190827920247,3.177166315651663,0.1686604552400961
0.4094990623897438,0.3176321373867677,3.7291846487985065,0.14813698330757866
1.3405023084194994,2.0838046542149025,1.2958693222002946,2.812572956573421
1.94895084077476,5.961458478916607,5.294980059625799,-0.21837257164362697
4.3697575533267115,3.6988740722276323,5.280060284450957,-2.326734597832428
3.253780952181533,5.461243777431541,4.526116830157583,-1.8298334427074137
1.1385955665541847,4.626301250569989,4.093309951589572,-0.903735892557325
2.7998964380022238,2.1956346298465585,4.221988410403072,0.2633227522803757
1.5906359127450287,2.1839970813740766,2.4478961588015538,2.4563248049252344
4.422852213473366,3.2430319382070785,5.814950255674367,-1.5114163702848018
5.794396359061222,2.2036137091981067,3.6826851113455326,-0.1862653350522793
5.957889582344749,3.6916262438663354,5.125098136059381,-1.7607969979496905
0.860272487658196,3.3152323919436197,4.479330225202865,-0.38719102500520797
4.413519561153752,1.1807132738855017,0.41768365830907617,0.3848582159643599
5.598815716501913,1.6511175606150603,5.829664456972195,-0.07566415603904533
2.113310115105134,1.611991621641871,2.592425074495732,2.370270410748251
4.831675225639996,0.8503244033917792,3.670243411644582,-0.7484011966798142
5.45648222174796,1.5900675593694837,0.41404811446803963,0.6672684792901254
2.76688819894252,1.9714509307200365,2.6782971738404586,1.7327605086800923
1.537649490799706,0.6001888290100343,1.5171682108655185,2.570598308798874
2.1295007879588903,3.5194418735840465,4.686249743778986,-0.5168312152009511
5.99268149763503,4.748642266137313,2.7251329967362725,-0.8715174802749188
0.3717647926646233,5.810363720727009,2.5497750583958023,0.467397310738457
0.6685935919895815,3.766119622677797,1.8148851849060317,0.9969245654046749
0.5055178197659294,5.20288538941717,3.4943848943197464,-0.7422552108876639
0.8439006133266075,1.4264609635284073,4.26048352717942,0.8377950064889693
4.926082094018249,1.3608889503870112,2.4454164422208615,0.6430263607213742
3.972867991476852,0.3955124952734349,2.739026240533272,0.03862816040532957
4.247040966498755,4.4914703928129045,0.9895940284053566,-1.0283937037149975
0.639586505028088,4.293685369169148,3.6433591982705233,-0.7964831142557194
0.26071142867220953,2.4023807367059757,3.8189462244383017,0.31331332298573833
4.074533446376756,0.2033349887940604,1.7001685196083176,0.3831037006523557
0.3455995714404909,2.8512090184662537,5.616740714580619,0.005653233351322843
3.171406555545367,5.392373016583293,2.481929802935194,-0.18995227596927367
3.9648344259228288,0.4809190414547963,2.1000573955989594,0.5903839082881586
0.2522060123620478,3.7708253579903084,3.6101072228556346,-0.7938552470437816
5.602820194515865,3.0305303413823848,0.5606045924512859,0.02040365653517839
5.778618137082419,1.4131208095016126,4.51310432315933,-0.4776492910462837
5.132856100159432,4.37777070990634,5.605434136512211,-2.483946848937532
1.4022941230027375,1.3486983597244633,1.9158729049263032,2.912504342270038
1.687068971258574,5.411213606839402,2.442650089106295,0.8692860601188581
2.4727784765687244,2.311470661484283,6.007966698492594,1.0906332421357805
0.45093874507298015,1.4822052565170387,0.14252672991858123,1.5708764538361757
5.5100900326986055,3.4857664243115423,1.0160328644865018,-0.18671074409336103
2.692924559544567,3.2243308614034003,2.701192430203515,0.7818281177180753
0.014919207435768245,6.096611464458208,6.166571920174385,-0.28184582937054353
2.8410062787637793,3.7332601646091015,0.17637907400715194,-0.09169476832688943
3.96668155261468,5.336085495663774,5.341488774988355,-2.346041289576994
6.009623625644309,1.5544945683637625,5.6614706123847585,0.142583963917178
5.48044871897587,3.9579996433436824,1.8725139323017794,-0.48363003126575
2.856304466256707,4.333156097471912,5.936493906725396,-0.9849769958121992
6.174078976072088,1.5096775250701913,3.9799512827807493,0.13181735038340958
2.0272331108563573,2.159428865046166,3.0698218840353904,1.8025840727298865
4.93167864664872,0.22488928583898563,2.6288218343074012,-0.2598417077212615
1.1863334379557868,2.2344385843079744,5.646848461646519,1.117161135683264
6.066120725991239,2.7332080856378957,5.036331848346435,-0.7578095363706474
4.826277962667878,1.1507811411032607,0.14294659691086922,0.06050793843731411
3.9492836734889054,2.3174568913284936,0.10089705911040642,0.10587142173606268
4.346330021728094,3.658422819565044,1.4017697786850416,-0.43684283417589953
5.027052818029738,0.730770046060018,2.9953363250473375,-0.13600415036015653
2.5955065696838333,2.128992726556369,2.7108560239773873,1.7852243853350331
6.265361700706915,5.672166354769833,1.6117427648155087,0.39917956691681344
5.985787651519166,2.0815945554677513,0.20563200472104176,0.7943366270265699
2.7894560701933395,0.5933533507179427,6.191935708751675,0.8212741487648458
1.162570591620388,2.292493835290067,3.008185243984341,1.790279563383826
3.3305772817474715,1.2578934275590652,5.116367948711859,-0.14879075801149427
1.81704675947492,2.2431366359119678,5.395595334126934,0.9715961500239173
0.828465633895367,1.2245506518592628,0.9864795007992292,2.506947646423873
3.973410918348868,0.6761107747197186,2.447310401904494,0.5247948298839725
4.4470871590742265,5.49060864019639,2.461792387135119,-1.0536111241267925
2.334819883226549,3.3216712308479255,0.22748681813137028,0.7668413143142654
5.605033088806755,4.705919665753966,5.638686302547323,-2.2291120916830587
5.6338872548203724,4.537305383814374,1.2842320892609256,-0.6355444342699053
4.257321602511003,5.9061796504122235,5.79609769069104,-1.745948212512455
1.944614125065938,1.269735272413557,1.9737884467198923,2.8068461460844647
1.578363522432666,3.635299813472025,0.011587187334646686,0.5312238835978972
1.3101650276064842,4.554183833675918,4.462551976149066,-0.9907218986946199
3.4856720525883116,4.451841165705436,2.944238425666534,-1.1090242341180248
6.177822523998382,0.30612940415102724,3.859689032033042,-0.45371342890044997
4.24172371469749,3.8135183302130544,4.764660140522863,-2.5172956711818495
0.738561021158937,1.3871657950315741,2.5130142269724023,2.2493992833928456
0.10304178929833259,1.7114965967061624,1.9222348070379969,2.038179101628977
2.4004285827989356,5.152548367752198,5.8460160136879,-0.6518894625034418
1.3036002328233918,4.585729432840643,6.166995162802457,-0.14692774278298937
3.126446529616619,0.2359295962011674,3.438783403725435,-0.038618445873377205
0.19845577490320335,5.8894176993407426,2.240703428432553,0.603019210650286
0.033945901881710906,5.086885560156977,1.0878245096839338,0.0006519226529794094
4.123727232143979,4.9061853910309186,1.3425630769728891,-0.8382738815937891
1.7811542624040742,5.688788903973906,5.246325705319864,-0.4308230790280638
1.8826684462493315,4.140321648897974,5.370918719494964,-0.6939687221677567
0.4168239892980242,0.6182139835822317,1.6047288990002158,1.9786091324535993
4.6557266656638765,5.022175394075328,4.123663854085991,-2.7756408776840624
0.012831717319337597,0.3762018266907039,5.281875315335651,-0.4642502514806191
3.449714503964358,2.201961148395009,4.352154477952396,-0.43432831444234876
4.292372737578592,2.1371911051523247,4.0932149146170085,-0.8815174958742651
3.1240710896669133,5.85939319986769,4.867045895311499,-1.373601375367973
0.48597558920856154,0.12193095042151919,4.130144852703594,-0.246409714172912
3.0345238013450944,3.40374503998143,6.173080223717199,-0.2689629210149921
3.28257930067054,3.387758468327973,5.950353632188118,-0.7162631251119099
0.9625096160729886,1.7602877667496368,3.9266338166088604,1.099023603364729
1.9099040336516213,5.251065230196753,1.8391058469296215,1.0539438810739852
5.359926190236131,3.896071926237595,5.477181680611999,-2.2042275971552625
5.324520579216152,0.7070253750714239,4.930356425826063,-1.1403643088530002
0.1241049524564027,3.687352421115652,4.60214857882472,-1.3886337022586028
4.601709658778255,6.078513562311875,3.700393281132048,-1.7262484654311927
3.302908700350665,2.5236879954680167,3.1125024611447554,0.45636067701451344
5.675647035771915,2.7705880677567265,3.193814100772005,-0.2637832117650456
1.632681964785101,1.0925033753244304,1.8418337564777931,2.847438605701915
5.471186060550802,5.982233322012962,1.7784738125286539,-0.04201492415723573
2.6997583936096836,5.526366305986718,3.2377312986241162,-0.3486472203439349
3.8898932068147354,3.5893739793181876,4.547259233090325,-2.0915900904857367
4.178270030774412,2.583100433292849,4.8266870868011855,-1.31682489238414
3.7371488904182795,4.451934400094527,6.2099785112875745,-1.5995173651932202
0.030058314629285352,2.071690346179847,2.7576575044022618,1.2945138062191974
3.0347764496816145,0.6824736145430413,3.062235868950151,0.8154635572695684
4.934331333942679,3.7777840932039974,3.1202359972029847,-1.5409247088565685
3.7991603483252456,2.026263559595156,2.993031004655804,0.44198956829581154
1.7324737717534404,0.6872663038059632,2.116630685695497,2.48094892909919
5.203475376585818,2.289845307928491,3.3326911665287513,-0.32502765756314506
6.051698320542018,3.229306494675389,0.586949821013586,0.24019921955743667
5.946927755723781,3.230542466082852,1.5389744959078349,0.5770483925180778
1.0970744055789685,0.13383310011237073,1.429662361853584,2.016959311539852
4.028471687943261,2.1639211535897362,6.212284851152106,-0.013063121625864926
2.6250424268567327,5.0817412400867665,0.18299962355786345,-0.270644206593017
2.5489145630796473,4.723575787367264,0.823634701223399,0.29549533887710167
2.6451228393969157,1.9834348806200968,1.3924138986272159,2.3738033756586354
5.548482078178692,1.1880796474647517,6.281047787050862,0.25482389201911454
0.20334048147331432,4.298050335379654,0.7370549334187234,-0.033362845444120395
3.4446196533849687,3.656284112694327,1.5434824223972254,0.2113930786008277
1.0310844351191337,3.901204899231123,5.766111014929461,-0.3278270627572543
2.078288425907924,0.5526005317463463,4.5816069847243135,0.4008250788560244
1.1424737760834318,2.350176324569663,5.347829228180411,0.8159018030697539
4.817695833897861,3.8864540393900673,3.922807864488367,-2.3665831284895438
0.5210165100819081,4.653005887699691,2.9572776926333693,-0.3169589803635732
2.054544629856675,2.9243953145752792,0.2219390710947475,1.3303382999867432
0.7225087200719588,3.396611755520949,2.322900404671608,1.1392332677740513
4.34759316890439,1.5158601169127215,2.515325613829635,0.6462542122925419
4.166993010779006,4.122647902682288,1.0635235514982344,-0.8188077928322186
5.993777752975713,1.6294623251357816,4.051982562668979,-0.07356147059636384
3.459726112948222,5.714202375306143,5.414146426945257,-1.6154280835152877
3.6487921178740255,4.386078626223075,1.334440050753737,-0.46526648493089845
1.150700584920967,5.804554197779779,4.048132784898518,-0.33455553241113417
5.427918049097635,2.672933312340163,2.6737838290160947,0.15050507039382793
0.042977812332468286,3.105960693977053,2.1405948597730493,0.9253745973849016
4.245109911310276,0.5561240923084583,2.215589430777429,0.4327539980485283
1.7008864396165666,0.7881761204401148,6.144508839755778,1.5545458689966851
1.5394668481645515,1.0314657707442734,1.3876831821141271,2.840846050058827
1.411324216029692,0.6420710874969482,1.6195691921709416,2.593062540091894
1.862582384199241,3.6867369598092132,4.353331769149926,-0.4917606933895663
0.364156541217037,4.7975683142905154,3.084273282644353,-0.5805873802667048
5.179405575594616,2.5548955444171333,1.842298796201907,0.6256487464393558
0.6028732662122799,3.7539031658782234,1.3149434339845147,0.956526001389794
3.716471118569236,1.8148114184771982,1.0431437720092362,1.2923855224800465
5.633000279770901,4.228222631351183,4.759959132830231,-2.478878305128745
2.191636711274708,3.15366447314769,2.988182798196922,0.9502277761789316
5.101384507651327,3.2567609260442167,0.897254335875067,-0.2575120387125124
1.615078332430613,2.623546356401086,0.9683752115752419,2.311893150216072
5.397249808064442,1.0665870568768359,3.4867146726067904,-0.24213305188680628
5.39484687879135,3.3961112407691636,0.8978919578757008,-0.24423083317846822
4.765049718741758,1.3233167796332255,1.342272630345392,0.9450281277783877
0.44536581517944246,5.912950980549248,4.695875708361897,-0.9234235980142644
1.189069895864984,5.988430072697844,3.0304261442502667,0.7541244434028009
4.066542299927355,5.904809506712921,0.3751647114583897,-0.7915854818674605
5.00137689715777,5.920369675256363,1.9652460170024924,-0.3826483919144333
6.197302780588933,0.4238224240401278,0.6128848757515901,0.903879596254159
0.5363405819887098,5.436293524740855,1.2566693813760694,0.7232355685343046
3.288705916183819,5.944075839343925,0.6753296128952354,0.1473379215523683
5.274965513906597,4.4894886912274545,5.872333848003135,-2.221928886334868
0.701988834696301,1.9380207729866914,5.006239162070939,0.6274908503197772
3.733254569247232,1.0799433635262892,4.157016081008315,-0.526499043027647
0.13547854297512488,0.9276998663738444,4.8335385907688675,-0.0660131185759059
2.5749788700776453,4.018437197544465,5.191930877285792,-1.122638705016645
3.4667469132340054,5.941673367234806,3.9247673842297996,-1.3679067831001404
5.426036799502986,4.477611021879,2.2781608884268327,-0.9623411633788181
6.0864527041111725,3.0610214728819516,4.005316379075726,-0.8781101933076791
1.3696568625149657,2.606205763334773,4.157779183716649,0.6393131737237482
1.7235643516831105,4.109863742737654,1.7358614702449622,1.150990000638657
3.7308332080557216,4.323657257760276,3.6109543422438874,-1.9204527388304473
4.535887918420492,0.22176244633974013,3.1346691185903532,-0.7589901227539918
5.468714076182469,3.736839479745413,5.813900196232826,-1.7438592961490287
0.8147988572324056,0.677916104539441,2.8255569972272196,1.6644790435570802
0.6453097181233309,3.861237830707801,1.1327451493154965,0.8419602940827389
6.188356140609276,4.13370113299219,4.130098129118563,-1.766854121009837
2.9588459326617023,3.3583567801803107,3.3704355611283026,-0.2546115961765487
5.4515442336044515,3.0904337147893877,4.2877556519322795,-1.5984991502205537
0.7448171080795021,4.19654224212621,5.665306061409696,-0.7716386081954792
5.836705974541865,5.48814985494731,5.6959257353569726,-1.700712901421613
3.66529434689514,5.158662508395814,4.789364248167943,-2.4003573973117334
5.208048118746823,4.24652812690739,2.2905714741601706,-1.013686467387304
3.817537814201295,1.5592405040769464,0.22771090050987527,0.5963425887025746
0.1052100957316362,1.796019461387958,0.8688380776362953,1.8478946406358694
0.8473951250511637,0.22817333810485077,0.8422103115168084,1.7176557035247555
1.7928231966692654,5.159801269260478,0.5040633638703723,0.5533992855957927
0.25121106471064547,1.8659625747696902,4.3413476561604485,0.2734616593722538
2.7130889003851886,5.671917005786398,1.7621417298641513,0.8244506330276494
4.145914050642131,3.153158683470506,4.733851575889672,-1.8594577823818963
3.810146558581619,3.6115788787450214,4.136990531442959,-1.923911126201825
5.047265174271971,4.881893658569021,1.1837925300451166,-1.012161518226312
2.364328790277831,3.517956658394998,0.07241414619154189,0.4001731004260389
2.895573379247415,1.9401970723408186,5.7984614167753215,0.7204787812582483
0.3658026208441923,5.822619138531365,0.2987019029301087,0.19462354163179613
0.4342965207798762,0.03868936122514039,5.005112285836955,-0.5035147429106857
0.09887201951341418,3.5078978664303837,0.29362182935050624,0.03255827523672563
0.09538840689960612,0.7998093861375477,3.4643318529785025,0.49265187414870626
5.923936130413813,5.243246594411616,0.5066473901311274,-0.731204404426826
4.461857687735085,1.2199184654849466,2.3043565053600874,0.7181306334897916
1.2519586756601018,1.873553384369548,1.960534481557074,2.8324123887345487
1.9464791735678797,0.8433860015949127,0.7268320614064893,2.344873550412226
5.742502856880635,4.369043981406151,5.261011377243383,-2.3063926676714948
5.15564491215869,0.09569491077155735,3.825433203404894,-1.4320777705643932
1.234299867875976,4.932740418562507,3.41930432591604,-0.29904553837758246
2.1646940984721503,1.6039301278621223,5.455627951029703,1.1019208945552814
5.467777910239133,5.40346875729517,5.693955011205867,-2.052422870355783
3.285396239685031,3.7088411445085017,6.101381618624438,-0.8628503766388159
2.4817630640186574,5.532121594785941,4.097398757290665,-0.8892471237954231
1.7463056224951,2.0086154215188072,0.1942661690971271,2.095766648864484
5.2459765505357625,4.152732846884416,1.0917357388889248,-0.8140310072708326
3.6522060670378926,1.1924766768423598,4.323728098541876,-0.48995657512972646
5.192883495221732,0.20801729660016502,5.851314267228597,-1.0968785147049704
4.085374110286951,2.552674236689253,3.9532979325360578,-0.981854760948309
5.475056854736031,2.4485615611290497,6.061161370652714,-0.30267674401579236
5.45733718205844,3.0051920427218506,3.2850141286454124,-0.7467448725321045
1.0138139115262783,4.013038047794892,2.9985305015869947,0.2256377324511443
4.86442833869905,1.3471776880955977,5.477016787923671,-0.7346464385849367
5.989603474419104,5.610115507000602,2.5106789122454676,-0.3129462541323222
4.244106505653984,2.6237358152349093,2.2463189005581303,0.3827755207724268
1.314093244999919,4.528224459640546,0.13671109048358887,0.11665182202849128
5.246587644662151,3.509032763463434,4.699578112392715,-2.227132737248197
2.3668584094248737,3.9795127170101665,4.925269710496533,-1.024628582475168
3.8018185686275126,2.5882198532216996,0.37498619742076383,0.27964170586723663
4.965535016815009,2.459857952049423,2.2635443707664886,0.42354837437934884
3.9819685502460853,2.9623107917677167,1.8499413466040446,0.3854877570314751
1.352909959108907,4.596079729879191,4.180509285350293,-0.8743846624080024
3.4914961507478997,0.5094879029887447,4.462724757433373,-0.8193494721565182
6.265621939708965,2.851448533175721,3.031730029573485,0.3754434339411589
4.261094775069612,0.05039576438099309,5.524432926796695,-1.5269135926055728
1.9902713533872074,3.260612620905615,3.418314080484665,0.5220746275892815
4.029475794155105,2.3458452474140743,2.2240022874993284,0.7255029985774413
4.2851119815840235,1.9616524268901632,0.6069830439697118,0.5969447666758099
4.194197254987496,0.5207711573175917,5.184339053713079,-1.268332119505355
5.443005606507168,0.42559898404384006,4.021585119242935,-1.0984638895636707
6.044609190732351,0.7819522092435839,2.5346523373878678,1.0454906268102657
3.1458329262883034,4.71739986902837,2.0413164262040078,-0.10444565874824449
5.9740971234308775,6.210305989609998,0.6416477695564488,0.21341802066303564
5.363787295463205,0.17215282432842366,1.572609886504737,0.37163736194646013
3.401416645318189,3.37260992371757,5.586856511386062,-1.1184627598248913
0.7684455330364267,0.943821265014772,2.8261926565127506,1.8138811382905167
3.2070114329156283,1.8975719958685975,2.5344176990726117,1.4530596632828252
4.457217295187688,2.0284560617302727,5.153898039732582,-0.9843591899990829
1.4874493894258722,4.35623578215008,2.8712433489060336,0.3200414997906762
3.900562773430477,4.908122244787609,0.21512319483254635,-1.4604501561663408
4.515240446298104,3.426434404072013,1.9039019848874754,-0.3096420705446401
5.300985906341305,2.4181458411929038,0.312940776582341,0.1484037885247359
2.4909366109366777,5.788945480272397,1.280134785000774,1.0896180739591055
0.018052770783994598,3.7449777695963937,2.3109667434678713,0.1749272501026908
3.0899754258272227,0.05807147638702831,3.0369476814642993,0.20081563195820282
4.801093681786295,1.6138338197824158,2.92851350911795,0.21290726472176033
1.908996823412298,2.6385626407239764,0.1487359516467775,1.5712048039382034
3.027381567353144,5.274190014646374,2.5227836112649182,-0.1465284590276862
0.5337527383324334,1.9371420382681273,5.976806003652912,1.1446144915701864
2.66381559492109,1.8665520943202367,1.834544361801314,2.3873187136340053
5.559545052625672,4.1250356077541115,4.669211310971189,-2.504481265194146
2.312890426807387,3.9439672350472446,2.7300024968657652,0.41702354948956527
4.937869411100544,6.162680731232428,5.1660203050061275,-1.9904729698422308
0.9933302621326635,1.9506868811488058,6.209086874543989,1.6901926889966812
6.034575013054497,6.079738690735695,5.585718073110604,-1.0946567854497329
5.090512987097287,5.762280069392349,4.053833091663046,-2.2218794262575954
4.9303845403839475,4.376364106034845,2.8421418027126273,-1.6165784747212808
1.3840357385535482,4.389451482189864,0.9719884302324965,0.8535050806774052
3.4969863291432817,4.448566820260673,1.5867843751391766,-0.30525755920917885
4.468591227421151,0.763431215358784,1.1593894463897387,0.62333373060511
3.6281302651050353,2.1335408950973767,2.0304838375516714,1.278360468969997
1.3084050519352104,4.960301573155799,5.34255951644269,-0.8054622964148612
5.978199269885042,1.9210015326483596,0.7764847234489098,1.3383666566329413
2.6374430349031193,2.4810054163670467,2.5261701649186445,1.6660482345485876
1.6542652384985812,0.2415131468916791,3.754827315812108,0.6576852523826171
0.8635263869923095,5.822767934857507,5.852414760288036,-0.09373634777985372
5.425511171451837,1.4317159082609179,5.918811848620855,-0.12250921602161567
3.263271572111304,1.1785718222230002,0.45919610584805853,1.2459663447341465
0.4760023770968181,1.465503754210493,2.0445751622432584,2.3346597726940104
4.1248202782948695,3.529448583922128,6.219342613478736,-1.2715063468907368
0.4610879864997604,1.209718573469522,3.9829918605603174,0.6437251744789435
4.472113530197716,5.793575963956293,4.8409355755288335,-2.4404198942099513
4.973316459388815,3.1131031270290697,0.5609973513251478,-0.419962351483164
2.5235979183659616,4.7113659325783015,3.5813611130660754,-0.8428309348107036
4.113873978164359,3.174773047296903,3.130319117425383,-0.8447176814568946
5.034031779214892,5.909390447995424,4.940383398702928,-2.287375024912377
1.3868162086155948,2.837569095732447,2.7065712084901996,1.701259359676551
1.8157043886766415,2.257071726756744,4.7231509660965845,0.738086958847186
4.887227472766429,5.608317491280627,1.8039338897515196,-0.6299777498439186
0.1758235503674267,0.24733293242579193,0.5755524307567828,0.9606529767986843
6.00744005054051,0.1379919093436078,1.919814918010673,0.7939986541634562
4.997392894222219,0.5158740423946032,4.681111800490488,-1.470615041236786
1.9320078983916098,5.40879747103092,4.861415257977612,-0.8009484685416435
4.449364083933503,3.069625331437047,4.5606879048010525,-1.8757078967388099
5.99769625652706,5.776295867519021,1.0205138701733085,0.08946629828411688
3.2785494088210823,3.918881089550086,1.66612241951666,0.15533615308176021
4.925459266004599,3.737021427977867,6.148764702354747,-1.6700422415446772
5.930713068497649,5.93262430815568,1.6514764604397485,0.30393526522883607
2.009924604830744,5.270762039238351,5.648156212298388,-0.5358551478175446
0.2864670143374929,1.8056117113105021,3.8328208734810247,0.6237649521917974
1.3491688726238873,3.3431636533377054,0.7561450849976795,1.4599687602708873
6.22755073689724,3.939730457838318,3.8084806452308384,-1.3814783520550875
2.6092847781925035,2.7809874286361356,1.35093487105325,1.830729295843276
3.6084385510192982,1.3174891421998083,4.941788147323765,-0.44046839903298585
3.2097001476761933,3.185853860608252,6.0659925878422545,-0.3309063317081058
1.69287526688766,5.87353856868487,2.1647203351380835,1.4290949778804911
3.023933434930191,2.2664200951996185,4.1242432522250265,0.06067645899092775
2.273822331965072,3.9621000208770587,3.6690611658165673,-0.470954727748166
3.9928008055399156,4.548054547282494,4.7265705880988715,-2.741706489571313
0.7174246657731351,2.159591169696622,2.2814088561252746,2.2442004508726816
1.0941101251855523,1.7010930707737246,4.743869803643253,0.8837865002914659
5.897093023016487,2.02962809091144,3.0426685852022266,0.60347062743613
3.536710054509753,2.808801320369777,4.110064782733369,-0.8817240815786759
2.0620066703514968,2.33353625048086,3.146870255135688,1.5953257068415743
3.404357815152697,1.1839575807043083,6.278487216822311,0.672147512201236
5.853565246522488,1.3996139787800022,2.9138723372118434,0.7925886886078912
1.123570613713294,3.69395926431986,5.405114667215143,-0.3887238477103695
1.9932889305491555,0.776247947736131,0.14302545810206296,1.7599442210092477
3.773424048618307,2.7401428655054354,1.4399081160112008,0.7963015191893975
5.162585112907968,1.3855164709742132,5.263080212266303,-0.7591646472096798
0.471104973956188,2.3701323692568748,2.8633688776682815,1.4310565537113002
5.3783872928722865,5.761766330721627,3.4882187884407676,-1.6214399086744302
0.8193674284901097,5.580385576916593,5.035470976581518,-0.8704768912007053
1.1441249231829254,2.641201276420788,1.1220512822310746,2.285928196201601
1.8573237023234332,3.025145085026116,5.434856991709123,0.3362870759585965
4.812928648518553,1.5821116881111905,6.108296198931552,-0.16251481437885285
5.769804123631421,2.8750278167986765,1.267890517351671,0.7297412027927829
1.0419155330860157,5.709468721630821,2.0999735541907536,1.1794419767893836
6.147316936099252,1.0528264724609495,1.438380212006028,1.7222141920136254
1.612126052619313,3.7444649937388084,5.7971500231511355,-0.0386325857130178
5.761971636702528,5.176638510460307,4.287776549673169,-2.3098423975050784
4.542659889485758,3.1193430195197975,2.6406462975949823,-0.4905114969304805
0.3571588030112991,1.156650521098253,2.957827291168596,1.4417648225549298
5.5460428074193375,2.119095223590934,6.274403554709237,0.1669894059979096
5.015584425350623,4.150486640878414,0.592403521509995,-1.2361316707948773
2.0177419065590385,5.7770454090240095,5.731079671427964,-0.10426677929463359
3.0454865064490666,4.039596810913734,2.813324607735867,-0.3653340417346252
4.158611598731221,0.9104945742319549,0.6678268906686409,0.5671710306724205
2.9119191449726984,1.1963725713874056,4.653273214680189,0.1583249651836623
3.3079421425714757,0.4080412579887239,3.0564872457882832,0.3130021704892554
0.8786816999311323,3.048661551632932,2.910290983154265,1.1019423376510344
4.473966674184278,5.496363374219359,5.844971176657962,-2.102348459897479
4.820538578212833,0.501320388179265,1.4929039243372375,0.502353495807202
3.5874391929411193,1.6231990679265464,5.659734393010684,-0.009722342074043322
3.038809858573943,5.527729398326204,5.864729360543481,-0.9892692463424116
5.268833858387572,3.9118680090065197,6.064787666649814,-1.7610504938032652
5.37313796099769,1.782708903204894,4.348527411136086,-0.7277462564528713
3.7920980247446465,5.510166510351355,6.224671067445252,-1.3536755306887618
4.819987286461586,1.9412022466168073,5.42968816424368,-0.8210645875916452
0.3992095920255359,0.8209038191277719,2.497686846566468,1.7204209976544143
2.484865995840972,4.672085894160074,1.7380144396703316,0.6014001422544151
1.910897409306945,0.03181556977393062,5.554690284534431,0.30738142664916557
4.7850139661848425,2.146459450722451,5.012442516615801,-1.118907406597134
3.217331189462292,0.41238310935829237,5.032597816885718,-0.6142118373483814
2.4740279894759007,1.2309556549970306,4.213238596004581,0.6853835101166694
5.202007774204266,4.260024788603081,6.04708516377574,-2.019536675679295
0.12018730765167275,0.5724816661190197,1.633801904198387,1.660235999620023
0.3306405704287237,5.953421154975359,3.2413349024449993,-0.095567453356998
3.3103851624945593,3.283088675265777,5.431386999813604,-1.0748545607787596
0.711622268053349,0.05091472118696652,2.153939681036012,1.539932551876081
1.6576165758568042,6.204097546169261,3.9108527202980095,0.2093124173530976
6.037808102775692,4.869251445554554,4.568617691278902,-2.2211575067396847
3.7078242495070826,3.6637281741687207,0.1939527521217005,-0.8416814705989122
5.04388300299707,0.8198462408465389,2.9709424102586626,-0.05564166705205944
3.993620952245018,5.7604958477568,1.8407281114044574,-0.296193795899433
2.1809107093910693,2.978627995259913,4.093932527286595,0.1693916149679579
2.6645854357742755,4.794197179167127,0.20108103923670492,-0.3415415802710445
0.06112344064780882,1.6865965159187997,4.694364585983902,0.05988921222392389
4.163336259211753,1.7406960568785812,0.852441959621733,0.8926568355030196
3.4986666859305897,0.3680601103048555,0.9013820405755812,0.7924714133378685
4.852518506600455,1.691606975949381,2.2320554129295633,0.7884212507408567
1.1733235585476967,3.1046226898407,6.213407613374098,0.89134599991846
1.221032636163005,3.775202979839166,4.0474327423912735,-0.43368189301359716
1.2556873986797528,1.2892860781398436,6.209482420461809,1.8297875980375862
4.469782750168908,3.8111630655459408,5.888311024143621,-1.9787122410883191
4.894458192605961,2.1035687404638668,0.36585453867692,0.2410413034381901
2.7878947160752126,3.097455737313733,0.7777876385144953,1.1055672335768496
2.6730435404429245,6.238580248047105,1.5541441018882451,1.4097480598990013
5.199915628838776,5.730604549070014,5.708339985970824,-1.9496075593486855
4.720629854941869,5.919282487043204,4.3576113354883965,-2.2955664244387997
0.301314789298771,5.101353896255974,5.788926479056411,-1.1098882235254526
3.5381572504515453,1.5557377081230297,1.0035126850130933,1.4609139076049096
5.357887834207494,1.005956420074706,6.03745257243039,-0.1933458476376076
5.777538739522571,2.6049049738819923,3.9140950327655473,-0.6706609874433134
0.199064293625752,5.796108452771983,4.629646734865495,-1.264650426824163
2.286975362569816,2.0853600695453807,1.9631642425345146,2.544895656433929
1.4541827857255996,5.789920048269126,3.957312059716151,-0.2077855954408359
5.5705192641443135,4.308748434427159,4.946880496260646,-2.536236799517872
1.890738083552545,4.022235100783399,0.8182580759970003,0.9114111193617335
5.720172745378827,4.094150109832885,3.7170075097917548,-1.8940406354954789
4.18783684714449,5.714057223236067,0.5909344697631238,-0.850183335315746
4.8812201845765015,1.7068545047404602,3.0682484382602286,0.07900187619549852
3.0446374396994003,5.16885621839979,1.902075170249924,0.15367375065450442
4.4599503191773335,4.780395653107986,5.674187339268774,-2.547644111726574
0.22166381891439843,5.917771959975643,6.195248794687178,-0.22635694451501834
4.623916546311009,0.9328196130838798,0.713232206285797,0.4620852869551289
1.465617022361897,0.6461266519834539,2.403905698611278,2.2729159994851456
2.4690658324938406,2.8432350283205565,5.189824138080897,0.027209490938969697
5.035376358102537,5.982926135937511,6.131860648889647,-1.3924614582446295
1.4172819439065565,3.061155662206774,5.542838809039302,0.39550640705040613
5.71042543507789,6.199893990069494,0.9963662541619631,0.20930919840778744
0.7754546808238718,3.834063561457589,3.2571399747151335,-0.05510429265399578
5.529611648159968,5.460158462948681,5.714554546125298,-1.9592938493768453
3.8001629328556747,5.138738192203909,4.9994568585893795,-2.4826053992440125
4.703661144537697,0.014530093073180508,1.3843385077321855,0.00010250126623935008
1.7594024945588982,6.063679371994927,3.0512862079369913,0.8405627980737095
4.01439448310959,0.18683477738492196,5.655737698506289,-1.170119036146354
2.4598304381527147,5.460560064802211,5.610132765911089,-0.7282248853803395
0.0785599859248957,0.5480249333369649,2.1128168307474575,1.463977276178468
0.7034273878481028,0.8094367739032204,5.076457098683303,0.41933550831823263
2.3072109706769006,0.06360103001314116,5.538467521515177,0.12374724181905335
3.7400143905144274,4.874120247745495,0.608479646327238,-0.9678569848963745
0.7572817182927221,4.790252512263967,2.439173465246159,0.33204450585069634
2.086139881284678,5.998208920829843,6.22059688828779,0.5261215036719841
3.3676664287906184,2.20570183336709,5.653920001430189,-0.010127624416933219
4.03425398693136,2.6783878789959705,6.116733939718603,-0.5038519808974896
2.6016222543639453,4.62389330448011,2.5969116564980075,0.03898262048755612
2.9561495602204917,4.460167436955102,6.236246501706914,-0.8371194127642756
1.0540705881134251,2.062591792519388,1.31388877203813,2.7178452545744145
0.2845810771124302,1.9696360244400852,3.498646827217133,0.8535716019476091
3.598420859904208,5.899369552622196,0.33792291660024565,-0.48974571154240026
4.044946730768339,2.922029780587217,4.441823381050818,-1.5262078189496504
4.481000979948972,3.1760887677720087,1.8991660611363999,-0.058842691091900545
0.5696206261087426,0.35646586820582715,0.7357670893898517,1.5508053190456816
6.200678218134998,0.9692443813270015,3.973100307502364,0.006872422205640766
4.349269802229087,2.0417321882747923,3.1191010871648066,-0.018218154232553675
4.658584323271447,4.684140860400854,3.672649763503077,-2.5075255536599546
1.0155278083557693,1.055304857242763,5.1987167481176675,0.8403843385282121
1.176605433472905,3.80291480543242,5.532675122437055,-0.3760080936349555
2.394677050800549,1.6481607399365947,3.8521004840512263,1.0250379450693747
6.087779284363308,4.457407932720289,3.8521452923087325,-1.8285119055805135
1.9332161190767931,3.6199466548730963,3.7802438764388424,-0.12065056680646648
1.566464689626938,2.865237110011393,5.888148910672962,0.8794222995524958
6.056896956510074,5.363171650423322,2.172103520626865,-0.1952226256558606
1.9919099297784753,5.965266685934346,3.1143289098967952,0.6202322634529083
1.703242791547665,3.163487127932959,2.93441883864858,1.177031054358312
0.036854985975299064,0.7236797524860116,5.937035807488593,0.359463675471559
2.6234482089163436,0.579665497565569,5.74932280091897,0.538544535411796
4.858533687197057,4.193882980681556,1.347785596892751,-0.8835560761025059
2.521214897887531,3.1694120808587556,3.8871806162169396,-0.13481372738329142
4.975096784691537,3.081504215932373,3.5820976483553517,-1.3423069040997568
5.647105076303862,3.4123270537510146,0.6262480169437492,-0.281684997004653
4.021928052402754,1.052836847406557,0.05767149621366072,0.15979252918629122
2.0916836608483353,1.2298725494427112,1.8484877379277844,2.77682562734487
1.3947061836719583,4.058452918869379,1.4938185573702616,1.1828438222794968
2.9996033727173126,3.428013153397406,3.916598373110891,-0.8460072650041018
1.0182017367258602,4.342507713305741,0.08219822970853799,0.008626859213624976
2.9902716968894727,5.146031244124937,2.6493652255025846,-0.2836239068835038
2.736500304140379,4.491044921360119,2.841365789896931,-0.2954627510313563
1.4540107839017553,3.688600104816827,3.484444896516499,0.14926112571871364
5.779649771880485,0.7618186260189677,3.8829175680528474,-0.46151012956870535
6.216272327323619,4.063664863371653,5.971946883914686,-1.1702907877640665
2.5981360938362297,2.131164330910504,2.088351423513581,2.229757577588729
0.9698006722105033,5.093045452535507,2.9410379833143128,0.08643540198422689
5.186207266530361,4.67682961279417,4.356809292962623,-2.817036472188582
0.45420715011287144,2.004307495721537,6.202590225858871,1.262625282754512
3.638147683811227,6.146007195197658,4.5141967394845715,-1.5917974231918595
0.7091152413269434,5.7838274394388,2.8445350993603897,0.46085181225408145
4.92577167332086,6.021110989107512,4.818751295830793,-2.2169124104369877
5.6342896649144105,2.3752037833272666,6.183111455283616,-0.02099047649735861
3.5032016828149874,4.7567280170581565,0.2836917549706776,-1.068270973024623
4.77844689941239,3.0493691142774506,5.9906256677614715,-1.1852178414978396
5.957161552194062,3.0425095221671152,4.012175460282681,-0.9881517980052569
5.211899155862853,5.539009162733073,3.684219206249022,-2.0688540873592274
5.826127605050146,0.21848442807652052,6.276827852037583,-0.23723315785346777
3.8772731960821445,4.6839035275625385,4.509399102913111,-2.6504972609831405
1.6402740562585294,2.5930227736779714,6.160812358112398,1.4008450982994578
4.372077993743528,2.4194800624859703,6.005306472532695,-0.5549348667717183
0.1751102166624931,1.19571128609721,1.6429504042627685,2.1035546344302287
0.6885348255135151,0.706051895234882,3.056564886458546,1.3769146827163223
1.8485816859045476,2.1603017077634163,0.872470765496814,2.553058413474366
3.6578327832578204,3.7037218493227155,1.0342712993295073,-0.1711256707440451
1.7051778386260923,5.71235811611714,5.090426135635277,-0.4759480860512579
3.803849636602915,4.05628454768663,2.362175124779739,-0.7000620266513717
1.5758146363850092,1.1610923326355647,3.0350392157373394,2.0212783822459923
4.286138790468944,4.49764617522824,4.191678860140286,-2.7615683571061047
2.0572237656200683,1.1910467108097806,5.629610919089983,1.201326033244941
0.25060551843657153,5.97128957974761,3.6026825638206756,-0.5082785686232195
3.739577916996976,3.9425075828670333,4.657378355701779,-2.2758074993183817
0.08256972443103837,1.042506177026994,4.074424379866855,0.14287946038834587
3.492692207261063,4.4441833071421,5.364223372886702,-2.102825089133127
2.5357546484300393,0.8945238890724111,1.3044274845457435,2.3094003568798698
4.136568057123159,1.039874862806662,1.2028333847263344,0.9496864188846948
3.848164179830044,3.7480565609339864,3.792491659328364,-1.8229456934149355
4.948258418717569,2.6104038667500786,1.2517109247448714,0.4863287407491591
5.030560584864845,1.0119333270403736,3.33130344152483,-0.2992599089460284
1.5204219586492602,5.231633841442162,2.853433483707164,0.4280386951925052
2.446876423123406,4.954744638418951,2.7324721004972257,0.06905198145642756
3.1779827143607613,1.501437403188205,5.696187563244772,0.4108732670468798
3.035217208440063,5.120699319304173,0.04391593588160267,-0.7552008574581457
2.657853666011892,2.360820071442899,4.408764460890787,0.21771940689378624
5.459740143476727,1.0175897469336599,4.849521726774379,-0.8811666578015158
5.138519770409551,3.7418528326005585,1.392439274161678,-0.48532283278313537
3.6086550940679007,1.2150838833135817,0.07517578082271634,0.5613596451288744
3.3696768115785813,4.2468071682444295,1.6824975580322596,-0.12728686066287914
2.171139004135652,3.6783830215647897,4.36866113668056,-0.6368957093403272
3.0336147507461106,5.258330904637817,2.7046531855449443,-0.31845042893779535
2.193265305579539,1.3154870056034027,3.7417343986017846,1.2089636609566412
1.072341408363653,2.066331897074357,6.130034463222933,1.6133190974818212
0.9352443242581013,1.2534013734205762,0.8372339731770287,2.5029752735856405
4.874230698412487,1.514762636264477,2.393106388229492,0.683650013344537
4.134720040511637,1.9750831309282078,4.53649397877908,-0.9003419810717362
4.284331198164001,2.492961791934612,2.6703144852886664,0.13755104480628189
2.4457099922389958,2.642349948737329,4.626103397036726,0.11858991177855997
3.961307792692924,3.853442402238651,5.124301511644489,-2.30742364755489
2.9527735573081717,4.62858972951107,3.661646122020668,-1.3056645108489944
0.9880615853824528,4.006279591396776,4.104428171872781,-0.7512989216635781
5.387955525102751,2.404763873377724,1.3523759576297414,0.8685618243926957
2.8522297571005106,2.9417280268096113,4.100695334454005,-0.330527769328034
0.08307092804428068,1.9824523738315512,3.1996695339620294,0.9477845461441782
4.142735211435465,2.606480718470179,3.7755614447615122,-0.9320040629018999
2.8060662458728776,2.238644294989229,0.0005257429081123943,1.1217781432105625
1.5833763147564333,1.9370177814572374,0.5267879156473252,2.4364477015471526
3.562249231038262,5.909243679923267,0.41546958272928086,-0.37374158856566303
1.1030539473296115,4.276958107991549,4.882894233427481,-0.9983630185383887
0.962599939809439,4.976496535083185,0.669919342993872,0.4873052146273613
4.953850335929874,2.5905095134979987,3.8995907545983797,-1.130070627953652
3.3089169759692902,1.695376997224612,2.299673593950754,1.576187749839008
1.3498696770472964,1.049554902885949,4.062270658696636,1.0491620741091916
5.100395726699134,0.5543858418406719,1.1765907244568479,0.527457967922636
2.0680847962774314,4.465997498920329,0.40835935692499886,0.3094175119542568
0.2987800842991319,4.637545885724935,1.834097234800161,0.2645788829158336
2.3546442991842342,2.2787905571013476,0.6504592675866896,2.0687054175687516
6.1156163969755,6.049196067777675,2.691723741559696,0.04574505373369213
5.285044692486352,0.29640409099577886,0.01639460742908669,-0.531374940289167
4.096330508211244,2.1869638376232574,0.7110732417688531,0.6616587020685236
1.4750123701096303,5.294987579968502,3.5372153174539807,-0.227765390678842
3.175661465548487,0.4135221256102237,1.8250724748141334,1.3320061347695173
2.623046013479472,3.2127479297931676,2.26382807648839,1.1883353628983888
5.868791390341175,3.1018490235860257,0.40117950883877906,0.0314074210153127
5.849925490816949,3.20301067893827,3.9597672668305974,-1.2095709309377616
5.9423276758391825,3.888405757584715,4.006563016596257,-1.7755065515927153
1.5490171000546278,3.0913564514284597,6.093630675375551,0.8707575647690187
3.5013383296765794,5.189730166203499,5.793674927388882,-1.6918843245332966
2.2209398255852015,2.1900917477621706,3.4958401407552087,1.2605764755494422
5.165924312953882,2.8456948538341935,0.3355987535598169,-0.27126358952497176
2.1462428098218145,4.468400492716399,2.3074805701602523,0.610742865069543
4.180424485465693,1.6735112162425558,2.2051660554180232,0.9430929388151543
2.492602816108053,5.3798735090735725,0.1485884955493448,-0.024452748154379953
4.268087074088433,0.5071493928277516,5.157166907445977,-1.3113212391249387
5.073594683341297,5.719820062423077,4.964621383272843,-2.4371287707006144
2.2057575208506273,1.0425324416181305,4.707068798369643,0.6660019552967881
1.1905590020081631,1.3406035592911973,1.4473520336402939,2.8979025657839284
4.749445658015527,6.143580524149433,5.345846990036165,-1.9383264315021653
0.5801816777889383,5.423337636851995,2.884702818128365,0.050534797549361785
5.91519633742442,5.342564919113374,1.1725812813229264,-0.24989521920790042
4.486727648145108,2.738027460933607,1.480715036513888,0.4268656825919382
4.7623081449574585,1.3391010392816645,1.1438043415921182,0.8757723357298689
3.6077479468201137,6.255555464968471,4.862633056334633,-1.4605549993805693
3.538305337769914,4.3323948711588995,3.276361847343985,-1.4435252347591527
2.287150288110829,3.716165786046693,1.7802562918212295,1.1914226204542986
2.8291847733256916,3.1516227365080733,4.28508653703474,-0.6094360548310079
2.347909402113395,0.27588168318394035,0.6923125567304484,1.6202726444221933
1.8432154707075148,5.729309662439491,5.677005306062264,-0.12773522873456752
5.312617261430863,1.9880800319880616,3.291541271408018,-0.07439913915510317
0.31602070105547536,1.485422716481143,4.179266965945476,0.45296233015103365
3.6075409675972163,0.4877023860140804,0.6851876928866175,0.6428324658204901
1.7531444363192616,0.32871008621549896,3.896256398421132,0.6226061161781862
2.3731046215542797,1.4473880247697737,3.260218257904505,1.5643763030005309
4.44675706694415,4.690211813482877,2.168013150254509,-1.1320774881926134
4.264090544959076,4.778353303379226,5.554162058948068,-2.562978726902938
3.5936059564956344,0.5241939008337805,5.984557593044989,-0.23546278310628455
1.5476233183249335,3.7274532494110715,3.7493913500756806,-0.12216162815326587
5.810859006266759,1.1920602503326192,2.1588903757501168,1.3068717475361904
4.815327486803134,4.120525242716132,0.7397243890129719,-1.1498809695591765
2.2620911348403983,0.5944518590970459,4.760174588225032,0.32947524899709646
2.9049564621499657,4.719399082492228,3.2367439856690225,-0.8582335771737076
0.48481435987224214,2.156195011296979,2.2795155793174264,2.0595562541581782
3.3479520388758095,2.272812076606913,4.161409462969101,-0.288144827219371
0.7074646470674902,1.0796659777032573,3.808496527686052,0.913034022412074
5.229750232722876,0.03186562079456359,1.6637194316588833,0.1617870875902463
5.7853573380788985,0.990638561760578,4.024940972360644,-0.4091219481973347
1.4537373617558955,0.565059500305274,4.2110220823841695,0.6445287465079016
4.00486293076864,5.972383526490367,4.9044614694143425,-2.0457509959077873
3.2168984333691304,1.6709300372342166,1.9496762189256502,1.8512309183625582
0.15935257206819606,3.6519201270567656,0.9341219742108196,0.4675098775992139
1.2373323693245861,5.539874722642165,3.4070615391905363,0.0016565589275752248
4.915534018489803,0.9912877990111378,1.6127782827561932,0.8532377727426075
5.476642144387128,0.020921413926446978,2.434612545468731,-0.05653657260304111
2.4729350281224267,5.348828352492193,0.6596545247839269,0.4302674766580801
1.123333387195855,0.1028289110001581,1.2398746796501727,1.9551083683184323
5.6936117867302425,4.613758926381191,2.643190064704333,-1.0611820507902923
2.3743924180350637,4.701714613156236,1.3651101291366117,0.674612483104057
4.061850505095496,1.3029764317708807,2.6523170863608354,0.6432016663723578
5.995617008713663,5.945651932549405,1.8537451135182805,0.34672319801104146
0.37446346762207344,5.331545718027364,6.0315026501552165,-0.6943340333292214
3.0900149595255852,0.9261865628174828,4.451545622744424,-0.12101539063287992
2.137070007271826,5.629077896644318,5.837035806169534,-0.196596004487142
2.775196664786888,5.757249489084418,0.5837466531385566,0.4157905810925578
3.631892792882913,3.7502404865011787,1.3231462775248342,-0.08641935405468218
5.049049144180623,5.538732405202849,3.59885029453493,-2.057653207181337
1.9763746352445515,2.9195784406010774,3.9521124412395743,0.40484396013181323
5.466018014342425,5.303816629364682,5.795510078802583,-2.0328785732819488
0.03560828369506264,6.175752716820994,5.723491921578657,-0.6071054524542676
5.82882970848989,4.678987152517819,2.1478682513423006,-0.6014677680447352
1.5807976890122901,3.963933330715578,3.7479045413730554,-0.3056986769248076
4.086696082337946,0.679039585100825,1.2246473317749715,0.7629843174584635
2.661275482118282,2.977590224983987,2.658571201288792,1.07981630635422
4.694553721325807,1.3462034251856185,5.263688820885912,-0.8649923683867268
1.792987457467492,2.615540216894847,3.438119403046946,1.1811865914305417
1.6542392217687543,4.775038678010579,4.796973479279327,-0.9887762421454203
3.927267138923286,3.5458981359188635,5.5781058027371655,-1.7564618889812642
4.715654383992008,6.23662445407548,3.8851181626089013,-1.7202300214977515
1.6826656640992572,0.6990098694933775,5.669257968463528,1.0599605815279887
5.581889826879572,5.521789201930252,3.507320865873638,-1.6917323165059335
1.1310899378111021,5.0350687501265226,3.343392574306091,-0.24832212600119208
1.7594917117184574,2.7620095779417757,4.446611207048603,0.39673945286426654
4.250740428552873,4.131945346415605,3.832055030003172,-2.377905563015642
2.645619120111019,2.460576105924687,1.3643757049599323,2.06862839657104
5.863803435908962,1.8104808388567721,4.20432221091602,-0.3030966034363358
1.7038529609142583,2.0986431331246562,0.5426677885203565,2.3706946586363506
3.2756460044367848,4.698349090181231,5.145961662831306,-2.0409986521520285
4.413115545541675,5.148718376616698,5.931302053603312,-2.2002232185142434
5.543436129093601,1.431057793120038,2.8557891178521477,0.6080316887584155
4.004887223510474,1.9123480563285626,6.056796732202004,-0.04480082477017139
0.4210756888852069,4.319982465764039,4.279044222096142,-1.4190808218151612
5.882240642368791,2.046046485024296,0.05634547042198532,0.5587082923083203
6.11849884962324,1.945542492846316,5.995709686250598,0.48752946830997423
0.28298091718685964,4.998865309800589,4.9028164818401905,-1.6534949519989834
3.9668170240146656,1.893812416004426,4.7994194384370985,-0.7783143684942105
5.921810962384524,2.106417951865658,1.8188699781968762,1.483278644935115
0.762980468855998,5.947014476448331,4.607127957224223,-0.6234838169763637
5.610778848307582,5.6538129678817794,4.773542927952208,-2.2184178329894233
0.718502184594489,2.0337863488618746,5.618804699981354,0.9335390343874309
3.5313622392950994,6.153605189409413,2.8922550074162627,-0.2748859372779574
3.8718027427802197,2.7209057156773406,1.3354110615344923,0.7133152623148243
0.36082365437790526,2.77661526532614,5.699654333654756,0.16071178054857096
0.4173534870320931,4.6317894065951,2.0062543740201972,0.31292120387108113
3.711308681026826,0.7424366610254477,4.849379489446998,-0.8593872239830456
5.444118636564269,1.8817690054626237,1.529166208713938,1.201187584163943
0.7658463173193601,2.9649352646379357,2.7726167300655593,1.228534917731677
4.717608740378116,3.086981175123278,2.2879216799284277,-0.19108088952799143
3.927467817150586,2.366609610732827,1.707763627247721,0.978722163112265
3.7020141711633077,0.6177507992927013,4.920304998316177,-0.9319148150289237
6.280475158738264,4.590322708234117,3.899884454806892,-1.6753585945294178
6.027144518054218,3.905338403426072,0.3202180316988578,-0.6315885539024504
5.827227658652619,3.439917348602408,5.026508713980996,-1.6884722935688248
1.9836412662535747,4.148011976814504,2.32707231557392,0.7910753943347417
1.5903803616714072,3.1626649164936995,5.291750321585003,0.14252384920671896
3.5320409252804725,5.455887504847817,1.589457507871011,-0.11073442744796345
1.290123177638692,0.6098233241673687,6.031803043074765,1.2779116587287094
5.849887209351071,0.8181059943658381,0.9224029507202076,1.1022596736728214
2.0800129756515324,5.3753657629955125,1.8427518352801182,1.0536162745876574
1.2839568936861228,4.6564039115968106,0.5698274132048292,0.4936995945429373
5.729630856442946,6.266948479723359,2.888527152186961,-0.2853633176475944
5.868913638610112,0.3123376265795755,0.25901905312719936,0.16946684983049232
3.743258985273466,4.657420690813808,3.884368813885262,-2.2487467993598984
1.5805025429435262,0.1645842301960496,1.2276891264471834,2.100955780607073
4.113071395754255,0.9184285753795535,4.462988950926713,-1.007704398685307
3.2510420487710907,4.618168986248385,5.968636718498445,-1.414351411510806
6.081046618845208,2.1185438526233993,4.1735426488954115,-0.20279421719947965
5.589463120910689,5.654954319419317,5.308745309842253,-2.0390724199087766
2.2998069629201012,3.625962541034476,1.2161819017074411,1.2366715663675336
2.1783362904375134,0.19223093033480762,0.9960374986775758,1.8616860654215845
5.581094220108865,4.54071140266771,1.1805768146633282,-0.7099933673552449
6.137132221117377,4.025330029840568,3.6916931211399517,-1.4354229572119612
5.234105029439481,5.394748144721265,3.652402201019021,-2.1307067876878203
3.320877571581746,4.524912808933034,4.663187221303471,-2.165181703906761
4.041672416586229,3.8298110949062365,3.569062056476971,-1.8347836328815341
3.4624434445471053,4.017927106290782,2.1404839625556518,-0.2403983328244074
5.294325641457166,1.145212606573625,2.400546983012981,0.7570771815497628
0.8512525125510968,1.3391070387030475,3.9422708454117745,1.0127999561482448
4.019685099843996,2.411941185554545,1.2939001226814302,0.8697514733361985
3.015946957737463,3.077933214944,1.705437489442889,1.1697307608873468
4.9807469306870615,6.073048849988733,4.487833499381268,-2.155472680890573
3.568620010445266,0.41942407786987157,1.4509241945183862,0.9885380402568211
5.953821575076294,0.6964221549733041,5.492668923985929,-0.3933619417495582
5.015890479120469,0.03954515109943284,4.004026368648963,-1.677149406262825
3.8213245416812485,3.236341940638567,3.387112344560646,-0.9798820566843182
4.744643276994079,5.580022885687304,4.769902989971356,-2.6356058256429216
2.8788121498820276,2.8462995252223577,5.417582976332393,-0.21464833638903538
0.07226783801475951,5.386563580579476,1.4644245684510209,0.2823081342723521
2.109709394852679,4.295467880093501,3.6750531502235497,-0.566701415123916
3.6069283656235593,1.9454783547728085,4.207169440409121,-0.3928856121019619
2.8085508262264143,2.5322007609466595,4.7833286621908915,-0.09127950570258124
2.110255731498018,4.597296346303938,2.6340225519489127,0.34128213181337413
4.0553763195439805,5.911298125105791,3.095444108979544,-1.1043972384791547
2.085989816078925,4.321824549413572,1.8581768230636617,0.8890626998027237
5.389153483524099,2.467973060121652,6.269667487265765,-0.17649460136145315
1.7614091990074578,4.065087225731309,5.553523207311047,-0.48314153004270255
5.827621892625341,3.4427547280489272,2.460577215453987,-0.1050397864551064
0.8478076558116523,0.7160026905060569,2.8342431400021635,1.7032874417853074
4.775957469232953,4.4972685855600645,2.4140507527920776,-1.3229962591058757
1.4089041796246402,4.198951776354598,5.7968953396493115,-0.3589842487158606
5.9512986512952795,5.958673770291201,4.6359098184156124,-1.6406513745003275
2.0036890004736754,4.89566867588672,2.111956760934653,0.7842379577550331
1.9619207134164245,5.840465206563343,4.060942104879542,-0.291702784046075
1.574707642022091,2.0614086393246405,5.439076821184506,1.1379046583327341
3.558680689454532,4.056308132614419,5.240152742909399,-2.0686239251371727
4.031712440554571,0.1579810368191957,1.3618367320071851,0.3574254914698874
0.8449384471613467,0.17725358180308873,3.773321737536631,0.34645549412274285
3.6308554975012957,0.9182206013786809,4.715263099343783,-0.6719574609463975
0.3335522286809428,2.1006957761526253,3.4002776746238887,0.9337816308543027
2.3500431771383927,5.482105458547803,3.3361082473002246,-0.21108766627825643
4.640239145569078,0.17360936626594797,3.2524261820129596,-0.9447193855146302
2.066806078683437,0.7246896048641742,3.36489286156479,1.3154227666026148
4.963471698456913,0.554423493235767,3.5515097425353344,-0.840258170078344
5.127352355913117,4.951413381648739,3.6155009956902218,-2.343416436778084
2.8203020248669177,3.8929417703930045,3.8105598670327887,-0.9836885573206423
2.6156568179335116,2.488996596328747,0.5514064396280964,1.6284733032824057
1.2862658761005792,0.9896290364874796,2.0677425892534966,2.6792775060613323
6.034519748294868,2.6199507885426883,1.966572627943208,1.169600929567324
2.3982890355015702,4.528120680104377,0.5407068242771694,0.20364744122129738
1.0973031437949612,4.186438222233305,1.6140186096000817,1.0251614512475684
5.396429345826613,3.664316936815719,1.3021746400917533,-0.31037481243921894
0.2876315077608342,6.021168866855964,1.1693386345851284,0.9492674720693907
0.47834023138492293,1.6597719086734526,3.809866281323472,0.836915798170169
2.102989081821383,3.0649494764406073,1.7129398448100108,1.9143060872336288
3.850905605246871,3.088052865189918,0.7449591367157204,0.08349972858128309
0.18917802724665597,5.031982122132816,5.343831165752371,-1.5795294297671987
2.3070869878891918,1.158753147321598,2.466802548093593,2.278499011065321
0.3594459140272092,1.410996633280546,0.9643348940231549,2.155623355506815
1.7478236466495574,5.232952050656705,5.864736609186255,-0.28702032522147286
0.7422318980110014,1.4537034954970798,4.889136636809276,0.6830887987779038
0.32179643702520044,0.7960356880987624,1.6833413100616943,2.0192867423486973
3.91115043680217,1.1753252963248892,5.268092130218202,-0.6347157209499178
1.397168031551303,3.67084725510925,0.43668021298666215,0.9086869523878623
2.1971230299233637,5.153915716815216,4.7054089809047515,-1.0983098988042936
1.4475600187212925,5.788429382629415,4.713660872786384,-0.4840353439078197
3.5095263622078607,1.1396822962610127,3.2524225788485976,0.43522016734643654
3.855789345481655,5.725005608693751,2.108858298975956,-0.327453973926861
1.5291822295831965,3.604131317187576,1.8672134809648426,1.4981021261873493
5.887202124280553,1.3748106153488469,1.2480805074106112,1.5514103014902019
3.631386709007804,3.563323690589073,5.966157418608267,-1.2046184435551233
1.7983891738486557,4.600308528896871,0.647809366250687,0.5898376699551577
0.7609089693890043,5.718387438036477,2.250234258966838,0.9307326021992445
0.7262369983688589,5.033244977467952,0.9471478844256367,0.5220688716293423
4.135143685316952,1.460088263305477,2.387775985037324,0.8395764296525869
5.472068340711306,4.8825902651070665,4.401469067744967,-2.6617926214093917
1.7064643004086295,1.4962790880554584,5.033813693427503,1.042835999185596
6.067660986264219,4.1944788999633875,2.0042621780176613,-0.18217412795747576
1.5436659907516062,0.09177598966408698,0.21016635868039366,1.3025638803196677
5.09632854176077,5.7152232181493865,5.693787033107482,-2.0286571116265364
2.3034900156133147,3.5408073557170177,1.294123330766821,1.3128252177146535
3.077710302312754,5.797364808056096,0.0553624410703051,-0.35219739438074554
2.6552592030045576,4.5260260676399495,2.5854176255388865,0.00808915080977585
4.352015497755834,6.174445188296738,3.1268845467057824,-1.0258183392186095
4.170663384686883,5.8983947516290955,5.327220120038686,-2.0602406535058773
1.724486329385267,3.407623006075391,1.551816496015999,1.7178775865345512
1.0624253590165824,2.7586211124688855,6.066454688769194,1.0366896786461886
5.663831602261884,2.035050221161085,4.477532861055165,-0.6505213335760258
1.7263950954581275,4.8992475153200585,2.527156405425869,0.5820050462823202
5.699561756722606,1.7808598435668364,0.23215069665155666,0.6589404443468906
1.7729257630809099,3.2713620202574756,5.386774533819436,0.06879909098875184
5.132799425697706,4.837975948523102,6.260702556158935,-1.932655884803402
5.057261371192426,0.508175250523345,0.194959151694603,-0.2580741102229499
3.710753868625137,2.0564162921429756,5.513657025397282,-0.34858817129548025
0.15143048696954148,4.788843427561566,5.71381878381451,-1.3831113140584337
2.726869859853543,0.9472492225394782,0.9781235289620535,2.049557911653016
0.8329389936126772,3.4255658295012332,4.189270200202739,-0.3984909566713774
2.026492585909261,5.595841611002818,4.803094982974599,-0.7309519706726502
6.229589635016898,4.954321680365396,0.1408926361656885,-0.8804699406434243
6.253709748943782,4.745007599638015,5.307256833496372,-1.862379630090295
2.688019790878532,0.4136190900940602,4.494244446561388,-0.1440157661337729
1.6838849400507285,2.3292724103320395,6.221220131280051,1.6576611483855905
3.3752834170949506,4.710770846738561,1.9288596536477638,-0.3020420544786883
3.6758038464281744,2.759152536207517,3.7581045092229086,-0.7211210840472095
6.206293248325064,2.234579342337087,2.052305555117165,1.5987301048487368
1.5405111624681957,0.137629833497227,3.058298986268764,1.2152451696281996
4.403037033312523,3.176131988028486,1.8115220485787156,-0.01037454461663391
1.47508030964508,0.1279558327112965,2.538042136625359,1.685728507403143
1.6089231559297648,5.626231088305577,0.1411168940974805,0.5384727973855824
6.042046605064983,2.6141468868002904,2.217753611799491,1.0582264770509477
3.2100341275293918,4.2833421374195675,5.326885675329873,-1.7974690790351244
3.9363505391467353,2.1267767127979567,2.046914972586353,1.0107018436732953
4.251101984027278,4.803357260325782,2.2615456611536144,-1.1309912979016457
2.718083599546641,3.197454819096574,4.136854568008564,-0.4836154405513526
4.4292400271519305,1.0402897198735206,1.5095848396734561,0.9048267064025965
4.7418171549787616,0.6864439766996916,5.535854996330301,-1.0445151554140457
0.2537951455842061,1.630682330182876,1.0173684264387517,2.0946180483812364
3.1496042009390015,3.5776473592563263,1.7872598722260238,0.5400006730586591
3.4236556966684653,0.49803714608276056,3.3257770477494812,0.02671821179031658
5.383080470875346,2.1222878205278617,0.7106663543242578,0.7149410145391194
4.464320333773051,4.884268433856782,5.087291383554973,-2.8862392954560407
3.04633180754295,3.321295624110012,4.42202156792422,-1.0388007518828548
4.768377433056389,4.2013137716174835,3.249890979447399,-1.9818333054741424
1.7347610444013732,2.3455382604538637,6.17940234242923,1.587444708617605
4.095006521750533,2.0998301977758986,2.9803192659225384,0.20810863909468075
4.558352696635409,5.328660456191665,4.5560088894397355,-2.7917821597760564
2.2344769753100824,2.0737480088397295,6.10570536600468,1.491442375809685
1.9170590308298112,0.2437425539384774,4.206675572133819,0.31441302356921047
4.445648759759542,0.8278885548089009,5.613356715625566,-0.8499125861525733
2.5980466065577956,5.724045004086476,3.097390585745726,0.026299437941956008
0.30167910479873533,3.0587842905922,0.8079666876552342,1.097029651597233
2.8214123818712613,0.21440450104420983,4.880371946806664,-0.4622795301438762
4.118332211438435,0.7385040370004966,4.78621139397572,-1.1528816133164301
4.932304314291426,0.7342358328798921,5.160495197954513,-1.203091884482456
1.8364275623549398,1.2039714857703703,0.9702490297446267,2.7193687920915655
0.7092679663557064,0.5889630204001587,1.2792912594536439,2.152330937962759
4.10131679880501,2.6132064387792515,0.28923696859611514,-0.024240309042065367
5.184389864698961,4.804618836929686,5.8230133474138475,-2.3345502072984434
5.405296872106899,2.156071501464729,4.310363850160347,-0.8542159211138959
5.426514879410435,2.0069223908299345,3.0466521908046422,0.24587595526136555
6.090007529358415,3.308847585024574,2.824370927133796,-0.05072449808923704
1.744829570525309,4.487374105683574,2.566788536306565,0.5624485037175411
0.439348541984404,2.6882345485039094,0.6482169527969515,1.477943415427668
0.5685854246303376,4.242989312493087,4.246707903682391,-1.2470199131306106
0.6291837311803732,1.2258905025140083,2.458813197510529,2.153928233779107
1.4262952531293527,0.7148985109623117,4.977540352473964,0.6786885192122034
5.586160282541767,1.2241801067008846,2.837563586843044,0.5969182381067061
3.9352380533044182,6.107316115216491,5.872963051516974,-1.28793591117271
2.6366774024228845,0.8021638860823089,1.8665994939974415,2.1609347221596473
3.5078314879991135,4.066790380721013,0.6836727813150348,-0.5252777780267051
2.8031651118053063,0.31850624294862,0.04284535397705364,0.6826720320226972
2.1019420498308232,1.7003893232183027,5.333600709494473,1.045385052689572
0.8185806656985883,4.249696712448488,0.5228628620406142,0.33976407537971737
4.443633515289723,3.7068981664010945,3.9191163633337296,-2.2070631677013415
1.9192081993754726,4.057055123093563,5.908217686911115,-0.21876064694986047
6.135314488144688,3.442588989275567,0.6353702119995148,0.1418309552599499
0.5288193539936886,2.1422862121338655,4.018248485487068,0.5759993147656529
3.7055931813017007,5.306473292666922,4.590707974827695,-2.3648286535132677
1.3548314621675377,6.070891134035429,2.2600642149195105,1.545601608406578
3.9285731830593464,2.970095129245225,1.883350522136603,0.41931826715055315
1.498195075860976,5.34573651465636,5.692231359260375,-0.369699641787179
1.2452413355505383,3.4466204011637394,0.4114191964597446,1.0507346943200804
2.941753634547194,6.186931778442515,2.6448648610990317,0.5771076937554684
2.58105847102609,3.114366988534619,1.0055061497515434,1.3931802500289443
2.589452321818786,6.159649465445824,5.346108875103163,-0.40414726301942566
1.8684503033657507,4.750259463044388,0.3053404782512299,0.26114286204362613
5.499461490127609,2.2935127356873335,0.6872913635092396,0.6689525624356358
4.7035391811066045,0.5725094893690629,3.1155725323926315,-0.4341329074470628
1.8188696238411406,5.754148556991651,2.2601895446105935,1.2281519066988444
1.444339077186841,5.987673069187813,3.81950502995307,0.07683499613661333
5.496914292264731,4.010762760512059,4.067041915210072,-2.272127588243183
3.3604841260296228,4.484014857770527,3.4464463692832603,-1.4938628941209053
0.25950230595906515,5.933701660494624,0.4843980332076385,0.38825105925037884
0.47131571608385686,1.3911684537266487,4.232029354117462,0.5431081550273081
0.4297888290782823,1.9248734046472058,3.682005378756448,0.8417951622418556
4.215622824928251,2.294013323332878,5.418061449737117,-0.888522719287603
4.078221909186798,2.977586553416491,5.155600633742025,-1.5414476795708865
0.18489259013707882,0.6981993941220807,4.365127335415231,-0.11083080695259152
4.16078678756316,2.210432071896096,2.1053128619414143,0.8175561256420588
2.0822935605067934,1.8623812394834396,2.151462665404191,2.671517776777769
0.3248454505070647,2.260699655748322,5.845884778211814,0.672791644186322
6.249138510763285,4.600254692913445,1.1534319304988303,-0.10731453767961441
3.2547108751976364,0.8854105606646168,1.8277996117390716,1.6216491452347654
2.5235738670728853,2.037511690166796,2.3962125717473706,2.154562315484228
0.6946966329574596,0.24798235763467555,4.570136419702692,-0.09894293891150455
1.9623970858024704,4.16340623252461,2.5578609726121044,0.6118456670365079
0.7606645176940298,5.878891818067119,3.974909345434157,-0.4402591401271874
5.941878523484989,4.629083715323295,3.05723916664629,-1.2542747289276277
5.329242751999192,4.633486234245912,3.6691607864346234,-2.3014700634726255
2.307314798379117,1.685878007995865,5.020947061770267,0.7775009186854593
5.26015285244893,5.710895564885882,4.108091544950677,-2.2254922847808527
0.649204273324241,5.117992833378681,5.121080596598732,-1.2347018292171643
1.8396903648267036,0.3995860538259332,4.575325307099152,0.3640931174169951
2.936415957706907,2.1356749419735523,4.678518083274646,0.044882998679590634
5.852781279011203,4.920479089683009,1.5822694093940302,-0.3987986702108138
6.256854674192631,3.6537582270648232,1.741167774782238,0.46578964095158765
4.888845760542647,3.401180386067241,2.9753356758399025,-1.0877607377540501
5.814322136893115,1.7877611633072683,2.596032695684543,1.041789599420865
6.14125004891665,2.034091619446531,4.460531059575043,-0.2135978667874365
1.2179486207474808,3.1170194451256217,4.786151621443563,-0.029918663813931674
3.688676424439693,3.959975599633776,5.681906413344676,-1.8252660709080546
5.5639663096266885,4.908858235310828,0.4568546154804976,-1.1970393176800191
3.096748645509213,6.08504398287773,3.7768501655158495,-0.7473968437238538
0.10852322221876722,4.702755352643595,1.956474912186322,0.031808994513641164
5.675971008553164,0.5839293084424692,3.0865093329511377,0.035331921457353775
6.220956529474926,0.755639248524998,0.9126615195994429,1.423765147524683
4.300586282645348,3.444027253491499,0.17118648610592732,-1.0370684294811898
1.5180482302061873,2.65539641741407,0.4729489891498415,1.9234484958392657
1.9738446089287067,2.3957913110130105,1.262928089944385,2.549565593847336
0.6738597827826504,5.387611002315755,0.9973072512403961,0.6816854327189
1.110636438187683,5.5132756920594765,3.1561369288164958,0.18440390165297052
2.0274911954530914,5.786192704141223,0.20257179518094662,0.6254244898403305
2.104293107635558,2.6014361705315907,4.678008912764707,0.37653589100430057
3.739522327227874,0.8575332957206019,0.8716182085645903,0.9630126406013456
5.6857303050947525,5.940810151919756,5.893615874127133,-1.2769714322012988
3.601597587608772,4.613004695608022,5.921830539050524,-1.8011739942919938
4.347545699733018,5.73291328617337,2.887250306019905,-1.20740996124222
4.238587859412973,4.13708328077841,4.012293565192193,-2.48915436635985
3.6551530170252713,5.960283799694013,3.109481744010504,-0.764298709788851
2.9927576054965077,1.475238653783057,5.42115030532386,0.3759105115471936
0.09485671120809626,4.271304517320464,4.590273601911935,-1.7892967471426666
2.094566073911286,0.9475440011881949,2.9166977373346934,1.9070207152657148
4.300110733331542,2.7742024089933555,1.0893663959456448,0.33612260821102546
1.5806611796928791,4.8989937562149946,4.6302891824615715,-0.9905914216156956
5.815042827132566,3.7346214192583544,2.8298100108646196,-0.7132379178252236
2.796342821423009,5.581735062940926,2.6724570950802087,0.1445615696684887
4.080502814314903,2.7296489370622634,3.169629097231963,-0.4330780000730252
4.067266076166966,5.413412890146507,1.9748956940873572,-0.6385996150254257
3.1173724019812417,1.6707172063096603,4.638813835960608,0.024707752683628983
3.272906105375029,1.597261023709324,6.159471905092482,0.7433081279545733
4.727261961443349,0.9765108159832603,2.2195123109377457,0.6257870237429066
3.9670265747613214,3.983740456619264,4.551969477666952,-2.471618679888297
2.3168940505326887,2.9926176846594883,2.286515191169551,1.645554065224208
0.6180567395175743,0.7164302354756467,3.0901974588770216,1.2888751414604602
4.004908192573428,1.2017337581961343,5.992526753251003,-0.11621237847974632
3.737842513508856,6.0930520405522595,3.8399530329845737,-1.393279427520959
4.93767366057426,2.992203041672657,1.0003352135259431,0.028991283167114405
0.20175723137111948,2.7569994652086818,6.180956676328025,0.4705762612727097
4.296052186921828,4.156000208604064,2.7502981197855108,-1.386715659865726
1.452855449854897,5.632601272865083,5.899570627162922,0.0014150888717743733
4.789650348757485,5.502039869216618,4.051525700263701,-2.4829239267295424
0.036089684425604056,1.3973435878778462,6.228500369397077,0.9728034079354501
5.5634685196263,2.800556509032775,0.34112705356477935,0.010007787226335337
6.038624469154359,5.806913649687728,5.939288179052887,-1.0308668829422825
3.7851243902301897,4.311372965456897,5.342707276592741,-2.3140404789505298
4.52323753853448,1.828078877466649,1.2893186098262785,0.9436514837257193
6.102872561988185,6.111688757003627,4.890317381408955,-1.3384535289389239
0.4158844767006335,0.6388171934473964,1.861179284364411,1.9537639647000051
4.684375963142286,2.910328477668036,2.451639028519123,-0.13654543200354272
2.754010114645422,1.472743998629288,1.715732938674482,2.36254701157659
2.8274715462755444,3.2251606952013696,5.9453420306046345,-0.10167179311968816
5.228042710158309,4.19391512016264,6.038531605179263,-1.986164661165144
0.32825601168319923,3.8531712112427,4.278046533989459,-1.2401498686998957
1.0606539922014353,5.762811299742792,3.4697028972323793,0.05742689851431678
2.003857547996924,5.891451660011213,3.5410156673392854,0.14432535192469648
3.2349928352559547,3.4873599831923396,1.81427960262713,0.5358050901845797
3.275242514727251,1.3309197277934646,2.5565948752957044,1.3911131949547213
3.6355743801504814,3.6492392267388385,3.7517365676290018,-1.5395860048242793
0.38605542676358007,3.9957526043860843,3.092861018266689,-0.3275763000461274
4.972877669646247,4.188948127710082,2.6939052186569112,-1.389056145629193
1.2236200621703996,3.260715497715429,4.539830363974639,-0.15487047699869885
4.133572820928342,4.474029341193966,3.6155702879426257,-2.26710786880148
5.575219495188702,0.9977166385972366,5.019191080722941,-0.7594794279552467
2.6974159396849395,2.479150393431508,5.366206831538735,0.25069379121830027
1.6131617053737608,4.463519759899915,0.5632634194257966,0.5675244382435972
2.0343246774193213,0.35613968764345366,3.310133976678898,1.072874549153509
0.7815076238925518,3.470336677580899,3.63640430909199,-0.09682680478417505
2.5552154149844633,2.617463713157893,2.5106992688128282,1.649342239084103
4.450491047304835,1.3850450175612632,1.7793618522352037,0.9954128670457125
0.09456112424516872,2.5610275740637167,4.674527120737254,-0.35240363110724454
2.9742759949324267,4.714046263501957,0.7758436429731062,-0.11887525559115258
4.905360518680284,1.540200772393171,4.566650039259758,-0.9798915774038021
3.1487371294469377,4.775844576369394,5.098825597731927,-1.9299087637939336
1.1365979484789988,4.550932393547588,2.1060195098771275,0.778162587239752
0.7213802840231746,2.1725077383084352,0.41705046227443243,1.8840383090446378
5.740481968925082,2.1110165074447473,0.2216161872297135,0.5686999637684856
3.3664168443253297,5.979562993053099,3.296259673703263,-0.6745462426964586
5.442038407509567,6.273370428725754,0.41913491639986644,-0.3558463200179128
2.1712592375897968,4.7598361257948865,3.8861918446205634,-0.8629923892982985
2.7066168474718477,5.474902739486253,6.032968644914335,-0.5546167183973736
2.3641650806446863,0.578703683824117,4.86351898239817,0.26119692803208333
1.202630056124462,5.656917761892729,4.806265318213052,-0.6423360149456496
3.8600066084050715,4.267143030436706,2.9595742141720054,-1.3702273576641275
3.104251826868294,0.8096221979796809,5.246530198292481,-0.10292437476090116
2.8319333700025373,1.0657471092071524,4.433183403013347,0.2160434996813836
2.3336117358031694,3.6039804319205744,2.9176397115849584,0.49708115123239294
5.634102607461172,3.0261477154782117,1.8267965572091203,0.4758026794009984
3.7044781380712157,3.4411090987894637,1.1609656413645555,0.0844652415335952
2.8237264339156924,4.353213588731581,5.59464804804991,-1.2566428426277385
3.39922316540542,3.1374237233392837,2.7039225917811245,0.1749737567576665
1.31158311378331,6.020922594860111,1.6944407066945069,1.706457663529285
1.400136383659191,0.05099609344580459,4.673622489648901,0.03501894243571148
0.43419382279313007,2.6253570391877705,1.4773352305824852,1.9101692977004603
3.595600579981431,2.5940579579070446,1.4113912918612386,1.0709948921854655
6.190289469848545,3.7266285913588613,0.433749815990087,-0.2269651262954455
1.4128224251474992,4.143751145493205,5.75019091614008,-0.3694958468263314
3.8119206879919596,5.699225988730886,1.5780979541760936,-0.1637065769670087
3.3810681708989705,2.763351541526837,0.4030528903004971,0.5293091673308147
0.5778818500513223,1.0501803857231289,4.288277910496518,0.49307763082394224
4.667078974429986,4.375889538954232,3.7410521701102564,-2.5024200234382468
4.107263699193563,0.8266889874995476,3.6481092695609334,-0.5675726288835733
2.594271985452174,3.0175420460123297,4.705384733254269,-0.35395194395291163
1.7527480862182578,5.929088453372866,1.0087759374733622,1.4863184684140143
0.24455038727424933,1.1042682313922738,5.352514843654185,0.3285589687240073
3.150360023790038,0.019347739007386143,0.5538963660196717,0.5429162021099724
4.140695353670567,1.577160809239573,3.184640105386947,0.11485411099850173
6.162395940334751,1.364374047302774,4.048747350399223,0.06358959453842156
6.042269624875269,2.516170365210362,3.2614088455670895,0.22936198241400252
0.15830390139329292,2.168076519837953,3.3778607541675156,0.7494096973334664
1.5242716392143962,3.698178757036805,2.1576709324694363,1.3005419743084106
0.39157682377737657,2.2660526922797968,5.12613433643148,0.23278054407325388
1.7525196935246827,1.4632747379658528,3.141682290830945,1.984815085411255
5.804592392198452,5.065608936270173,5.038171066351909,-2.341095986848236
4.039264969785649,3.7272513489536148,3.027920008524177,-1.2247913704135394
2.2236087457671374,4.174942451459241,0.860656983936752,0.7011740437651068
5.22381312223166,0.8713046124622792,5.563185164720802,-0.7762509791399863
4.673697259971206,1.7626098845445863,4.8573879101722905,-1.0056695696707822
1.727544365365052,4.408240749624114,0.525196970664946,0.5409205604348151
0.49163365328069647,4.478549604128893,2.988690513383208,-0.35809552158785407
1.0266878607980672,5.189970135588457,1.3729219338719059,0.9443360262332229
3.82724661466665,5.6595557609846985,2.216870426348266,-0.4179041587769411
6.132000210566354,0.44160877990128067,3.805853589286821,-0.327485502357413
0.8321120705094666,1.2189493738962465,2.901044227357653,1.9083529358150724
2.901782006003568,5.488764938463264,5.651334179866312,-1.0740634854941773
5.780644470726494,5.075111634673502,3.528784549811838,-1.8003232960305449
1.8204824396985642,0.1259065698091345,2.929475607414868,1.3060737172303076
0.03523325734600759,1.234887041707384,4.100264383017211,0.15663854509393982
