Type_of_fiber,Fiber_diameter,Embedded_length,Youngs_modulus_of_fiber,Poisson_ratio_of_fiber,Type_of_matrix,Youngs_modulus_of_matrix,Poissons_ratio_of_matrix,Loading_rate,Prepare_temperature,Test_temperature,Fmax
1.0,6.0,42.5,294.0,0.3,1,3.0,0.34,6.0,370,30.0,0.054
1.0,6.0,42.5,294.0,0.3,1,3.0,0.34,6.0,370,30.0,0.049
1.0,6.0,42.5,294.0,0.3,1,2.5,0.34,6.0,370,50.0,0.055
1.0,6.0,42.5,294.0,0.3,1,2.3,0.34,6.0,370,70.0,0.058
1.0,6.0,42.5,294.0,0.3,1,2.3,0.34,6.0,370,70.0,0.048
1.0,6.0,42.5,294.0,0.3,1,2.3,0.34,6.0,370,70.0,0.045
1.0,6.0,42.5,294.0,0.3,1,2.3,0.34,6.0,370,70.0,0.043
1.0,6.0,42.5,294.0,0.3,1,2.0,0.34,6.0,370,100.0,0.069
1.0,6.0,42.5,294.0,0.3,1,2.0,0.34,6.0,370,100.0,0.067
1.0,6.0,42.5,294.0,0.3,1,2.0,0.34,6.0,370,100.0,0.057
1.0,6.0,42.5,294.0,0.3,1,2.0,0.34,6.0,370,100.0,0.051
1.0,6.0,42.5,294.0,0.3,1,2.0,0.34,6.0,370,100.0,0.048
1.0,6.0,42.5,294.0,0.3,1,2.0,0.34,6.0,370,100.0,0.039
2.0,7.0,50.0,230.0,0.2,2,2.74,0.35,0.014,230,25.0,0.065
2.0,7.0,51.3,230.0,0.2,2,2.74,0.35,0.014,230,25.0,0.071
2.0,7.0,51.6,230.0,0.2,2,2.74,0.35,0.014,230,25.0,0.073
2.0,7.0,51.8,230.0,0.2,2,2.74,0.35,0.014,230,25.0,0.069
2.0,7.0,52.2,230.0,0.2,2,2.74,0.35,0.014,230,25.0,0.077
2.0,7.0,54.1,230.0,0.2,2,2.74,0.35,0.014,230,25.0,0.077
2.0,7.0,54.8,230.0,0.2,2,2.74,0.35,0.014,230,25.0,0.079
2.0,7.0,54.9,230.0,0.2,2,2.74,0.35,0.014,230,25.0,0.082
2.0,7.0,56.2,230.0,0.2,2,2.74,0.35,0.014,230,25.0,0.084
2.0,7.0,56.3,230.0,0.2,2,2.74,0.35,0.014,230,25.0,0.083
2.0,7.0,56.3,230.0,0.2,2,2.74,0.35,0.014,230,25.0,0.079
2.0,7.0,57.2,230.0,0.2,2,2.74,0.35,0.014,230,25.0,0.076
2.0,7.0,57.6,230.0,0.2,2,2.74,0.35,0.014,230,25.0,0.083
2.0,7.0,58.4,230.0,0.2,2,2.74,0.35,0.014,230,25.0,0.078
2.0,7.0,59.4,230.0,0.2,2,2.74,0.35,0.014,230,25.0,0.081
2.0,7.0,59.9,230.0,0.2,2,2.74,0.35,0.014,230,25.0,0.086
2.0,7.0,60.5,230.0,0.2,2,2.74,0.35,0.014,230,25.0,0.081
2.0,7.0,61.2,230.0,0.2,2,2.74,0.35,0.014,230,25.0,0.089
2.0,7.0,62.6,230.0,0.2,2,2.74,0.35,0.014,230,25.0,0.083
2.0,7.0,62.3,230.0,0.2,2,2.74,0.35,0.014,230,25.0,0.094
2.0,7.0,63.2,230.0,0.2,2,2.74,0.35,0.014,230,25.0,0.087
2.0,7.0,63.6,230.0,0.2,2,2.74,0.35,0.014,230,25.0,0.087
2.0,7.0,64.0,230.0,0.2,2,2.74,0.35,0.014,230,25.0,0.098
2.0,7.0,64.3,230.0,0.2,2,2.74,0.35,0.014,230,25.0,0.092
2.0,7.0,64.5,230.0,0.2,2,2.74,0.35,0.014,230,25.0,0.089
2.0,7.0,65.3,230.0,0.2,2,2.74,0.35,0.014,230,25.0,0.089
2.0,7.0,66.2,230.0,0.2,2,2.74,0.35,0.014,230,25.0,0.092
2.0,7.0,67.7,230.0,0.2,2,2.74,0.35,0.014,230,25.0,0.091
2.0,7.0,67.8,230.0,0.2,2,2.74,0.35,0.014,230,25.0,0.094
2.0,7.0,67.6,230.0,0.2,2,2.74,0.35,0.014,230,25.0,0.101
2.0,7.0,67.7,230.0,0.2,2,2.74,0.35,0.014,230,25.0,0.104
2.0,7.0,68.2,230.0,0.2,2,2.74,0.35,0.014,230,25.0,0.093
2.0,7.0,68.4,230.0,0.2,2,2.74,0.35,0.014,230,25.0,0.105
2.0,7.0,69.3,230.0,0.2,2,2.74,0.35,0.014,230,25.0,0.09
2.0,7.0,70.3,230.0,0.2,2,2.74,0.35,0.014,230,25.0,0.093
2.0,7.0,70.9,230.0,0.2,2,2.74,0.35,0.014,230,25.0,0.098
2.0,7.0,71.4,230.0,0.2,2,2.74,0.35,0.014,230,25.0,0.092
2.0,7.0,72.5,230.0,0.2,2,2.74,0.35,0.014,230,25.0,0.111
2.0,7.0,73.6,230.0,0.2,2,2.74,0.35,0.014,230,25.0,0.1
2.0,7.0,74.6,230.0,0.2,2,2.74,0.35,0.014,230,25.0,0.11
2.0,7.0,75.0,230.0,0.2,2,2.74,0.35,0.014,230,25.0,0.103
2.0,7.0,75.4,230.0,0.2,2,2.74,0.35,0.014,230,25.0,0.097
2.0,7.0,76.0,230.0,0.2,2,2.74,0.35,0.014,230,25.0,0.1
2.0,7.0,76.5,230.0,0.2,2,2.74,0.35,0.014,230,25.0,0.104
2.0,7.0,77.3,230.0,0.2,2,2.74,0.35,0.014,230,25.0,0.1
2.0,7.0,77.8,230.0,0.2,2,2.74,0.35,0.014,230,25.0,0.123
2.0,7.0,78.9,230.0,0.2,2,2.74,0.35,0.014,230,25.0,0.114
2.0,7.0,79.6,230.0,0.2,2,2.74,0.35,0.014,230,25.0,0.108
2.0,7.0,79.9,230.0,0.2,2,2.74,0.35,0.014,230,25.0,0.108
2.0,7.0,79.9,230.0,0.2,2,2.74,0.35,0.014,230,25.0,0.115
2.0,7.0,80.0,230.0,0.2,2,2.74,0.35,0.014,230,25.0,0.106
2.0,7.0,50.2,230.0,0.2,2,2.74,0.35,0.014,230,-196.0,0.077
2.0,7.0,50.6,230.0,0.2,2,2.74,0.35,0.014,230,-196.0,0.082
2.0,7.0,51.6,230.0,0.2,2,2.74,0.35,0.014,230,-196.0,0.084
2.0,7.0,51.8,230.0,0.2,2,2.74,0.35,0.014,230,-196.0,0.076
2.0,7.0,52.0,230.0,0.2,2,2.74,0.35,0.014,230,-196.0,0.088
2.0,7.0,53.6,230.0,0.2,2,2.74,0.35,0.014,230,-196.0,0.097
2.0,7.0,54.2,230.0,0.2,2,2.74,0.35,0.014,230,-196.0,0.091
2.0,7.0,55.8,230.0,0.2,2,2.74,0.35,0.014,230,-196.0,0.099
2.0,7.0,56.3,230.0,0.2,2,2.74,0.35,0.014,230,-196.0,0.092
2.0,7.0,56.6,230.0,0.2,2,2.74,0.35,0.014,230,-196.0,0.101
2.0,7.0,56.9,230.0,0.2,2,2.74,0.35,0.014,230,-196.0,0.094
2.0,7.0,57.3,230.0,0.2,2,2.74,0.35,0.014,230,-196.0,0.089
2.0,7.0,57.7,230.0,0.2,2,2.74,0.35,0.014,230,-196.0,0.096
2.0,7.0,58.2,230.0,0.2,2,2.74,0.35,0.014,230,-196.0,0.091
2.0,7.0,59.2,230.0,0.2,2,2.74,0.35,0.014,230,-196.0,0.095
2.0,7.0,60.1,230.0,0.2,2,2.74,0.35,0.014,230,-196.0,0.099
2.0,7.0,60.6,230.0,0.2,2,2.74,0.35,0.014,230,-196.0,0.095
2.0,7.0,61.2,230.0,0.2,2,2.74,0.35,0.014,230,-196.0,0.103
2.0,7.0,62.2,230.0,0.2,2,2.74,0.35,0.014,230,-196.0,0.109
2.0,7.0,62.2,230.0,0.2,2,2.74,0.35,0.014,230,-196.0,0.096
2.0,7.0,63.1,230.0,0.2,2,2.74,0.35,0.014,230,-196.0,0.102
2.0,7.0,63.4,230.0,0.2,2,2.74,0.35,0.014,230,-196.0,0.101
2.0,7.0,64.3,230.0,0.2,2,2.74,0.35,0.014,230,-196.0,0.114
2.0,7.0,64.5,230.0,0.2,2,2.74,0.35,0.014,230,-196.0,0.108
2.0,7.0,64.8,230.0,0.2,2,2.74,0.35,0.014,230,-196.0,0.105
2.0,7.0,65.4,230.0,0.2,2,2.74,0.35,0.014,230,-196.0,0.104
2.0,7.0,66.5,230.0,0.2,2,2.74,0.35,0.014,230,-196.0,0.107
2.0,7.0,67.4,230.0,0.2,2,2.74,0.35,0.014,230,-196.0,0.109
2.0,7.0,67.5,230.0,0.2,2,2.74,0.35,0.014,230,-196.0,0.116
2.0,7.0,67.8,230.0,0.2,2,2.74,0.35,0.014,230,-196.0,0.12
2.0,7.0,68.0,230.0,0.2,2,2.74,0.35,0.014,230,-196.0,0.115
2.0,7.0,68.1,230.0,0.2,2,2.74,0.35,0.014,230,-196.0,0.103
2.0,7.0,68.3,230.0,0.2,2,2.74,0.35,0.014,230,-196.0,0.119
2.0,7.0,68.5,230.0,0.2,2,2.74,0.35,0.014,230,-196.0,0.111
2.0,7.0,70.4,230.0,0.2,2,2.74,0.35,0.014,230,-196.0,0.119
2.0,7.0,70.9,230.0,0.2,2,2.74,0.35,0.014,230,-196.0,0.114
2.0,7.0,71.2,230.0,0.2,2,2.74,0.35,0.014,230,-196.0,0.115
2.0,7.0,72.2,230.0,0.2,2,2.74,0.35,0.014,230,-196.0,0.127
2.0,7.0,73.5,230.0,0.2,2,2.74,0.35,0.014,230,-196.0,0.117
2.0,7.0,74.4,230.0,0.2,2,2.74,0.35,0.014,230,-196.0,0.126
2.0,7.0,74.7,230.0,0.2,2,2.74,0.35,0.014,230,-196.0,0.121
2.0,7.0,75.2,230.0,0.2,2,2.74,0.35,0.014,230,-196.0,0.115
2.0,7.0,75.4,230.0,0.2,2,2.74,0.35,0.014,230,-196.0,0.111
2.0,7.0,76.2,230.0,0.2,2,2.74,0.35,0.014,230,-196.0,0.124
2.0,7.0,77.6,230.0,0.2,2,2.74,0.35,0.014,230,-196.0,0.13
2.0,7.0,77.8,230.0,0.2,2,2.74,0.35,0.014,230,-196.0,0.137
2.0,7.0,78.1,230.0,0.2,2,2.74,0.35,0.014,230,-196.0,0.131
2.0,7.0,79.0,230.0,0.2,2,2.74,0.35,0.014,230,-196.0,0.122
2.0,7.0,79.0,230.0,0.2,2,2.74,0.35,0.014,230,-196.0,0.126
2.0,7.0,79.3,230.0,0.2,2,2.74,0.35,0.014,230,-196.0,0.13
2.0,7.0,79.6,230.0,0.2,2,2.74,0.35,0.014,230,-196.0,0.134
3.0,7.0,43.4,230.0,0.26,3,3.5,0.36,0.02,310,25.0,0.025
3.0,7.0,56.3,230.0,0.26,3,3.5,0.36,0.02,310,25.0,0.042
3.0,7.0,59.9,230.0,0.26,3,3.5,0.36,0.02,310,25.0,0.037
3.0,7.0,60.9,230.0,0.26,3,3.5,0.36,0.02,310,25.0,0.052
3.0,7.0,61.8,230.0,0.26,3,3.5,0.36,0.02,310,25.0,0.045
3.0,7.0,63.7,230.0,0.26,3,3.5,0.36,0.02,310,25.0,0.037
3.0,7.0,65.2,230.0,0.26,3,3.5,0.36,0.02,310,25.0,0.048
3.0,7.0,66.7,230.0,0.26,3,3.5,0.36,0.02,310,25.0,0.047
3.0,7.0,68.1,230.0,0.26,3,3.5,0.36,0.02,310,25.0,0.051
3.0,7.0,69.0,230.0,0.26,3,3.5,0.36,0.02,310,25.0,0.055
3.0,7.0,69.2,230.0,0.26,3,3.5,0.36,0.02,310,25.0,0.058
3.0,7.0,69.6,230.0,0.26,3,3.5,0.36,0.02,310,25.0,0.056
3.0,7.0,71.5,230.0,0.26,3,3.5,0.36,0.02,310,25.0,0.064
3.0,7.0,71.9,230.0,0.26,3,3.5,0.36,0.02,310,25.0,0.061
3.0,7.0,73.4,230.0,0.26,3,3.5,0.36,0.02,310,25.0,0.05
3.0,7.0,74.5,230.0,0.26,3,3.5,0.36,0.02,310,25.0,0.058
3.0,7.0,74.7,230.0,0.26,3,3.5,0.36,0.02,310,25.0,0.062
3.0,7.0,74.7,230.0,0.26,3,3.5,0.36,0.02,310,25.0,0.061
3.0,7.0,74.5,230.0,0.26,3,3.5,0.36,0.02,310,25.0,0.059
3.0,7.0,74.1,230.0,0.26,3,3.5,0.36,0.02,310,25.0,0.055
3.0,7.0,74.5,230.0,0.26,3,3.5,0.36,0.02,310,25.0,0.051
3.0,7.0,75.1,230.0,0.26,3,3.5,0.36,0.02,310,25.0,0.048
3.0,7.0,73.6,230.0,0.26,3,3.5,0.36,0.02,310,25.0,0.068
3.0,7.0,79.3,230.0,0.26,3,3.5,0.36,0.02,310,25.0,0.066
3.0,7.0,80.8,230.0,0.26,3,3.5,0.36,0.02,310,25.0,0.07
3.0,7.0,82.1,230.0,0.26,3,3.5,0.36,0.02,310,25.0,0.08
3.0,7.0,83.8,230.0,0.26,3,3.5,0.36,0.02,310,25.0,0.081
3.0,7.0,83.4,230.0,0.26,3,3.5,0.36,0.02,310,25.0,0.065
3.0,7.0,42.5,230.0,0.26,3,3.5,0.36,0.02,80,25.0,0.039
3.0,7.0,45.6,230.0,0.26,3,3.5,0.36,0.02,80,25.0,0.042
3.0,7.0,44.7,230.0,0.26,3,3.5,0.36,0.02,80,25.0,0.041
3.0,7.0,45.4,230.0,0.26,3,3.5,0.36,0.02,80,25.0,0.041
3.0,7.0,49.1,230.0,0.26,3,3.5,0.36,0.02,80,25.0,0.046
3.0,7.0,52.4,230.0,0.26,3,3.5,0.36,0.02,80,25.0,0.05
3.0,7.0,53.2,230.0,0.26,3,3.5,0.36,0.02,80,25.0,0.06
3.0,7.0,53.7,230.0,0.26,3,3.5,0.36,0.02,80,25.0,0.06
3.0,7.0,53.9,230.0,0.26,3,3.5,0.36,0.02,80,25.0,0.057
3.0,7.0,54.9,230.0,0.26,3,3.5,0.36,0.02,80,25.0,0.056
3.0,7.0,56.8,230.0,0.26,3,3.5,0.36,0.02,80,25.0,0.06
3.0,7.0,58.1,230.0,0.26,3,3.5,0.36,0.02,80,25.0,0.053
3.0,7.0,59.7,230.0,0.26,3,3.5,0.36,0.02,80,25.0,0.06
3.0,7.0,59.9,230.0,0.26,3,3.5,0.36,0.02,80,25.0,0.058
3.0,7.0,61.1,230.0,0.26,3,3.5,0.36,0.02,80,25.0,0.065
3.0,7.0,62.4,230.0,0.26,3,3.5,0.36,0.02,80,25.0,0.07
3.0,7.0,63.9,230.0,0.26,3,3.5,0.36,0.02,80,25.0,0.07
3.0,7.0,64.3,230.0,0.26,3,3.5,0.36,0.02,80,25.0,0.068
3.0,7.0,65.9,230.0,0.26,3,3.5,0.36,0.02,80,25.0,0.069
3.0,7.0,64.5,230.0,0.26,3,3.5,0.36,0.02,80,25.0,0.069
3.0,7.0,65.3,230.0,0.26,3,3.5,0.36,0.02,80,25.0,0.072
3.0,7.0,67.4,230.0,0.26,3,3.5,0.36,0.02,80,25.0,0.067
3.0,7.0,69.1,230.0,0.26,3,3.5,0.36,0.02,80,25.0,0.074
3.0,7.0,69.5,230.0,0.26,3,3.5,0.36,0.02,80,25.0,0.075
3.0,7.0,69.9,230.0,0.26,3,3.5,0.36,0.02,80,25.0,0.065
3.0,7.0,45.7,230.0,0.26,3,3.5,0.36,0.02,100,25.0,0.056
3.0,7.0,46.3,230.0,0.26,3,3.5,0.36,0.02,100,25.0,0.045
3.0,7.0,51.0,230.0,0.26,3,3.5,0.36,0.02,100,25.0,0.058
3.0,7.0,52.4,230.0,0.26,3,3.5,0.36,0.02,100,25.0,0.057
3.0,7.0,53.7,230.0,0.26,3,3.5,0.36,0.02,100,25.0,0.062
3.0,7.0,54.9,230.0,0.26,3,3.5,0.36,0.02,100,25.0,0.056
3.0,7.0,56.2,230.0,0.26,3,3.5,0.36,0.02,100,25.0,0.064
3.0,7.0,57.7,230.0,0.26,3,3.5,0.36,0.02,100,25.0,0.064
3.0,7.0,62.1,230.0,0.26,3,3.5,0.36,0.02,100,25.0,0.08
3.0,7.0,63.4,230.0,0.26,3,3.5,0.36,0.02,100,25.0,0.074
3.0,7.0,63.6,230.0,0.26,3,3.5,0.36,0.02,100,25.0,0.079
3.0,7.0,63.8,230.0,0.26,3,3.5,0.36,0.02,100,25.0,0.071
3.0,7.0,66.9,230.0,0.26,3,3.5,0.36,0.02,100,25.0,0.088
3.0,7.0,67.8,230.0,0.26,3,3.5,0.36,0.02,100,25.0,0.07
3.0,7.0,68.6,230.0,0.26,3,3.5,0.36,0.02,100,25.0,0.077
3.0,7.0,70.9,230.0,0.26,3,3.5,0.36,0.02,100,25.0,0.08
3.0,7.0,71.4,230.0,0.26,3,3.5,0.36,0.02,100,25.0,0.091
3.0,7.0,72.0,230.0,0.26,3,3.5,0.36,0.02,100,25.0,0.087
3.0,7.0,73.5,230.0,0.26,3,3.5,0.36,0.02,100,25.0,0.086
3.0,7.0,74.1,230.0,0.26,3,3.5,0.36,0.02,100,25.0,0.089
3.0,7.0,74.9,230.0,0.26,3,3.5,0.36,0.02,100,25.0,0.086
3.0,7.0,74.3,230.0,0.26,3,3.5,0.36,0.02,100,25.0,0.075
3.0,7.0,75.2,230.0,0.26,3,3.5,0.36,0.02,100,25.0,0.079
3.0,7.0,77.1,230.0,0.26,3,3.5,0.36,0.02,100,25.0,0.093
3.0,7.0,87.2,230.0,0.26,3,3.5,0.36,0.02,100,25.0,0.106
3.0,7.0,33.0,230.0,0.26,3,3.5,0.36,0.02,110,25.0,0.036
3.0,7.0,41.0,230.0,0.26,3,3.5,0.36,0.02,110,25.0,0.052
3.0,7.0,43.3,230.0,0.26,3,3.5,0.36,0.02,110,25.0,0.046
3.0,7.0,45.2,230.0,0.26,3,3.5,0.36,0.02,110,25.0,0.048
3.0,7.0,47.9,230.0,0.26,3,3.5,0.36,0.02,110,25.0,0.057
3.0,7.0,48.3,230.0,0.26,3,3.5,0.36,0.02,110,25.0,0.056
3.0,7.0,51.1,230.0,0.26,3,3.5,0.36,0.02,110,25.0,0.054
3.0,7.0,51.9,230.0,0.26,3,3.5,0.36,0.02,110,25.0,0.064
3.0,7.0,51.9,230.0,0.26,3,3.5,0.36,0.02,110,25.0,0.066
3.0,7.0,53.4,230.0,0.26,3,3.5,0.36,0.02,110,25.0,0.056
3.0,7.0,54.6,230.0,0.26,3,3.5,0.36,0.02,110,25.0,0.057
3.0,7.0,55.0,230.0,0.26,3,3.5,0.36,0.02,110,25.0,0.065
3.0,7.0,56.1,230.0,0.26,3,3.5,0.36,0.02,110,25.0,0.065
3.0,7.0,55.0,230.0,0.26,3,3.5,0.36,0.02,110,25.0,0.064
3.0,7.0,60.9,230.0,0.26,3,3.5,0.36,0.02,110,25.0,0.071
3.0,7.0,63.2,230.0,0.26,3,3.5,0.36,0.02,110,25.0,0.066
3.0,7.0,65.8,230.0,0.26,3,3.5,0.36,0.02,110,25.0,0.083
3.0,7.0,67.9,230.0,0.26,3,3.5,0.36,0.02,110,25.0,0.086
3.0,7.0,67.7,230.0,0.26,3,3.5,0.36,0.02,110,25.0,0.078
3.0,7.0,66.8,230.0,0.26,3,3.5,0.36,0.02,110,25.0,0.07
3.0,7.0,69.3,230.0,0.26,3,3.5,0.36,0.02,110,25.0,0.074
3.0,7.0,69.5,230.0,0.26,3,3.5,0.36,0.02,110,25.0,0.078
3.0,7.0,71.4,230.0,0.26,3,3.5,0.36,0.02,110,25.0,0.089
3.0,7.0,71.9,230.0,0.26,3,3.5,0.36,0.02,110,25.0,0.075
3.0,7.0,73.7,230.0,0.26,3,3.5,0.36,0.02,110,25.0,0.093
3.0,7.0,74.6,230.0,0.26,3,3.5,0.36,0.02,110,25.0,0.081
3.0,7.0,76.7,230.0,0.26,3,3.5,0.36,0.02,110,25.0,0.093
3.0,7.0,76.1,230.0,0.26,3,3.5,0.36,0.02,110,25.0,0.092
3.0,7.0,76.9,230.0,0.26,3,3.5,0.36,0.02,110,25.0,0.091
3.0,7.0,39.2,230.0,0.26,3,3.5,0.36,0.02,120,25.0,0.05
3.0,7.0,42.1,230.0,0.26,3,3.5,0.36,0.02,120,25.0,0.05
3.0,7.0,45.3,230.0,0.26,3,3.5,0.36,0.02,120,25.0,0.054
3.0,7.0,45.5,230.0,0.26,3,3.5,0.36,0.02,120,25.0,0.059
3.0,7.0,47.9,230.0,0.26,3,3.5,0.36,0.02,120,25.0,0.057
3.0,7.0,51.1,230.0,0.26,3,3.5,0.36,0.02,120,25.0,0.067
3.0,7.0,52.8,230.0,0.26,3,3.5,0.36,0.02,120,25.0,0.064
3.0,7.0,53.4,230.0,0.26,3,3.5,0.36,0.02,120,25.0,0.071
3.0,7.0,54.7,230.0,0.26,3,3.5,0.36,0.02,120,25.0,0.066
3.0,7.0,57.2,230.0,0.26,3,3.5,0.36,0.02,120,25.0,0.067
3.0,7.0,57.5,230.0,0.26,3,3.5,0.36,0.02,120,25.0,0.07
3.0,7.0,58.5,230.0,0.26,3,3.5,0.36,0.02,120,25.0,0.071
3.0,7.0,58.7,230.0,0.26,3,3.5,0.36,0.02,120,25.0,0.069
3.0,7.0,57.7,230.0,0.26,3,3.5,0.36,0.02,120,25.0,0.069
3.0,7.0,60.6,230.0,0.26,3,3.5,0.36,0.02,120,25.0,0.077
3.0,7.0,61.3,230.0,0.26,3,3.5,0.36,0.02,120,25.0,0.07
3.0,7.0,62.5,230.0,0.26,3,3.5,0.36,0.02,120,25.0,0.07
3.0,7.0,63.2,230.0,0.26,3,3.5,0.36,0.02,120,25.0,0.078
3.0,7.0,63.4,230.0,0.26,3,3.5,0.36,0.02,120,25.0,0.08
3.0,7.0,64.9,230.0,0.26,3,3.5,0.36,0.02,120,25.0,0.081
3.0,7.0,65.5,230.0,0.26,3,3.5,0.36,0.02,120,25.0,0.08
3.0,7.0,65.1,230.0,0.26,3,3.5,0.36,0.02,120,25.0,0.075
3.0,7.0,65.1,230.0,0.26,3,3.5,0.36,0.02,120,25.0,0.089
3.0,7.0,67.2,230.0,0.26,3,3.5,0.36,0.02,120,25.0,0.086
3.0,7.0,67.2,230.0,0.26,3,3.5,0.36,0.02,120,25.0,0.085
3.0,7.0,67.0,230.0,0.26,3,3.5,0.36,0.02,120,25.0,0.081
3.0,7.0,67.7,230.0,0.26,3,3.5,0.36,0.02,120,25.0,0.083
3.0,7.0,67.9,230.0,0.26,3,3.5,0.36,0.02,120,25.0,0.079
3.0,7.0,69.4,230.0,0.26,3,3.5,0.36,0.02,120,25.0,0.079
3.0,7.0,70.6,230.0,0.26,3,3.5,0.36,0.02,120,25.0,0.079
3.0,7.0,71.1,230.0,0.26,3,3.5,0.36,0.02,120,25.0,0.091
3.0,7.0,71.1,230.0,0.26,3,3.5,0.36,0.02,120,25.0,0.086
3.0,7.0,72.8,230.0,0.26,3,3.5,0.36,0.02,120,25.0,0.089
3.0,7.0,72.8,230.0,0.26,3,3.5,0.36,0.02,120,25.0,0.088
3.0,7.0,78.1,230.0,0.26,3,3.5,0.36,0.02,120,25.0,0.107
3.0,7.0,51.8,230.0,0.26,3,3.5,0.36,0.02,150,25.0,0.059
3.0,7.0,53.7,230.0,0.26,3,3.5,0.36,0.02,150,25.0,0.056
3.0,7.0,56.0,230.0,0.26,3,3.5,0.36,0.02,150,25.0,0.057
3.0,7.0,53.9,230.0,0.26,3,3.5,0.36,0.02,150,25.0,0.065
3.0,7.0,56.8,230.0,0.26,3,3.5,0.36,0.02,150,25.0,0.063
3.0,7.0,57.3,230.0,0.26,3,3.5,0.36,0.02,150,25.0,0.064
3.0,7.0,57.2,230.0,0.26,3,3.5,0.36,0.02,150,25.0,0.069
3.0,7.0,59.7,230.0,0.26,3,3.5,0.36,0.02,150,25.0,0.07
3.0,7.0,60.6,230.0,0.26,3,3.5,0.36,0.02,150,25.0,0.064
3.0,7.0,61.0,230.0,0.26,3,3.5,0.36,0.02,150,25.0,0.063
3.0,7.0,62.5,230.0,0.26,3,3.5,0.36,0.02,150,25.0,0.076
3.0,7.0,63.5,230.0,0.26,3,3.5,0.36,0.02,150,25.0,0.078
3.0,7.0,66.9,230.0,0.26,3,3.5,0.36,0.02,150,25.0,0.068
3.0,7.0,67.3,230.0,0.26,3,3.5,0.36,0.02,150,25.0,0.084
3.0,7.0,67.7,230.0,0.26,3,3.5,0.36,0.02,150,25.0,0.074
3.0,7.0,68.5,230.0,0.26,3,3.5,0.36,0.02,150,25.0,0.082
3.0,7.0,70.3,230.0,0.26,3,3.5,0.36,0.02,150,25.0,0.074
3.0,7.0,70.6,230.0,0.26,3,3.5,0.36,0.02,150,25.0,0.086
3.0,7.0,72.9,230.0,0.26,3,3.5,0.36,0.02,150,25.0,0.091
3.0,7.0,77.6,230.0,0.26,3,3.5,0.36,0.02,150,25.0,0.085
3.0,7.0,77.6,230.0,0.26,3,3.5,0.36,0.02,150,25.0,0.09
3.0,7.0,96.7,230.0,0.26,3,3.5,0.36,0.02,150,25.0,0.107
3.0,7.0,54.2,230.0,0.26,3,3.5,0.36,0.02,230,25.0,0.065
3.0,7.0,56.1,230.0,0.26,3,3.5,0.36,0.02,230,25.0,0.063
3.0,7.0,57.2,230.0,0.26,3,3.5,0.36,0.02,230,25.0,0.062
3.0,7.0,57.4,230.0,0.26,3,3.5,0.36,0.02,230,25.0,0.059
3.0,7.0,59.5,230.0,0.26,3,3.5,0.36,0.02,230,25.0,0.062
3.0,7.0,59.9,230.0,0.26,3,3.5,0.36,0.02,230,25.0,0.069
3.0,7.0,60.3,230.0,0.26,3,3.5,0.36,0.02,230,25.0,0.073
3.0,7.0,61.1,230.0,0.26,3,3.5,0.36,0.02,230,25.0,0.075
3.0,7.0,62.4,230.0,0.26,3,3.5,0.36,0.02,230,25.0,0.074
3.0,7.0,64.1,230.0,0.26,3,3.5,0.36,0.02,230,25.0,0.071
3.0,7.0,66.2,230.0,0.26,3,3.5,0.36,0.02,230,25.0,0.072
3.0,7.0,66.4,230.0,0.26,3,3.5,0.36,0.02,230,25.0,0.071
3.0,7.0,66.4,230.0,0.26,3,3.5,0.36,0.02,230,25.0,0.068
3.0,7.0,67.3,230.0,0.26,3,3.5,0.36,0.02,230,25.0,0.069
3.0,7.0,66.8,230.0,0.26,3,3.5,0.36,0.02,230,25.0,0.076
3.0,7.0,67.2,230.0,0.26,3,3.5,0.36,0.02,230,25.0,0.077
3.0,7.0,67.4,230.0,0.26,3,3.5,0.36,0.02,230,25.0,0.079
3.0,7.0,68.7,230.0,0.26,3,3.5,0.36,0.02,230,25.0,0.074
3.0,7.0,68.9,230.0,0.26,3,3.5,0.36,0.02,230,25.0,0.076
3.0,7.0,70.2,230.0,0.26,3,3.5,0.36,0.02,230,25.0,0.082
3.0,7.0,70.6,230.0,0.26,3,3.5,0.36,0.02,230,25.0,0.084
3.0,7.0,82.2,230.0,0.26,3,3.5,0.36,0.02,230,25.0,0.093
5.0,17.5,114.7,230.0,0.2,4,3.0,0.36,0.01,150,25.0,0.13
5.0,17.5,123.1,230.0,0.2,4,3.0,0.36,0.01,150,25.0,0.163
5.0,17.5,148.3,230.0,0.2,4,3.0,0.36,0.01,150,25.0,0.193
5.0,17.5,165.0,230.0,0.2,4,3.0,0.36,0.01,150,25.0,0.183
5.0,17.5,162.2,230.0,0.2,4,3.0,0.36,0.01,150,25.0,0.21
5.0,17.5,179.0,230.0,0.2,4,3.0,0.36,0.01,150,25.0,0.227
5.0,17.5,184.6,230.0,0.2,4,3.0,0.36,0.01,150,25.0,0.23
5.0,17.5,193.0,230.0,0.2,4,3.0,0.36,0.01,150,25.0,0.21
5.0,17.5,198.6,230.0,0.2,4,3.0,0.36,0.01,150,25.0,0.193
5.0,17.5,198.6,230.0,0.2,4,3.0,0.36,0.01,150,25.0,0.263
5.0,17.5,215.4,230.0,0.2,4,3.0,0.36,0.01,150,25.0,0.257
5.0,17.5,226.6,230.0,0.2,4,3.0,0.36,0.01,150,25.0,0.24
5.0,17.5,235.0,230.0,0.2,4,3.0,0.36,0.01,150,25.0,0.223
5.0,17.5,251.7,230.0,0.2,4,3.0,0.36,0.01,150,25.0,0.237
5.0,17.5,237.8,230.0,0.2,4,3.0,0.36,0.01,150,25.0,0.29
5.0,17.5,257.3,230.0,0.2,4,3.0,0.36,0.01,150,25.0,0.277
5.0,17.5,274.1,230.0,0.2,4,3.0,0.36,0.01,150,25.0,0.29
5.0,17.5,254.5,230.0,0.2,4,3.0,0.36,0.01,150,25.0,0.303
5.0,17.5,262.9,230.0,0.2,4,3.0,0.36,0.01,150,25.0,0.333
5.0,17.5,271.3,230.0,0.2,4,3.0,0.36,0.01,150,25.0,0.337
5.0,17.5,282.5,230.0,0.2,4,3.0,0.36,0.01,150,25.0,0.333
5.0,17.5,285.3,230.0,0.2,4,3.0,0.36,0.01,150,25.0,0.31
5.0,17.5,293.7,230.0,0.2,4,3.0,0.36,0.01,150,25.0,0.317
5.0,17.5,299.3,230.0,0.2,4,3.0,0.36,0.01,150,25.0,0.357
5.0,17.5,313.3,230.0,0.2,4,3.0,0.36,0.01,150,25.0,0.347
5.0,17.5,321.7,230.0,0.2,4,3.0,0.36,0.01,150,25.0,0.317
5.0,17.5,330.1,230.0,0.2,4,3.0,0.36,0.01,150,25.0,0.303
5.0,17.5,349.7,230.0,0.2,4,3.0,0.36,0.01,150,25.0,0.333
5.0,17.5,352.4,230.0,0.2,4,3.0,0.36,0.01,150,25.0,0.363
5.0,17.5,335.7,230.0,0.2,4,3.0,0.36,0.01,150,25.0,0.373
5.0,17.5,318.9,230.0,0.2,4,3.0,0.36,0.01,150,25.0,0.38
5.0,17.5,332.9,230.0,0.2,4,3.0,0.36,0.01,150,25.0,0.383
5.0,17.5,321.7,230.0,0.2,4,3.0,0.36,0.01,150,25.0,0.39
5.0,17.5,327.3,230.0,0.2,4,3.0,0.36,0.01,150,25.0,0.403
5.0,17.5,335.7,230.0,0.2,4,3.0,0.36,0.01,150,25.0,0.41
5.0,17.5,349.7,230.0,0.2,4,3.0,0.36,0.01,150,25.0,0.42
5.0,17.5,372.0,230.0,0.2,4,3.0,0.36,0.01,150,25.0,0.473
5.0,17.5,377.6,230.0,0.2,4,3.0,0.36,0.01,150,25.0,0.453
5.0,17.5,391.6,230.0,0.2,4,3.0,0.36,0.01,150,25.0,0.443
5.0,17.5,436.4,230.0,0.2,4,3.0,0.36,0.01,150,25.0,0.413
5.0,17.5,405.6,230.0,0.2,4,3.0,0.36,0.01,150,25.0,0.483
5.0,17.5,408.4,230.0,0.2,4,3.0,0.36,0.01,150,25.0,0.52
5.0,17.5,556.6,230.0,0.2,4,3.0,0.36,0.01,150,25.0,0.54
4.0,7.2,65.0,90.0,0.17,4,3.0,0.36,0.01,150,25.0,0.052
4.0,7.2,65.0,90.0,0.17,4,3.0,0.36,0.01,150,25.0,0.061
4.0,7.2,63.3,90.0,0.17,4,3.0,0.36,0.01,150,25.0,0.065
4.0,7.2,81.7,90.0,0.17,4,3.0,0.36,0.01,150,25.0,0.065
4.0,7.2,81.7,90.0,0.17,4,3.0,0.36,0.01,150,25.0,0.087
4.0,7.2,91.7,90.0,0.17,4,3.0,0.36,0.01,150,25.0,0.085
4.0,7.2,93.3,90.0,0.17,4,3.0,0.36,0.01,150,25.0,0.078
4.0,7.2,106.7,90.0,0.17,4,3.0,0.36,0.01,150,25.0,0.081
4.0,7.2,120.0,90.0,0.17,4,3.0,0.36,0.01,150,25.0,0.088
4.0,7.2,115.0,90.0,0.17,4,3.0,0.36,0.01,150,25.0,0.094
4.0,7.2,111.7,90.0,0.17,4,3.0,0.36,0.01,150,25.0,0.117
4.0,7.2,120.0,90.0,0.17,4,3.0,0.36,0.01,150,25.0,0.108
4.0,7.2,128.3,90.0,0.17,4,3.0,0.36,0.01,150,25.0,0.118
4.0,7.2,158.3,90.0,0.17,4,3.0,0.36,0.01,150,25.0,0.121
5.0,17.5,155.9,75.7,0.17,4,3.259,0.36,0.01,150,25.6,0.179
5.0,17.5,161.8,75.7,0.17,4,3.259,0.36,0.01,150,25.6,0.208
5.0,17.5,167.8,75.7,0.17,4,3.259,0.36,0.01,150,25.6,0.198
5.0,17.5,233.7,75.7,0.17,4,3.259,0.36,0.01,150,25.6,0.344
5.0,17.5,257.7,75.7,0.17,4,3.259,0.36,0.01,150,25.6,0.361
5.0,17.5,287.6,75.7,0.17,4,3.259,0.36,0.01,150,25.6,0.365
5.0,17.5,259.2,75.7,0.17,4,3.259,0.36,0.01,150,25.6,0.389
5.0,17.5,298.1,75.7,0.17,4,3.259,0.36,0.01,150,25.6,0.416
5.0,17.5,377.5,75.7,0.17,4,3.259,0.36,0.01,150,25.6,0.523
5.0,17.5,182.8,75.7,0.17,4,2.955,0.36,0.01,150,40.0,0.208
5.0,17.5,239.7,75.7,0.17,4,2.955,0.36,0.01,150,40.0,0.256
5.0,17.5,251.7,75.7,0.17,4,2.955,0.36,0.01,150,40.0,0.272
5.0,17.5,262.2,75.7,0.17,4,2.955,0.36,0.01,150,40.0,0.279
5.0,17.5,280.1,75.7,0.17,4,2.955,0.36,0.01,150,40.0,0.282
5.0,17.5,307.1,75.7,0.17,4,2.955,0.36,0.01,150,40.0,0.291
5.0,17.5,349.0,75.7,0.17,4,2.955,0.36,0.01,150,40.0,0.361
5.0,17.5,368.5,75.7,0.17,4,2.955,0.36,0.01,150,40.0,0.37
5.0,17.5,388.0,75.7,0.17,4,2.955,0.36,0.01,150,40.0,0.385
5.0,17.5,456.8,75.7,0.17,4,2.955,0.36,0.01,150,40.0,0.44
5.0,17.5,462.8,75.7,0.17,4,2.955,0.36,0.01,150,40.0,0.48
5.0,17.5,480.8,75.7,0.17,4,2.955,0.36,0.01,150,40.0,0.518
5.0,17.5,212.8,75.7,0.17,4,2.786,0.36,0.01,150,60.0,0.198
5.0,17.5,227.7,75.7,0.17,4,2.786,0.36,0.01,150,60.0,0.203
5.0,17.5,238.2,75.7,0.17,4,2.786,0.36,0.01,150,60.0,0.198
5.0,17.5,263.7,75.7,0.17,4,2.786,0.36,0.01,150,60.0,0.234
5.0,17.5,271.2,75.7,0.17,4,2.786,0.36,0.01,150,60.0,0.234
5.0,17.5,283.1,75.7,0.17,4,2.786,0.36,0.01,150,60.0,0.253
5.0,17.5,286.1,75.7,0.17,4,2.786,0.36,0.01,150,60.0,0.272
5.0,17.5,295.1,75.7,0.17,4,2.786,0.36,0.01,150,60.0,0.232
5.0,17.5,323.6,75.7,0.17,4,2.786,0.36,0.01,150,60.0,0.248
5.0,17.5,347.5,75.7,0.17,4,2.786,0.36,0.01,150,60.0,0.294
5.0,17.5,370.0,75.7,0.17,4,2.786,0.36,0.01,150,60.0,0.318
5.0,17.5,380.5,75.7,0.17,4,2.786,0.36,0.01,150,60.0,0.339
5.0,17.5,404.4,75.7,0.17,4,2.786,0.36,0.01,150,60.0,0.344
5.0,17.5,431.4,75.7,0.17,4,2.786,0.36,0.01,150,60.0,0.339
5.0,17.5,455.3,75.7,0.17,4,2.786,0.36,0.01,150,60.0,0.346
5.0,17.5,194.8,75.7,0.17,4,2.185,0.36,0.01,150,80.0,0.162
5.0,17.5,209.8,75.7,0.17,4,2.185,0.36,0.01,150,80.0,0.162
5.0,17.5,253.2,75.7,0.17,4,2.185,0.36,0.01,150,80.0,0.179
5.0,17.5,295.1,75.7,0.17,4,2.185,0.36,0.01,150,80.0,0.22
5.0,17.5,302.6,75.7,0.17,4,2.185,0.36,0.01,150,80.0,0.205
5.0,17.5,310.1,75.7,0.17,4,2.185,0.36,0.01,150,80.0,0.203
5.0,17.5,314.6,75.7,0.17,4,2.185,0.36,0.01,150,80.0,0.205
5.0,17.5,316.1,75.7,0.17,4,2.185,0.36,0.01,150,80.0,0.236
5.0,17.5,326.6,75.7,0.17,4,2.185,0.36,0.01,150,80.0,0.203
5.0,17.5,338.5,75.7,0.17,4,2.185,0.36,0.01,150,80.0,0.236
5.0,17.5,347.5,75.7,0.17,4,2.185,0.36,0.01,150,80.0,0.232
5.0,17.5,356.5,75.7,0.17,4,2.185,0.36,0.01,150,80.0,0.265
5.0,17.5,404.4,75.7,0.17,4,2.185,0.36,0.01,150,80.0,0.222
5.0,17.5,417.9,75.7,0.17,4,2.185,0.36,0.01,150,80.0,0.217
5.0,17.5,425.4,75.7,0.17,4,2.185,0.36,0.01,150,80.0,0.291
5.0,17.5,426.9,75.7,0.17,4,2.185,0.36,0.01,150,80.0,0.239
5.0,17.5,431.4,75.7,0.17,4,2.185,0.36,0.01,150,80.0,0.253
5.0,17.5,453.8,75.7,0.17,4,2.185,0.36,0.01,150,80.0,0.246
5.0,17.5,456.8,75.7,0.17,4,2.185,0.36,0.01,150,80.0,0.299
5.0,17.5,459.8,75.7,0.17,4,2.185,0.36,0.01,150,80.0,0.267
5.0,17.5,462.8,75.7,0.17,4,2.185,0.36,0.01,150,80.0,0.294
5.0,17.5,470.3,75.7,0.17,4,2.185,0.36,0.01,150,80.0,0.265
5.0,17.5,510.7,75.7,0.17,4,2.185,0.36,0.01,150,80.0,0.327
5.0,17.5,513.7,75.7,0.17,4,2.185,0.36,0.01,150,80.0,0.308
5.0,17.5,170.8,75.7,0.17,4,1.731,0.36,0.01,150,100.0,0.129
5.0,17.5,212.8,75.7,0.17,4,1.731,0.36,0.01,150,100.0,0.141
5.0,17.5,286.1,75.7,0.17,4,1.731,0.36,0.01,150,100.0,0.148
5.0,17.5,304.1,75.7,0.17,4,1.731,0.36,0.01,150,100.0,0.148
5.0,17.5,305.6,75.7,0.17,4,1.731,0.36,0.01,150,100.0,0.138
5.0,17.5,356.5,75.7,0.17,4,1.731,0.36,0.01,150,100.0,0.189
5.0,17.5,391.0,75.7,0.17,4,1.731,0.36,0.01,150,100.0,0.198
5.0,17.5,405.9,75.7,0.17,4,1.731,0.36,0.01,150,100.0,0.181
5.0,17.5,449.3,75.7,0.17,4,1.731,0.36,0.01,150,100.0,0.179
5.0,17.5,465.8,75.7,0.17,4,1.731,0.36,0.01,150,100.0,0.215
5.0,17.5,480.8,75.7,0.17,4,1.731,0.36,0.01,150,100.0,0.181
5.0,17.5,512.2,75.7,0.17,4,1.731,0.36,0.01,150,100.0,0.189
5.0,17.5,533.2,75.7,0.17,4,1.731,0.36,0.01,150,100.0,0.234
5.0,17.5,537.7,75.7,0.17,4,1.731,0.36,0.01,150,100.0,0.198
5.0,17.5,587.1,75.7,0.17,4,1.731,0.36,0.01,150,100.0,0.244
5.0,17.5,124.4,75.7,0.17,4,1.731,0.36,0.01,150,120.0,0.081
5.0,17.5,139.4,75.7,0.17,4,1.731,0.36,0.01,150,120.0,0.081
5.0,17.5,157.4,75.7,0.17,4,1.731,0.36,0.01,150,120.0,0.1
5.0,17.5,197.8,75.7,0.17,4,1.731,0.36,0.01,150,120.0,0.098
5.0,17.5,340.0,75.7,0.17,4,1.731,0.36,0.01,150,120.0,0.141
5.0,17.5,370.0,75.7,0.17,4,1.731,0.36,0.01,150,120.0,0.11
5.0,17.5,402.9,75.7,0.17,4,1.731,0.36,0.01,150,120.0,0.091
5.0,17.5,423.9,75.7,0.17,4,1.731,0.36,0.01,150,120.0,0.138
5.0,17.5,438.9,75.7,0.17,4,1.731,0.36,0.01,150,120.0,0.11
6.0,5.0,24.5,294.0,0.2,5,3.5,0.31,0.0017,105,25.0,0.025
6.0,5.0,27.9,294.0,0.2,5,3.5,0.31,0.0017,105,25.0,0.033
6.0,5.0,29.9,294.0,0.2,5,3.5,0.31,0.0017,105,25.0,0.044
6.0,5.0,33.2,294.0,0.2,5,3.5,0.31,0.0017,105,25.0,0.041
6.0,5.0,35.1,294.0,0.2,5,3.5,0.31,0.0017,105,25.0,0.047
6.0,5.0,35.1,294.0,0.2,5,3.5,0.31,0.0017,105,25.0,0.052
6.0,5.0,35.2,294.0,0.2,5,3.5,0.31,0.0017,105,25.0,0.06
6.0,5.0,36.0,294.0,0.2,5,3.5,0.31,0.0017,105,25.0,0.049
6.0,5.0,37.0,294.0,0.2,5,3.5,0.31,0.0017,105,25.0,0.055
6.0,5.0,37.4,294.0,0.2,5,3.5,0.31,0.0017,105,25.0,0.049
6.0,5.0,40.1,294.0,0.2,5,3.5,0.31,0.0017,105,25.0,0.064
6.0,5.0,43.4,294.0,0.2,5,3.5,0.31,0.0017,105,25.0,0.066
6.0,5.0,44.2,294.0,0.2,5,3.5,0.31,0.0017,105,25.0,0.073
6.0,5.0,44.7,294.0,0.2,5,3.5,0.31,0.0017,105,25.0,0.072
6.0,5.0,45.8,294.0,0.2,5,3.5,0.31,0.0017,105,25.0,0.066
6.0,5.0,45.7,294.0,0.2,5,3.5,0.31,0.0017,105,25.0,0.076
6.0,5.0,68.8,294.0,0.2,5,3.5,0.31,0.0017,105,25.0,0.093
6.0,5.0,69.8,294.0,0.2,5,3.5,0.31,0.0017,105,25.0,0.098
6.0,5.0,71.3,294.0,0.2,5,3.5,0.31,0.0017,105,25.0,0.115
6.0,5.0,73.0,294.0,0.2,5,3.5,0.31,0.0017,105,25.0,0.123
7.0,7.5,52.3,230.0,0.3,6,3.86,0.31,0.0017,120,25.0,0.034
7.0,7.5,54.0,230.0,0.3,6,3.86,0.31,0.0017,120,25.0,0.066
7.0,7.5,55.7,230.0,0.3,6,3.86,0.31,0.0017,120,25.0,0.038
7.0,7.5,56.8,230.0,0.3,6,3.86,0.31,0.0017,120,25.0,0.034
7.0,7.5,58.5,230.0,0.3,6,3.86,0.31,0.0017,120,25.0,0.032
7.0,7.5,59.6,230.0,0.3,6,3.86,0.31,0.0017,120,25.0,0.035
7.0,7.5,64.2,230.0,0.3,6,3.86,0.31,0.0017,120,25.0,0.037
7.0,7.5,65.3,230.0,0.3,6,3.86,0.31,0.0017,120,25.0,0.034
7.0,7.5,68.1,230.0,0.3,6,3.86,0.31,0.0017,120,25.0,0.043
7.0,7.5,68.1,230.0,0.3,6,3.86,0.31,0.0017,120,25.0,0.059
7.0,7.5,69.8,230.0,0.3,6,3.86,0.31,0.0017,120,25.0,0.068
7.0,7.5,74.1,230.0,0.3,6,3.86,0.31,0.0017,120,25.0,0.052
7.0,7.5,76.9,230.0,0.3,6,3.86,0.31,0.0017,120,25.0,0.062
7.0,7.5,80.0,230.0,0.3,6,3.86,0.31,0.0017,120,25.0,0.084
7.0,7.5,85.7,230.0,0.3,6,3.86,0.31,0.0017,120,25.0,0.074
7.0,7.5,85.7,230.0,0.3,6,3.86,0.31,0.0017,120,25.0,0.077
7.0,7.5,97.0,230.0,0.3,6,3.86,0.31,0.0017,120,25.0,0.095
7.0,7.5,102.6,230.0,0.3,6,3.86,0.31,0.0017,120,25.0,0.104
7.0,7.5,142.8,230.0,0.3,6,3.86,0.31,0.0017,120,25.0,0.152
8.0,7.0,80.0,233.0,0.2,7,3.96,0.37,0.0333,135,25.0,0.069
8.0,7.0,80.0,233.0,0.2,7,3.068,0.37,0.0333,135,60.0,0.052
8.0,7.0,80.0,233.0,0.2,7,2.51,0.37,0.0333,135,90.0,0.054
8.0,10.0,786.0,70.0,0.22,8,3.2,0.35,0.08,27,25.0,0.272
9.0,10.0,524.0,70.0,0.22,8,3.2,0.35,0.08,27,25.0,0.181
9.0,12.0,127.0,3.39,0.37,9,3.29,0.31,0.0167,26,25.0,0.005
9.0,12.0,127.9,3.39,0.37,9,3.29,0.31,0.0167,26,25.0,0.005
9.0,12.0,129.4,3.39,0.37,9,3.29,0.31,0.0167,26,25.0,0.005
9.0,12.0,129.8,3.39,0.37,9,3.29,0.31,0.0167,26,25.0,0.005
10.0,12.0,131.3,3.39,0.37,9,3.29,0.31,0.0167,26,25.0,0.005
10.0,12.0,135.8,3.39,0.37,9,3.29,0.31,0.0167,26,25.0,0.005
10.0,12.0,136.0,3.39,0.37,9,3.29,0.31,0.0167,26,25.0,0.005
10.0,12.0,138.4,3.39,0.37,9,3.29,0.31,0.0167,26,25.0,0.005
10.0,12.0,139.6,3.39,0.37,9,3.29,0.31,0.0167,26,25.0,0.005
10.0,12.0,142.7,3.39,0.37,9,3.29,0.31,0.0167,26,25.0,0.005
10.0,12.0,143.9,3.39,0.37,9,3.29,0.31,0.0167,26,25.0,0.005
10.0,12.0,145.4,3.39,0.37,9,3.29,0.31,0.0167,26,25.0,0.005
10.0,12.0,146.3,3.39,0.37,9,3.29,0.31,0.0167,26,25.0,0.006
10.0,12.0,146.3,3.39,0.37,9,3.29,0.31,0.0167,26,25.0,0.006
10.0,12.0,149.9,3.39,0.37,9,3.29,0.31,0.0167,26,25.0,0.006
10.0,12.0,152.3,3.39,0.37,9,3.29,0.31,0.0167,26,25.0,0.006
10.0,12.0,152.1,3.39,0.37,9,3.29,0.31,0.0167,26,25.0,0.006
10.0,12.0,154.2,3.39,0.37,9,3.29,0.31,0.0167,26,25.0,0.006
10.0,12.0,157.6,3.39,0.37,9,3.29,0.31,0.0167,26,25.0,0.006
10.0,12.0,159.7,3.39,0.37,9,3.29,0.31,0.0167,26,25.0,0.006
10.0,12.0,160.9,3.39,0.37,9,3.29,0.31,0.0167,26,25.0,0.006
10.0,12.0,162.8,3.39,0.37,9,3.29,0.31,0.0167,26,25.0,0.006
10.0,12.0,164.7,3.39,0.37,9,3.29,0.31,0.0167,26,25.0,0.006
10.0,12.0,167.8,3.39,0.37,9,3.29,0.31,0.0167,26,25.0,0.006
10.0,12.0,170.0,3.39,0.37,9,3.29,0.31,0.0167,26,25.0,0.006
10.0,12.0,170.5,3.39,0.37,9,3.29,0.31,0.0167,26,25.0,0.006
10.0,12.0,171.4,3.39,0.37,9,3.29,0.31,0.0167,26,25.0,0.006
10.0,12.0,174.0,3.39,0.37,9,3.29,0.31,0.0167,26,25.0,0.007
10.0,12.0,173.3,3.39,0.37,9,3.29,0.31,0.0167,26,25.0,0.007
10.0,12.0,175.2,3.39,0.37,9,3.29,0.31,0.0167,26,25.0,0.007
10.0,12.0,177.6,3.39,0.37,9,3.29,0.31,0.0167,26,25.0,0.007
10.0,12.0,178.6,3.39,0.37,9,3.29,0.31,0.0167,26,25.0,0.007
10.0,12.0,180.3,3.39,0.37,9,3.29,0.31,0.0167,26,25.0,0.007
10.0,12.0,182.9,3.39,0.37,9,3.29,0.31,0.0167,26,25.0,0.007
10.0,12.0,183.8,3.39,0.37,9,3.29,0.31,0.0167,26,25.0,0.007
10.0,12.0,184.8,3.39,0.37,9,3.29,0.31,0.0167,26,25.0,0.007
10.0,12.0,189.3,3.39,0.37,9,3.29,0.31,0.0167,26,25.0,0.007
10.0,12.0,190.1,3.39,0.37,9,3.29,0.31,0.0167,26,25.0,0.007
10.0,12.0,192.0,3.39,0.37,9,3.29,0.31,0.0167,26,25.0,0.007
10.0,12.0,194.4,3.39,0.37,9,3.29,0.31,0.0167,26,25.0,0.007
10.0,12.0,195.8,3.39,0.37,9,3.29,0.31,0.0167,26,25.0,0.007
10.0,12.0,201.5,3.39,0.37,9,3.29,0.31,0.0167,26,25.0,0.008
10.0,12.0,204.9,3.39,0.37,9,3.29,0.31,0.0167,26,25.0,0.008
10.0,12.0,206.3,3.39,0.37,9,3.29,0.31,0.0167,26,25.0,0.008
10.0,12.0,209.9,3.39,0.37,9,3.29,0.31,0.0167,26,25.0,0.008
10.0,12.0,211.1,3.39,0.37,9,3.29,0.31,0.0167,26,25.0,0.008
10.0,12.0,217.1,3.39,0.37,9,3.29,0.31,0.0167,26,25.0,0.008
10.0,160.0,1542.7,3.39,0.37,9,3.29,0.31,0.0167,26,25.0,0.775
10.0,160.0,1552.3,3.39,0.37,9,3.29,0.31,0.0167,26,25.0,0.78
10.0,160.0,1556.7,3.39,0.37,9,3.29,0.31,0.0167,26,25.0,0.782
10.0,160.0,1572.9,3.39,0.37,9,3.29,0.31,0.0167,26,25.0,0.791
10.0,160.0,1583.2,3.39,0.37,9,3.29,0.31,0.0167,26,25.0,0.796
10.0,160.0,1593.6,3.39,0.37,9,3.29,0.31,0.0167,26,25.0,0.801
10.0,160.0,1603.1,3.39,0.37,9,3.29,0.31,0.0167,26,25.0,0.806
10.0,160.0,1603.1,3.39,0.37,9,3.29,0.31,0.0167,26,25.0,0.806
10.0,160.0,1603.9,3.39,0.37,9,3.29,0.31,0.0167,26,25.0,0.806
10.0,160.0,1620.1,3.39,0.37,9,3.29,0.31,0.0167,26,25.0,0.814
10.0,160.0,1634.1,3.39,0.37,9,3.29,0.31,0.0167,26,25.0,0.821
10.0,160.0,1645.1,3.39,0.37,9,3.29,0.31,0.0167,26,25.0,0.827
10.0,160.0,1645.9,3.39,0.37,9,3.29,0.31,0.0167,26,25.0,0.827
10.0,160.0,1651.0,3.39,0.37,9,3.29,0.31,0.0167,26,25.0,0.83
10.0,160.0,1656.2,3.39,0.37,9,3.29,0.31,0.0167,26,25.0,0.832
10.0,160.0,1654.0,3.39,0.37,9,3.29,0.31,0.0167,26,25.0,0.831
10.0,160.0,1665.7,3.39,0.37,9,3.29,0.31,0.0167,26,25.0,0.837
10.0,160.0,1671.6,3.39,0.37,9,3.29,0.31,0.0167,26,25.0,0.84
10.0,160.0,1670.9,3.39,0.37,9,3.29,0.31,0.0167,26,25.0,0.84
10.0,160.0,1674.6,3.39,0.37,9,3.29,0.31,0.0167,26,25.0,0.842
10.0,160.0,1682.7,3.39,0.37,9,3.29,0.31,0.0167,26,25.0,0.846
10.0,160.0,1680.5,3.39,0.37,9,3.29,0.31,0.0167,26,25.0,0.845
10.0,160.0,1690.8,3.39,0.37,9,3.29,0.31,0.0167,26,25.0,0.85
10.0,160.0,1691.5,3.39,0.37,9,3.29,0.31,0.0167,26,25.0,0.85
10.0,160.0,1701.1,3.39,0.37,9,3.29,0.31,0.0167,26,25.0,0.855
10.0,160.0,1711.4,3.39,0.37,9,3.29,0.31,0.0167,26,25.0,0.86
10.0,160.0,1710.7,3.39,0.37,9,3.29,0.31,0.0167,26,25.0,0.86
10.0,160.0,1711.4,3.39,0.37,9,3.29,0.31,0.0167,26,25.0,0.86
10.0,160.0,1721.7,3.39,0.37,9,3.29,0.31,0.0167,26,25.0,0.865
10.0,160.0,1749.7,3.39,0.37,9,3.29,0.31,0.0167,26,25.0,0.88
10.0,160.0,1748.3,3.39,0.37,9,3.29,0.31,0.0167,26,25.0,0.879
10.0,160.0,1744.6,3.39,0.37,9,3.29,0.31,0.0167,26,25.0,0.877
10.0,160.0,1749.0,3.39,0.37,9,3.29,0.31,0.0167,26,25.0,0.879
10.0,160.0,1777.0,3.39,0.37,9,3.29,0.31,0.0167,26,25.0,0.893
10.0,160.0,1774.0,3.39,0.37,9,3.29,0.31,0.0167,26,25.0,0.892
10.0,160.0,1779.9,3.39,0.37,9,3.29,0.31,0.0167,26,25.0,0.895
10.0,160.0,1799.8,3.39,0.37,9,3.29,0.31,0.0167,26,25.0,0.905
10.0,160.0,1804.2,3.39,0.37,9,3.29,0.31,0.0167,26,25.0,0.907
10.0,160.0,1810.9,3.39,0.37,9,3.29,0.31,0.0167,26,25.0,0.91
10.0,160.0,1820.4,3.39,0.37,9,3.29,0.31,0.0167,26,25.0,0.915
10.0,160.0,1820.4,3.39,0.37,9,3.29,0.31,0.0167,26,25.0,0.915
10.0,160.0,1833.0,3.39,0.37,9,3.29,0.31,0.0167,26,25.0,0.921
10.0,160.0,1825.6,3.39,0.37,9,3.29,0.31,0.0167,26,25.0,0.918
10.0,160.0,1851.4,3.39,0.37,9,3.29,0.31,0.0167,26,25.0,0.931
10.0,160.0,1853.6,3.39,0.37,9,3.29,0.31,0.0167,26,25.0,0.932
10.0,160.0,1855.1,3.39,0.37,9,3.29,0.31,0.0167,26,25.0,0.932
10.0,200.0,1504.5,3.39,0.37,9,3.29,0.31,0.0167,26,25.0,0.945
10.0,200.0,1513.0,3.39,0.37,9,3.29,0.31,0.0167,26,25.0,0.951
10.0,200.0,1522.4,3.39,0.37,9,3.29,0.31,0.0167,26,25.0,0.957
10.0,200.0,1524.0,3.39,0.37,9,3.29,0.31,0.0167,26,25.0,0.958
10.0,200.0,1545.1,3.39,0.37,9,3.29,0.31,0.0167,26,25.0,0.971
10.0,200.0,1549.0,3.39,0.37,9,3.29,0.31,0.0167,26,25.0,0.973
10.0,200.0,1552.8,3.39,0.37,9,3.29,0.31,0.0167,26,25.0,0.976
10.0,200.0,1560.7,3.39,0.37,9,3.29,0.31,0.0167,26,25.0,0.981
10.0,200.0,1565.4,3.39,0.37,9,3.29,0.31,0.0167,26,25.0,0.984
10.0,200.0,1571.7,3.39,0.37,9,3.29,0.31,0.0167,26,25.0,0.988
10.0,200.0,1571.6,3.39,0.37,9,3.29,0.31,0.0167,26,25.0,0.987
10.0,200.0,1580.2,3.39,0.37,9,3.29,0.31,0.0167,26,25.0,0.993
10.0,200.0,1602.1,3.39,0.37,9,3.29,0.31,0.0167,26,25.0,1.007
10.0,200.0,1611.5,3.39,0.37,9,3.29,0.31,0.0167,26,25.0,1.013
10.0,200.0,1615.3,3.39,0.37,9,3.29,0.31,0.0167,26,25.0,1.015
10.0,200.0,1621.6,3.39,0.37,9,3.29,0.31,0.0167,26,25.0,1.019
10.0,200.0,1624.7,3.39,0.37,9,3.29,0.31,0.0167,26,25.0,1.021
10.0,200.0,1643.5,3.39,0.37,9,3.29,0.31,0.0167,26,25.0,1.033
10.0,200.0,1643.5,3.39,0.37,9,3.29,0.31,0.0167,26,25.0,1.033
10.0,200.0,1655.2,3.39,0.37,9,3.29,0.31,0.0167,26,25.0,1.04
10.0,200.0,1654.4,3.39,0.37,9,3.29,0.31,0.0167,26,25.0,1.039
10.0,200.0,1667.7,3.39,0.37,9,3.29,0.31,0.0167,26,25.0,1.048
10.0,200.0,1688.0,3.39,0.37,9,3.29,0.31,0.0167,26,25.0,1.061
10.0,200.0,1688.0,3.39,0.37,9,3.29,0.31,0.0167,26,25.0,1.061
10.0,200.0,1691.9,3.39,0.37,9,3.29,0.31,0.0167,26,25.0,1.063
10.0,200.0,1692.6,3.39,0.37,9,3.29,0.31,0.0167,26,25.0,1.064
10.0,200.0,1704.4,3.39,0.37,9,3.29,0.31,0.0167,26,25.0,1.071
10.0,200.0,1703.6,3.39,0.37,9,3.29,0.31,0.0167,26,25.0,1.07
10.0,200.0,1727.8,3.39,0.37,9,3.29,0.31,0.0167,26,25.0,1.086
10.0,200.0,1726.4,3.39,0.37,9,3.29,0.31,0.0167,26,25.0,1.085
10.0,200.0,1733.4,3.39,0.37,9,3.29,0.31,0.0167,26,25.0,1.089
10.0,200.0,1733.3,3.39,0.37,9,3.29,0.31,0.0167,26,25.0,1.089
10.0,200.0,1742.7,3.39,0.37,9,3.29,0.31,0.0167,26,25.0,1.095
10.0,200.0,1746.7,3.39,0.37,9,3.29,0.31,0.0167,26,25.0,1.097
10.0,200.0,1751.3,3.39,0.37,9,3.29,0.31,0.0167,26,25.0,1.1
10.0,200.0,1759.9,3.39,0.37,9,3.29,0.31,0.0167,26,25.0,1.106
10.0,200.0,1764.6,3.39,0.37,9,3.29,0.31,0.0167,26,25.0,1.109
10.0,200.0,1766.1,3.39,0.37,9,3.29,0.31,0.0167,26,25.0,1.11
10.0,200.0,1771.6,3.39,0.37,9,3.29,0.31,0.0167,26,25.0,1.113
10.0,200.0,1775.5,3.39,0.37,9,3.29,0.31,0.0167,26,25.0,1.116
10.0,200.0,1790.4,3.39,0.37,9,3.29,0.31,0.0167,26,25.0,1.125
10.0,200.0,1789.5,3.39,0.37,9,3.29,0.31,0.0167,26,25.0,1.124
10.0,200.0,1795.8,3.39,0.37,9,3.29,0.31,0.0167,26,25.0,1.128
10.0,200.0,1811.5,3.39,0.37,9,3.29,0.31,0.0167,26,25.0,1.138
10.0,200.0,1817.7,3.39,0.37,9,3.29,0.31,0.0167,26,25.0,1.142
10.0,200.0,1809.9,3.39,0.37,9,3.29,0.31,0.0167,26,25.0,1.137
10.0,200.0,1816.9,3.39,0.37,9,3.29,0.31,0.0167,26,25.0,1.142
10.0,200.0,1820.0,3.39,0.37,9,3.29,0.31,0.0167,26,25.0,1.144
10.0,200.0,1827.0,3.39,0.37,9,3.29,0.31,0.0167,26,25.0,1.148
10.0,300.0,1604.7,3.39,0.37,9,3.29,0.31,0.0167,26,25.0,1.512
10.0,300.0,1608.7,3.39,0.37,9,3.29,0.31,0.0167,26,25.0,1.516
10.0,300.0,1617.9,3.39,0.37,9,3.29,0.31,0.0167,26,25.0,1.525
10.0,300.0,1627.0,3.39,0.37,9,3.29,0.31,0.0167,26,25.0,1.533
10.0,300.0,1634.1,3.39,0.37,9,3.29,0.31,0.0167,26,25.0,1.54
10.0,300.0,1634.1,3.39,0.37,9,3.29,0.31,0.0167,26,25.0,1.54
10.0,300.0,1667.5,3.39,0.37,9,3.29,0.31,0.0167,26,25.0,1.572
10.0,300.0,1683.7,3.39,0.37,9,3.29,0.31,0.0167,26,25.0,1.587
10.0,300.0,1709.0,3.39,0.37,9,3.29,0.31,0.0167,26,25.0,1.611
10.0,300.0,1708.0,3.39,0.37,9,3.29,0.31,0.0167,26,25.0,1.61
10.0,300.0,1714.1,3.39,0.37,9,3.29,0.31,0.0167,26,25.0,1.615
10.0,300.0,1726.2,3.39,0.37,9,3.29,0.31,0.0167,26,25.0,1.627
10.0,300.0,1731.3,3.39,0.37,9,3.29,0.31,0.0167,26,25.0,1.632
10.0,300.0,1747.5,3.39,0.37,9,3.29,0.31,0.0167,26,25.0,1.647
10.0,300.0,1757.6,3.39,0.37,9,3.29,0.31,0.0167,26,25.0,1.657
10.0,300.0,1759.7,3.39,0.37,9,3.29,0.31,0.0167,26,25.0,1.658
10.0,300.0,1769.8,3.39,0.37,9,3.29,0.31,0.0167,26,25.0,1.668
10.0,300.0,1778.9,3.39,0.37,9,3.29,0.31,0.0167,26,25.0,1.677
10.0,300.0,1782.0,3.39,0.37,9,3.29,0.31,0.0167,26,25.0,1.679
10.0,300.0,1797.1,3.39,0.37,9,3.29,0.31,0.0167,26,25.0,1.694
10.0,300.0,1805.2,3.39,0.37,9,3.29,0.31,0.0167,26,25.0,1.701
10.0,300.0,1806.3,3.39,0.37,9,3.29,0.31,0.0167,26,25.0,1.702
10.0,300.0,1824.5,3.39,0.37,9,3.29,0.31,0.0167,26,25.0,1.72
10.0,300.0,1826.5,3.39,0.37,9,3.29,0.31,0.0167,26,25.0,1.721
10.0,300.0,1847.8,3.39,0.37,9,3.29,0.31,0.0167,26,25.0,1.742
10.0,300.0,1830.6,3.39,0.37,9,3.29,0.31,0.0167,26,25.0,1.725
10.0,300.0,1834.6,3.39,0.37,9,3.29,0.31,0.0167,26,25.0,1.729
10.0,300.0,1846.8,3.39,0.37,9,3.29,0.31,0.0167,26,25.0,1.741
10.0,300.0,1848.8,3.39,0.37,9,3.29,0.31,0.0167,26,25.0,1.742
10.0,300.0,1856.9,3.39,0.37,9,3.29,0.31,0.0167,26,25.0,1.75
10.0,300.0,1867.0,3.39,0.37,9,3.29,0.31,0.0167,26,25.0,1.76
10.0,300.0,1869.1,3.39,0.37,9,3.29,0.31,0.0167,26,25.0,1.762
10.0,300.0,1881.2,3.39,0.37,9,3.29,0.31,0.0167,26,25.0,1.773
10.0,300.0,1891.3,3.39,0.37,9,3.29,0.31,0.0167,26,25.0,1.783
10.0,300.0,1915.7,3.39,0.37,9,3.29,0.31,0.0167,26,25.0,1.805
10.0,300.0,1921.7,3.39,0.37,9,3.29,0.31,0.0167,26,25.0,1.811
10.0,300.0,1922.7,3.39,0.37,9,3.29,0.31,0.0167,26,25.0,1.812
10.0,300.0,1929.8,3.39,0.37,9,3.29,0.31,0.0167,26,25.0,1.819
10.0,300.0,1930.8,3.39,0.37,9,3.29,0.31,0.0167,26,25.0,1.82
10.0,300.0,1940.0,3.39,0.37,9,3.29,0.31,0.0167,26,25.0,1.828
10.0,300.0,1955.2,3.39,0.37,9,3.29,0.31,0.0167,26,25.0,1.843
10.0,300.0,1974.4,3.39,0.37,9,3.29,0.31,0.0167,26,25.0,1.861
10.0,300.0,1979.5,3.39,0.37,9,3.29,0.31,0.0167,26,25.0,1.866
10.0,300.0,1988.6,3.39,0.37,9,3.29,0.31,0.0167,26,25.0,1.874
10.0,300.0,1990.6,3.39,0.37,9,3.29,0.31,0.0167,26,25.0,1.876
10.0,300.0,2002.8,3.39,0.37,9,3.29,0.31,0.0167,26,25.0,1.888
10.0,300.0,2003.8,3.39,0.37,9,3.29,0.31,0.0167,26,25.0,1.889
10.0,300.0,2008.8,3.39,0.37,9,3.29,0.31,0.0167,26,25.0,1.893
10.0,300.0,2004.8,3.39,0.37,9,3.29,0.31,0.0167,26,25.0,1.889
10.0,300.0,2018.0,3.39,0.37,9,3.29,0.31,0.0167,26,25.0,1.902
10.0,300.0,2011.9,3.39,0.37,9,3.29,0.31,0.0167,26,25.0,1.896
10.0,7.15,41.8,230.0,0.26,10,1.2,0.35,0.0017,20,25.0,0.006
10.0,7.15,44.8,230.0,0.26,10,1.2,0.35,0.0017,20,25.0,0.006
10.0,7.15,47.0,230.0,0.26,10,1.2,0.35,0.0017,20,25.0,0.009
10.0,7.15,50.0,230.0,0.26,10,1.2,0.35,0.0017,20,25.0,0.009
3.0,7.15,51.8,230.0,0.26,10,1.2,0.35,0.0017,20,25.0,0.01
3.0,7.15,52.9,230.0,0.26,10,1.2,0.35,0.0017,20,25.0,0.01
3.0,7.15,52.9,230.0,0.26,10,1.2,0.35,0.0017,20,25.0,0.012
3.0,7.15,54.9,230.0,0.26,10,1.2,0.35,0.0017,20,25.0,0.009
3.0,7.15,57.8,230.0,0.26,10,1.2,0.35,0.0017,20,25.0,0.014
3.0,7.15,63.9,230.0,0.26,10,1.2,0.35,0.0017,20,25.0,0.011
3.0,7.15,69.9,230.0,0.26,10,1.2,0.35,0.0017,20,25.0,0.014
3.0,7.15,71.9,230.0,0.26,10,1.2,0.35,0.0017,20,25.0,0.013
3.0,7.15,72.9,230.0,0.26,10,1.2,0.35,0.0017,20,25.0,0.01
3.0,7.15,78.0,230.0,0.26,10,1.2,0.35,0.0017,20,25.0,0.014
3.0,7.15,80.0,230.0,0.26,10,1.2,0.35,0.0017,20,25.0,0.017
3.0,7.15,82.0,230.0,0.26,10,1.2,0.35,0.0017,20,25.0,0.019
3.0,7.15,84.8,230.0,0.26,10,1.2,0.35,0.0017,20,25.0,0.016
3.0,7.15,89.8,230.0,0.26,10,1.2,0.35,0.0017,20,25.0,0.017
3.0,7.15,97.9,230.0,0.26,10,1.2,0.35,0.0017,20,25.0,0.02
3.0,7.15,101.9,230.0,0.26,10,1.2,0.35,0.0017,20,25.0,0.021
3.0,7.15,114.9,230.0,0.26,10,1.2,0.35,0.0017,20,25.0,0.023
3.0,7.15,31.9,230.0,0.26,10,1.2,0.35,0.0017,70,25.0,0.011
3.0,7.15,40.0,230.0,0.26,10,1.2,0.35,0.0017,70,25.0,0.015
3.0,7.15,41.9,230.0,0.26,10,1.2,0.35,0.0017,70,25.0,0.015
3.0,7.15,45.1,230.0,0.26,10,1.2,0.35,0.0017,70,25.0,0.017
3.0,7.15,49.1,230.0,0.26,10,1.2,0.35,0.0017,70,25.0,0.016
3.0,7.15,50.0,230.0,0.26,10,1.2,0.35,0.0017,70,25.0,0.021
3.0,7.15,50.9,230.0,0.26,10,1.2,0.35,0.0017,70,25.0,0.022
3.0,7.15,57.9,230.0,0.26,10,1.2,0.35,0.0017,70,25.0,0.02
3.0,7.15,60.0,230.0,0.26,10,1.2,0.35,0.0017,70,25.0,0.023
3.0,7.15,67.9,230.0,0.26,10,1.2,0.35,0.0017,70,25.0,0.02
3.0,7.15,71.9,230.0,0.26,10,1.2,0.35,0.0017,70,25.0,0.018
3.0,7.15,74.0,230.0,0.26,10,1.2,0.35,0.0017,70,25.0,0.025
3.0,7.15,76.8,230.0,0.26,10,1.2,0.35,0.0017,70,25.0,0.031
3.0,7.15,78.9,230.0,0.26,10,1.2,0.35,0.0017,70,25.0,0.025
3.0,7.15,80.9,230.0,0.26,10,1.2,0.35,0.0017,70,25.0,0.021
3.0,7.15,80.9,230.0,0.26,10,1.2,0.35,0.0017,70,25.0,0.03
3.0,7.15,87.0,230.0,0.26,10,1.2,0.35,0.0017,70,25.0,0.028
3.0,7.15,92.1,230.0,0.26,10,1.2,0.35,0.0017,70,25.0,0.029
3.0,7.15,103.0,230.0,0.26,10,1.2,0.35,0.0017,70,25.0,0.029
3.0,7.15,127.0,230.0,0.26,10,1.2,0.35,0.0017,70,25.0,0.037
3.0,7.15,40.9,230.0,0.26,10,1.2,0.35,0.0017,210,25.0,0.017
3.0,7.15,43.1,230.0,0.26,10,1.2,0.35,0.0017,210,25.0,0.017
3.0,7.15,43.9,230.0,0.26,10,1.2,0.35,0.0017,210,25.0,0.019
3.0,7.15,48.0,230.0,0.26,10,1.2,0.35,0.0017,210,25.0,0.022
3.0,7.15,51.0,230.0,0.26,10,1.2,0.35,0.0017,210,25.0,0.029
3.0,7.15,52.0,230.0,0.26,10,1.2,0.35,0.0017,210,25.0,0.035
3.0,7.15,53.9,230.0,0.26,10,1.2,0.35,0.0017,210,25.0,0.027
3.0,7.15,56.0,230.0,0.26,10,1.2,0.35,0.0017,210,25.0,0.031
3.0,7.15,63.1,230.0,0.26,10,1.2,0.35,0.0017,210,25.0,0.031
3.0,7.15,66.9,230.0,0.26,10,1.2,0.35,0.0017,210,25.0,0.04
3.0,7.15,68.0,230.0,0.26,10,1.2,0.35,0.0017,210,25.0,0.033
3.0,7.15,69.0,230.0,0.26,10,1.2,0.35,0.0017,210,25.0,0.038
3.0,7.15,69.9,230.0,0.26,10,1.2,0.35,0.0017,210,25.0,0.035
3.0,7.15,76.0,230.0,0.26,10,1.2,0.35,0.0017,210,25.0,0.042
3.0,7.15,83.0,230.0,0.26,10,1.2,0.35,0.0017,210,25.0,0.043
3.0,7.15,89.0,230.0,0.26,10,1.2,0.35,0.0017,210,25.0,0.051
3.0,7.15,89.9,230.0,0.26,10,1.2,0.35,0.0017,210,25.0,0.042
3.0,7.15,89.9,230.0,0.26,10,1.2,0.35,0.0017,210,25.0,0.049
3.0,7.15,90.9,230.0,0.26,10,1.2,0.35,0.0017,210,25.0,0.047
3.0,7.15,98.0,230.0,0.26,10,1.2,0.35,0.0017,210,25.0,0.048
3.0,7.15,27.1,230.0,0.26,10,1.2,0.35,0.0017,270,25.0,0.026
3.0,7.15,43.0,230.0,0.26,10,1.2,0.35,0.0017,270,25.0,0.039
3.0,7.15,44.0,230.0,0.26,10,1.2,0.35,0.0017,270,25.0,0.032
3.0,7.15,46.0,230.0,0.26,10,1.2,0.35,0.0017,270,25.0,0.035
3.0,7.15,46.0,230.0,0.26,10,1.2,0.35,0.0017,270,25.0,0.034
3.0,7.15,53.9,230.0,0.26,10,1.2,0.35,0.0017,270,25.0,0.044
3.0,7.15,57.9,230.0,0.26,10,1.2,0.35,0.0017,270,25.0,0.053
3.0,7.15,61.9,230.0,0.26,10,1.2,0.35,0.0017,270,25.0,0.053
3.0,7.15,67.1,230.0,0.26,10,1.2,0.35,0.0017,270,25.0,0.057
3.0,7.15,70.0,230.0,0.26,10,1.2,0.35,0.0017,270,25.0,0.065
3.0,7.15,72.0,230.0,0.26,10,1.2,0.35,0.0017,270,25.0,0.055
3.0,7.15,73.0,230.0,0.26,10,1.2,0.35,0.0017,270,25.0,0.055
3.0,7.15,73.0,230.0,0.26,10,1.2,0.35,0.0017,270,25.0,0.057
3.0,7.15,73.9,230.0,0.26,10,1.2,0.35,0.0017,270,25.0,0.064
3.0,7.15,76.0,230.0,0.26,10,1.2,0.35,0.0017,270,25.0,0.056
3.0,7.15,76.0,230.0,0.26,10,1.2,0.35,0.0017,270,25.0,0.054
3.0,7.15,84.0,230.0,0.26,10,1.2,0.35,0.0017,270,25.0,0.061
3.0,7.15,88.0,230.0,0.26,10,1.2,0.35,0.0017,270,25.0,0.061
3.0,7.15,88.9,230.0,0.26,10,1.2,0.35,0.0017,270,25.0,0.057
3.0,7.15,91.0,230.0,0.26,10,1.2,0.35,0.0017,270,25.0,0.073
3.0,7.15,35.0,230.0,0.26,10,1.2,0.35,0.0017,370,25.0,0.032
3.0,7.15,35.0,230.0,0.26,10,1.2,0.35,0.0017,370,25.0,0.033
3.0,7.15,36.0,230.0,0.26,10,1.2,0.35,0.0017,370,25.0,0.032
3.0,7.15,36.0,230.0,0.26,10,1.2,0.35,0.0017,370,25.0,0.035
3.0,7.15,37.0,230.0,0.26,10,1.2,0.35,0.0017,370,25.0,0.033
3.0,7.15,38.0,230.0,0.26,10,1.2,0.35,0.0017,370,25.0,0.038
3.0,7.15,38.0,230.0,0.26,10,1.2,0.35,0.0017,370,25.0,0.039
3.0,7.15,39.0,230.0,0.26,10,1.2,0.35,0.0017,370,25.0,0.038
3.0,7.15,39.0,230.0,0.26,10,1.2,0.35,0.0017,370,25.0,0.04
3.0,7.15,40.0,230.0,0.26,10,1.2,0.35,0.0017,370,25.0,0.037
3.0,7.15,40.0,230.0,0.26,10,1.2,0.35,0.0017,370,25.0,0.039
3.0,7.15,41.0,230.0,0.26,10,1.2,0.35,0.0017,370,25.0,0.037
3.0,7.15,42.0,230.0,0.26,10,1.2,0.35,0.0017,370,25.0,0.041
3.0,7.15,43.0,230.0,0.26,10,1.2,0.35,0.0017,370,25.0,0.04
3.0,7.15,43.0,230.0,0.26,10,1.2,0.35,0.0017,370,25.0,0.041
3.0,7.15,44.0,230.0,0.26,10,1.2,0.35,0.0017,370,25.0,0.039
3.0,7.15,44.0,230.0,0.26,10,1.2,0.35,0.0017,370,25.0,0.043
3.0,7.15,44.0,230.0,0.26,10,1.2,0.35,0.0017,370,25.0,0.044
3.0,7.15,45.0,230.0,0.26,10,1.2,0.35,0.0017,370,25.0,0.041
3.0,7.15,46.0,230.0,0.26,10,1.2,0.35,0.0017,370,25.0,0.045
3.0,7.15,47.0,230.0,0.26,10,1.2,0.35,0.0017,370,25.0,0.044
3.0,7.15,48.0,230.0,0.26,10,1.2,0.35,0.0017,370,25.0,0.046
3.0,7.15,50.0,230.0,0.26,10,1.2,0.35,0.0017,370,25.0,0.048
3.0,7.0,39.6,230.0,0.26,3,3.5,0.36,0.04,120,25.0,0.046
3.0,7.0,43.9,230.0,0.26,3,3.5,0.36,0.04,120,25.0,0.052
3.0,7.0,45.7,230.0,0.26,3,3.5,0.36,0.04,120,25.0,0.047
3.0,7.0,48.5,230.0,0.26,3,3.5,0.36,0.04,120,25.0,0.067
3.0,7.0,48.7,230.0,0.26,3,3.5,0.36,0.04,120,25.0,0.062
3.0,7.0,53.4,230.0,0.26,3,3.5,0.36,0.04,120,25.0,0.068
3.0,7.0,53.6,230.0,0.26,3,3.5,0.36,0.04,120,25.0,0.062
3.0,7.0,55.2,230.0,0.26,3,3.5,0.36,0.04,120,25.0,0.054
3.0,7.0,57.7,230.0,0.26,3,3.5,0.36,0.04,120,25.0,0.074
3.0,7.0,59.5,230.0,0.26,3,3.5,0.36,0.04,120,25.0,0.072
3.0,7.0,60.1,230.0,0.26,3,3.5,0.36,0.04,120,25.0,0.08
3.0,7.0,60.5,230.0,0.26,3,3.5,0.36,0.04,120,25.0,0.064
3.0,7.0,60.9,230.0,0.26,3,3.5,0.36,0.04,120,25.0,0.061
3.0,7.0,63.1,230.0,0.26,3,3.5,0.36,0.04,120,25.0,0.078
3.0,7.0,63.4,230.0,0.26,3,3.5,0.36,0.04,120,25.0,0.066
3.0,7.0,64.0,230.0,0.26,3,3.5,0.36,0.04,120,25.0,0.067
3.0,7.0,65.0,230.0,0.26,3,3.5,0.36,0.04,120,25.0,0.077
3.0,7.0,67.0,230.0,0.26,3,3.5,0.36,0.04,120,25.0,0.084
3.0,7.0,70.0,230.0,0.26,3,3.5,0.36,0.04,120,25.0,0.09
3.0,7.0,73.1,230.0,0.26,3,3.5,0.36,0.04,120,25.0,0.076
3.0,7.0,75.7,230.0,0.26,3,3.5,0.36,0.04,120,25.0,0.085
3.0,7.0,76.8,230.0,0.26,3,3.5,0.36,0.04,120,25.0,0.072
3.0,7.0,76.8,230.0,0.26,3,3.5,0.36,0.04,120,25.0,0.087
3.0,7.0,76.8,230.0,0.26,3,3.5,0.36,0.04,120,25.0,0.102
3.0,7.0,78.4,230.0,0.26,3,3.5,0.36,0.04,120,25.0,0.082
3.0,7.0,79.0,230.0,0.26,3,3.5,0.36,0.04,120,25.0,0.097
3.0,7.0,79.0,230.0,0.26,3,3.5,0.36,0.04,120,25.0,0.104
3.0,7.0,82.4,230.0,0.26,3,3.5,0.36,0.04,120,25.0,0.08
3.0,7.0,85.1,230.0,0.26,3,3.5,0.36,0.04,120,25.0,0.101
3.0,7.0,95.0,230.0,0.26,3,3.5,0.36,0.04,120,25.0,0.107
3.0,7.0,95.4,230.0,0.26,3,3.5,0.36,0.04,120,25.0,0.096
5.0,17.5,125.9,75.7,0.17,4,3.259,0.36,0.01,150,25.6,0.184
5.0,17.5,139.4,75.7,0.17,4,3.259,0.36,0.01,150,25.6,0.205
5.0,17.5,178.3,75.7,0.17,4,3.259,0.36,0.01,150,25.6,0.263
5.0,17.5,232.2,75.7,0.17,4,3.259,0.36,0.01,150,25.6,0.337
5.0,17.5,283.1,75.7,0.17,4,3.259,0.36,0.01,150,25.6,0.416
5.0,17.5,335.5,75.7,0.17,4,3.259,0.36,0.01,150,25.6,0.485
5.0,17.5,388.0,75.7,0.17,4,3.259,0.36,0.01,150,25.6,0.549
5.0,17.5,125.9,75.7,0.17,4,2.955,0.36,0.01,150,40.0,0.158
5.0,17.5,179.8,75.7,0.17,4,2.955,0.36,0.01,150,40.0,0.213
5.0,17.5,230.7,75.7,0.17,4,2.955,0.36,0.01,150,40.0,0.265
5.0,17.5,244.2,75.7,0.17,4,2.955,0.36,0.01,150,40.0,0.279
5.0,17.5,256.2,75.7,0.17,4,2.955,0.36,0.01,150,40.0,0.284
5.0,17.5,283.1,75.7,0.17,4,2.955,0.36,0.01,150,40.0,0.315
5.0,17.5,335.5,75.7,0.17,4,2.955,0.36,0.01,150,40.0,0.363
5.0,17.5,388.0,75.7,0.17,4,2.955,0.36,0.01,150,40.0,0.406
5.0,17.5,440.4,75.7,0.17,4,2.955,0.36,0.01,150,40.0,0.459
5.0,17.5,492.8,75.7,0.17,4,2.955,0.36,0.01,150,40.0,0.499
5.0,17.5,179.8,75.7,0.17,4,2.786,0.36,0.01,150,60.0,0.184
5.0,17.5,232.2,75.7,0.17,4,2.786,0.36,0.01,150,60.0,0.22
5.0,17.5,271.2,75.7,0.17,4,2.786,0.36,0.01,150,60.0,0.246
5.0,17.5,284.6,75.7,0.17,4,2.786,0.36,0.01,150,60.0,0.256
5.0,17.5,335.5,75.7,0.17,4,2.786,0.36,0.01,150,60.0,0.289
5.0,17.5,388.0,75.7,0.17,4,2.786,0.36,0.01,150,60.0,0.325
5.0,17.5,440.4,75.7,0.17,4,2.786,0.36,0.01,150,60.0,0.358
5.0,17.5,492.8,75.7,0.17,4,2.786,0.36,0.01,150,60.0,0.389
5.0,17.5,127.4,75.7,0.17,4,2.185,0.36,0.01,150,80.0,0.138
5.0,17.5,179.8,75.7,0.17,4,2.185,0.36,0.01,150,80.0,0.16
5.0,17.5,190.3,75.7,0.17,4,2.185,0.36,0.01,150,80.0,0.162
5.0,17.5,230.7,75.7,0.17,4,2.185,0.36,0.01,150,80.0,0.181
5.0,17.5,283.1,75.7,0.17,4,2.185,0.36,0.01,150,80.0,0.201
5.0,17.5,335.5,75.7,0.17,4,2.185,0.36,0.01,150,80.0,0.224
5.0,17.5,388.0,75.7,0.17,4,2.185,0.36,0.01,150,80.0,0.244
5.0,17.5,440.4,75.7,0.17,4,2.185,0.36,0.01,150,80.0,0.265
5.0,17.5,492.8,75.7,0.17,4,2.185,0.36,0.01,150,80.0,0.287
5.0,17.5,543.7,75.7,0.17,4,2.185,0.36,0.01,150,80.0,0.306
5.0,17.5,178.3,75.7,0.17,4,1.731,0.36,0.01,150,100.0,0.129
5.0,17.5,230.7,75.7,0.17,4,1.731,0.36,0.01,150,100.0,0.141
5.0,17.5,269.7,75.7,0.17,4,1.731,0.36,0.01,150,100.0,0.148
5.0,17.5,283.1,75.7,0.17,4,1.731,0.36,0.01,150,100.0,0.155
5.0,17.5,335.5,75.7,0.17,4,1.731,0.36,0.01,150,100.0,0.165
5.0,17.5,388.0,75.7,0.17,4,1.731,0.36,0.01,150,100.0,0.177
5.0,17.5,440.4,75.7,0.17,4,1.731,0.36,0.01,150,100.0,0.191
5.0,17.5,491.3,75.7,0.17,4,1.731,0.36,0.01,150,100.0,0.203
5.0,17.5,543.7,75.7,0.17,4,1.731,0.36,0.01,150,100.0,0.215
5.0,17.5,596.1,75.7,0.17,4,1.731,0.36,0.01,150,100.0,0.227
5.0,17.5,115.4,75.7,0.17,4,1.731,0.36,0.01,150,120.0,0.083
5.0,17.5,127.4,75.7,0.17,4,1.731,0.36,0.01,150,120.0,0.088
5.0,17.5,179.8,75.7,0.17,4,1.731,0.36,0.01,150,120.0,0.091
5.0,17.5,232.2,75.7,0.17,4,1.731,0.36,0.01,150,120.0,0.1
5.0,17.5,284.6,75.7,0.17,4,1.731,0.36,0.01,150,120.0,0.105
5.0,17.5,337.0,75.7,0.17,4,1.731,0.36,0.01,150,120.0,0.11
5.0,17.5,389.5,75.7,0.17,4,1.731,0.36,0.01,150,120.0,0.112
5.0,17.5,441.9,75.7,0.17,4,1.731,0.36,0.01,150,120.0,0.122
8.0,7.0,80.0,233.0,0.2,7,3.96,0.37,0.0333,135,25.0,0.069
8.0,7.0,80.0,233.0,0.2,7,3.068,0.37,0.0333,135,60.0,0.052
8.0,7.0,80.0,233.0,0.2,7,2.51,0.37,0.0333,135,90.0,0.054
8.0,7.0,80.0,233.0,0.2,7,1.59,0.37,0.0333,135,120.0,0.021
5.0,17.5,114.7,230.0,0.2,4,3.0,0.36,0.01,150,25.0,0.07
5.0,17.5,123.1,230.0,0.2,4,3.0,0.36,0.01,150,25.0,0.08
5.0,17.5,148.3,230.0,0.2,4,3.0,0.36,0.01,150,25.0,0.097
5.0,17.5,165.0,230.0,0.2,4,3.0,0.36,0.01,150,25.0,0.12
5.0,17.5,162.2,230.0,0.2,4,3.0,0.36,0.01,150,25.0,0.14
5.0,17.5,179.0,230.0,0.2,4,3.0,0.36,0.01,150,25.0,0.16
5.0,17.5,184.6,230.0,0.2,4,3.0,0.36,0.01,150,25.0,0.17
5.0,17.5,193.0,230.0,0.2,4,3.0,0.36,0.01,150,25.0,0.173
5.0,17.5,198.6,230.0,0.2,4,3.0,0.36,0.01,150,25.0,0.187
5.0,17.5,198.6,230.0,0.2,4,3.0,0.36,0.01,150,25.0,0.213
5.0,17.5,215.4,230.0,0.2,4,3.0,0.36,0.01,150,25.0,0.263
5.0,17.5,226.6,230.0,0.2,4,3.0,0.36,0.01,150,25.0,0.307
5.0,17.5,235.0,230.0,0.2,4,3.0,0.36,0.01,150,25.0,0.337
5.0,17.5,251.7,230.0,0.2,4,3.0,0.36,0.01,150,25.0,0.35
5.0,17.5,237.8,230.0,0.2,4,3.0,0.36,0.01,150,25.0,0.367
5.0,17.5,257.3,230.0,0.2,4,3.0,0.36,0.01,150,25.0,0.37
5.0,17.5,274.1,230.0,0.2,4,3.0,0.36,0.01,150,25.0,0.39
5.0,17.5,254.5,230.0,0.2,4,3.0,0.36,0.01,150,25.0,0.403
5.0,17.5,262.9,230.0,0.2,4,3.0,0.36,0.01,150,25.0,0.417
5.0,17.5,271.3,230.0,0.2,4,3.0,0.36,0.01,150,25.0,0.427
5.0,17.5,282.5,230.0,0.2,4,3.0,0.36,0.01,150,25.0,0.453
5.0,17.5,285.3,230.0,0.2,4,3.0,0.36,0.01,150,25.0,0.487
5.0,17.5,293.7,230.0,0.2,4,3.0,0.36,0.01,150,25.0,0.547
5.0,17.5,299.3,230.0,0.2,4,3.0,0.36,0.01,150,25.0,0.573
5.0,17.5,313.3,230.0,0.2,4,3.0,0.36,0.01,150,25.0,0.597
5.0,17.5,321.7,230.0,0.2,4,3.0,0.36,0.01,150,25.0,0.62
5.0,17.5,330.1,230.0,0.2,4,3.0,0.36,0.01,150,25.0,0.637
4.0,7.2,65.0,90.0,0.17,4,3.0,0.36,0.01,150,25.0,0.045
4.0,7.2,65.0,90.0,0.17,4,3.0,0.36,0.01,150,25.0,0.052
4.0,7.2,63.3,90.0,0.17,4,3.0,0.36,0.01,150,25.0,0.059
4.0,7.2,81.7,90.0,0.17,4,3.0,0.36,0.01,150,25.0,0.072
4.0,7.2,81.7,90.0,0.17,4,3.0,0.36,0.01,150,25.0,0.078
4.0,7.2,91.7,90.0,0.17,4,3.0,0.36,0.01,150,25.0,0.084
4.0,7.2,93.3,90.0,0.17,4,3.0,0.36,0.01,150,25.0,0.094
4.0,7.2,106.7,90.0,0.17,4,3.0,0.36,0.01,150,25.0,0.101
4.0,7.2,120.0,90.0,0.17,4,3.0,0.36,0.01,150,25.0,0.107
4.0,7.2,115.0,90.0,0.17,4,3.0,0.36,0.01,150,25.0,0.113
4.0,7.2,111.7,90.0,0.17,4,3.0,0.36,0.01,150,25.0,0.127
4.0,7.2,120.0,90.0,0.17,4,3.0,0.36,0.01,150,25.0,0.13
4.0,7.2,128.3,90.0,0.17,4,3.0,0.36,0.01,150,25.0,0.133
4.0,7.2,158.3,90.0,0.17,4,3.0,0.36,0.01,150,25.0,0.136
4.0,7.2,128.3,90.0,0.17,4,3.0,0.36,0.01,150,25.0,0.166
4.0,7.2,158.3,90.0,0.17,4,3.0,0.36,0.01,150,25.0,0.193
4.0,7.2,188.3,90.0,0.17,4,3.0,0.36,0.01,150,25.0,0.218
4.0,7.2,218.3,90.0,0.17,4,3.0,0.36,0.01,150,25.0,0.238
4.0,7.2,248.3,90.0,0.17,4,3.0,0.36,0.01,150,25.0,0.255
4.0,7.2,278.3,90.0,0.17,4,3.0,0.36,0.01,150,25.0,0.271
