Type_of_fiber,Fiber_diameter,Embedded_length,Youngs_modulus_of_fiber,Poisson_ratio_of_fiber,Type_of_matrix,Youngs_modulus_of_matrix,Poissons_ratio_of_matrix,Loading_rate,Prepare_temperature,Test_temperature,IFSS
1.0,6.0,42.5,294.0,0.3,1,3.0,0.34,6.0,370,30.0,67.1
1.0,6.0,42.5,294.0,0.3,1,3.0,0.34,6.0,370,30.0,60.8
1.0,6.0,42.5,294.0,0.3,1,2.5,0.34,6.0,370,50.0,68.6
1.0,6.0,42.5,294.0,0.3,1,2.3,0.34,6.0,370,70.0,71.8
1.0,6.0,42.5,294.0,0.3,1,2.3,0.34,6.0,370,70.0,60.2
1.0,6.0,42.5,294.0,0.3,1,2.3,0.34,6.0,370,70.0,56.5
1.0,6.0,42.5,294.0,0.3,1,2.3,0.34,6.0,370,70.0,53.6
1.0,6.0,42.5,294.0,0.3,1,2.0,0.34,6.0,370,100.0,86.2
1.0,6.0,42.5,294.0,0.3,1,2.0,0.34,6.0,370,100.0,83.3
1.0,6.0,42.5,294.0,0.3,1,2.0,0.34,6.0,370,100.0,70.9
1.0,6.0,42.5,294.0,0.3,1,2.0,0.34,6.0,370,100.0,63.8
1.0,6.0,42.5,294.0,0.3,1,2.0,0.34,6.0,370,100.0,59.7
1.0,6.0,42.5,294.0,0.3,1,2.0,0.34,6.0,370,100.0,48.9
2.0,7.0,50.0,230.0,0.2,2,2.74,0.35,0.014,230,25.0,58.8
2.0,7.0,51.3,230.0,0.2,2,2.74,0.35,0.014,230,25.0,63.1
2.0,7.0,51.6,230.0,0.2,2,2.74,0.35,0.014,230,25.0,64.0
2.0,7.0,51.8,230.0,0.2,2,2.74,0.35,0.014,230,25.0,60.6
2.0,7.0,52.2,230.0,0.2,2,2.74,0.35,0.014,230,25.0,66.9
2.0,7.0,54.1,230.0,0.2,2,2.74,0.35,0.014,230,25.0,65.0
2.0,7.0,54.8,230.0,0.2,2,2.74,0.35,0.014,230,25.0,65.8
2.0,7.0,54.9,230.0,0.2,2,2.74,0.35,0.014,230,25.0,68.1
2.0,7.0,56.2,230.0,0.2,2,2.74,0.35,0.014,230,25.0,67.9
2.0,7.0,56.3,230.0,0.2,2,2.74,0.35,0.014,230,25.0,64.0
2.0,7.0,56.3,230.0,0.2,2,2.74,0.35,0.014,230,25.0,66.9
2.0,7.0,57.2,230.0,0.2,2,2.74,0.35,0.014,230,25.0,60.2
2.0,7.0,57.6,230.0,0.2,2,2.74,0.35,0.014,230,25.0,65.2
2.0,7.0,58.4,230.0,0.2,2,2.74,0.35,0.014,230,25.0,60.2
2.0,7.0,59.4,230.0,0.2,2,2.74,0.35,0.014,230,25.0,61.9
2.0,7.0,59.9,230.0,0.2,2,2.74,0.35,0.014,230,25.0,64.8
2.0,7.0,60.5,230.0,0.2,2,2.74,0.35,0.014,230,25.0,61.2
2.0,7.0,61.2,230.0,0.2,2,2.74,0.35,0.014,230,25.0,66.0
2.0,7.0,62.6,230.0,0.2,2,2.74,0.35,0.014,230,25.0,69.0
2.0,7.0,62.3,230.0,0.2,2,2.74,0.35,0.014,230,25.0,60.0
2.0,7.0,63.2,230.0,0.2,2,2.74,0.35,0.014,230,25.0,63.1
2.0,7.0,63.6,230.0,0.2,2,2.74,0.35,0.014,230,25.0,61.9
2.0,7.0,64.0,230.0,0.2,2,2.74,0.35,0.014,230,25.0,69.8
2.0,7.0,64.3,230.0,0.2,2,2.74,0.35,0.014,230,25.0,65.0
2.0,7.0,64.5,230.0,0.2,2,2.74,0.35,0.014,230,25.0,63.1
2.0,7.0,65.3,230.0,0.2,2,2.74,0.35,0.014,230,25.0,61.9
2.0,7.0,66.2,230.0,0.2,2,2.74,0.35,0.014,230,25.0,62.9
2.0,7.0,67.7,230.0,0.2,2,2.74,0.35,0.014,230,25.0,67.9
2.0,7.0,67.8,230.0,0.2,2,2.74,0.35,0.014,230,25.0,66.0
2.0,7.0,67.6,230.0,0.2,2,2.74,0.35,0.014,230,25.0,70.0
2.0,7.0,67.7,230.0,0.2,2,2.74,0.35,0.014,230,25.0,63.1
2.0,7.0,68.2,230.0,0.2,2,2.74,0.35,0.014,230,25.0,62.3
2.0,7.0,68.4,230.0,0.2,2,2.74,0.35,0.014,230,25.0,70.0
2.0,7.0,69.3,230.0,0.2,2,2.74,0.35,0.014,230,25.0,63.1
2.0,7.0,70.3,230.0,0.2,2,2.74,0.35,0.014,230,25.0,60.6
2.0,7.0,70.9,230.0,0.2,2,2.74,0.35,0.014,230,25.0,63.1
2.0,7.0,71.4,230.0,0.2,2,2.74,0.35,0.014,230,25.0,62.9
2.0,7.0,72.5,230.0,0.2,2,2.74,0.35,0.014,230,25.0,69.8
2.0,7.0,73.6,230.0,0.2,2,2.74,0.35,0.014,230,25.0,61.9
2.0,7.0,74.6,230.0,0.2,2,2.74,0.35,0.014,230,25.0,66.9
2.0,7.0,75.0,230.0,0.2,2,2.74,0.35,0.014,230,25.0,62.9
2.0,7.0,75.4,230.0,0.2,2,2.74,0.35,0.014,230,25.0,58.8
2.0,7.0,76.0,230.0,0.2,2,2.74,0.35,0.014,230,25.0,60.4
2.0,7.0,76.5,230.0,0.2,2,2.74,0.35,0.014,230,25.0,61.7
2.0,7.0,77.3,230.0,0.2,2,2.74,0.35,0.014,230,25.0,66.0
2.0,7.0,77.8,230.0,0.2,2,2.74,0.35,0.014,230,25.0,70.0
2.0,7.0,78.9,230.0,0.2,2,2.74,0.35,0.014,230,25.0,66.0
2.0,7.0,79.6,230.0,0.2,2,2.74,0.35,0.014,230,25.0,61.9
2.0,7.0,79.9,230.0,0.2,2,2.74,0.35,0.014,230,25.0,61.5
2.0,7.0,79.9,230.0,0.2,2,2.74,0.35,0.014,230,25.0,63.8
2.0,7.0,80.0,230.0,0.2,2,2.74,0.35,0.014,230,25.0,66.0
2.0,7.0,50.2,230.0,0.2,2,2.74,0.35,0.014,230,-196.0,76.6
2.0,7.0,50.6,230.0,0.2,2,2.74,0.35,0.014,230,-196.0,81.7
2.0,7.0,51.6,230.0,0.2,2,2.74,0.35,0.014,230,-196.0,84.5
2.0,7.0,51.8,230.0,0.2,2,2.74,0.35,0.014,230,-196.0,76.2
2.0,7.0,52.0,230.0,0.2,2,2.74,0.35,0.014,230,-196.0,88.3
2.0,7.0,53.6,230.0,0.2,2,2.74,0.35,0.014,230,-196.0,96.6
2.0,7.0,54.2,230.0,0.2,2,2.74,0.35,0.014,230,-196.0,90.9
2.0,7.0,55.8,230.0,0.2,2,2.74,0.35,0.014,230,-196.0,98.6
2.0,7.0,56.3,230.0,0.2,2,2.74,0.35,0.014,230,-196.0,92.0
2.0,7.0,56.6,230.0,0.2,2,2.74,0.35,0.014,230,-196.0,100.6
2.0,7.0,56.9,230.0,0.2,2,2.74,0.35,0.014,230,-196.0,93.8
2.0,7.0,57.3,230.0,0.2,2,2.74,0.35,0.014,230,-196.0,88.9
2.0,7.0,57.7,230.0,0.2,2,2.74,0.35,0.014,230,-196.0,95.7
2.0,7.0,58.2,230.0,0.2,2,2.74,0.35,0.014,230,-196.0,90.5
2.0,7.0,59.2,230.0,0.2,2,2.74,0.35,0.014,230,-196.0,95.3
2.0,7.0,60.1,230.0,0.2,2,2.74,0.35,0.014,230,-196.0,99.3
2.0,7.0,60.6,230.0,0.2,2,2.74,0.35,0.014,230,-196.0,95.3
2.0,7.0,61.2,230.0,0.2,2,2.74,0.35,0.014,230,-196.0,103.0
2.0,7.0,62.2,230.0,0.2,2,2.74,0.35,0.014,230,-196.0,108.5
2.0,7.0,62.2,230.0,0.2,2,2.74,0.35,0.014,230,-196.0,96.2
2.0,7.0,63.1,230.0,0.2,2,2.74,0.35,0.014,230,-196.0,101.7
2.0,7.0,63.4,230.0,0.2,2,2.74,0.35,0.014,230,-196.0,100.8
2.0,7.0,64.3,230.0,0.2,2,2.74,0.35,0.014,230,-196.0,113.6
2.0,7.0,64.5,230.0,0.2,2,2.74,0.35,0.014,230,-196.0,108.0
2.0,7.0,64.8,230.0,0.2,2,2.74,0.35,0.014,230,-196.0,104.7
2.0,7.0,65.4,230.0,0.2,2,2.74,0.35,0.014,230,-196.0,104.1
2.0,7.0,66.5,230.0,0.2,2,2.74,0.35,0.014,230,-196.0,107.4
2.0,7.0,67.4,230.0,0.2,2,2.74,0.35,0.014,230,-196.0,108.7
2.0,7.0,67.5,230.0,0.2,2,2.74,0.35,0.014,230,-196.0,116.4
2.0,7.0,67.8,230.0,0.2,2,2.74,0.35,0.014,230,-196.0,119.9
2.0,7.0,68.0,230.0,0.2,2,2.74,0.35,0.014,230,-196.0,115.1
2.0,7.0,68.1,230.0,0.2,2,2.74,0.35,0.014,230,-196.0,103.4
2.0,7.0,68.3,230.0,0.2,2,2.74,0.35,0.014,230,-196.0,118.8
2.0,7.0,68.5,230.0,0.2,2,2.74,0.35,0.014,230,-196.0,110.5
2.0,7.0,70.4,230.0,0.2,2,2.74,0.35,0.014,230,-196.0,119.1
2.0,7.0,70.9,230.0,0.2,2,2.74,0.35,0.014,230,-196.0,114.2
2.0,7.0,71.2,230.0,0.2,2,2.74,0.35,0.014,230,-196.0,114.7
2.0,7.0,72.2,230.0,0.2,2,2.74,0.35,0.014,230,-196.0,127.4
2.0,7.0,73.5,230.0,0.2,2,2.74,0.35,0.014,230,-196.0,116.8
2.0,7.0,74.4,230.0,0.2,2,2.74,0.35,0.014,230,-196.0,126.3
2.0,7.0,74.7,230.0,0.2,2,2.74,0.35,0.014,230,-196.0,120.6
2.0,7.0,75.2,230.0,0.2,2,2.74,0.35,0.014,230,-196.0,114.6
2.0,7.0,75.4,230.0,0.2,2,2.74,0.35,0.014,230,-196.0,110.9
2.0,7.0,76.2,230.0,0.2,2,2.74,0.35,0.014,230,-196.0,123.9
2.0,7.0,77.6,230.0,0.2,2,2.74,0.35,0.014,230,-196.0,130.1
2.0,7.0,77.8,230.0,0.2,2,2.74,0.35,0.014,230,-196.0,137.5
2.0,7.0,78.1,230.0,0.2,2,2.74,0.35,0.014,230,-196.0,131.1
2.0,7.0,79.0,230.0,0.2,2,2.74,0.35,0.014,230,-196.0,121.7
2.0,7.0,79.0,230.0,0.2,2,2.74,0.35,0.014,230,-196.0,125.6
2.0,7.0,79.3,230.0,0.2,2,2.74,0.35,0.014,230,-196.0,129.8
2.0,7.0,79.6,230.0,0.2,2,2.74,0.35,0.014,230,-196.0,133.6
3.0,7.0,43.4,230.0,0.26,3,3.5,0.36,0.02,310,25.0,25.8
3.0,7.0,56.3,230.0,0.26,3,3.5,0.36,0.02,310,25.0,33.7
3.0,7.0,59.9,230.0,0.26,3,3.5,0.36,0.02,310,25.0,28.3
3.0,7.0,60.9,230.0,0.26,3,3.5,0.36,0.02,310,25.0,39.2
3.0,7.0,61.8,230.0,0.26,3,3.5,0.36,0.02,310,25.0,32.9
3.0,7.0,63.7,230.0,0.26,3,3.5,0.36,0.02,310,25.0,26.7
3.0,7.0,65.2,230.0,0.26,3,3.5,0.36,0.02,310,25.0,33.3
3.0,7.0,66.7,230.0,0.26,3,3.5,0.36,0.02,310,25.0,32.1
3.0,7.0,68.1,230.0,0.26,3,3.5,0.36,0.02,310,25.0,34.2
3.0,7.0,69.0,230.0,0.26,3,3.5,0.36,0.02,310,25.0,36.5
3.0,7.0,69.2,230.0,0.26,3,3.5,0.36,0.02,310,25.0,38.0
3.0,7.0,69.6,230.0,0.26,3,3.5,0.36,0.02,310,25.0,36.8
3.0,7.0,71.5,230.0,0.26,3,3.5,0.36,0.02,310,25.0,40.7
3.0,7.0,71.9,230.0,0.26,3,3.5,0.36,0.02,310,25.0,38.6
3.0,7.0,73.4,230.0,0.26,3,3.5,0.36,0.02,310,25.0,30.8
3.0,7.0,74.5,230.0,0.26,3,3.5,0.36,0.02,310,25.0,35.3
3.0,7.0,74.7,230.0,0.26,3,3.5,0.36,0.02,310,25.0,37.9
3.0,7.0,74.7,230.0,0.26,3,3.5,0.36,0.02,310,25.0,37.1
3.0,7.0,74.5,230.0,0.26,3,3.5,0.36,0.02,310,25.0,35.8
3.0,7.0,74.1,230.0,0.26,3,3.5,0.36,0.02,310,25.0,33.8
3.0,7.0,74.5,230.0,0.26,3,3.5,0.36,0.02,310,25.0,31.1
3.0,7.0,75.1,230.0,0.26,3,3.5,0.36,0.02,310,25.0,29.1
3.0,7.0,73.6,230.0,0.26,3,3.5,0.36,0.02,310,25.0,42.1
3.0,7.0,79.3,230.0,0.26,3,3.5,0.36,0.02,310,25.0,38.1
3.0,7.0,80.8,230.0,0.26,3,3.5,0.36,0.02,310,25.0,39.5
3.0,7.0,82.1,230.0,0.26,3,3.5,0.36,0.02,310,25.0,44.3
3.0,7.0,83.8,230.0,0.26,3,3.5,0.36,0.02,310,25.0,43.7
3.0,7.0,83.4,230.0,0.26,3,3.5,0.36,0.02,310,25.0,35.5
3.0,7.0,42.5,230.0,0.26,3,3.5,0.36,0.02,80,25.0,41.5
3.0,7.0,45.6,230.0,0.26,3,3.5,0.36,0.02,80,25.0,41.7
3.0,7.0,44.7,230.0,0.26,3,3.5,0.36,0.02,80,25.0,42.0
3.0,7.0,45.4,230.0,0.26,3,3.5,0.36,0.02,80,25.0,40.6
3.0,7.0,49.1,230.0,0.26,3,3.5,0.36,0.02,80,25.0,42.9
3.0,7.0,52.4,230.0,0.26,3,3.5,0.36,0.02,80,25.0,43.4
3.0,7.0,53.2,230.0,0.26,3,3.5,0.36,0.02,80,25.0,51.2
3.0,7.0,53.7,230.0,0.26,3,3.5,0.36,0.02,80,25.0,50.9
3.0,7.0,53.9,230.0,0.26,3,3.5,0.36,0.02,80,25.0,47.9
3.0,7.0,54.9,230.0,0.26,3,3.5,0.36,0.02,80,25.0,46.3
3.0,7.0,56.8,230.0,0.26,3,3.5,0.36,0.02,80,25.0,47.7
3.0,7.0,58.1,230.0,0.26,3,3.5,0.36,0.02,80,25.0,41.4
3.0,7.0,59.7,230.0,0.26,3,3.5,0.36,0.02,80,25.0,45.6
3.0,7.0,59.9,230.0,0.26,3,3.5,0.36,0.02,80,25.0,44.3
3.0,7.0,61.1,230.0,0.26,3,3.5,0.36,0.02,80,25.0,48.2
3.0,7.0,62.4,230.0,0.26,3,3.5,0.36,0.02,80,25.0,51.1
3.0,7.0,63.9,230.0,0.26,3,3.5,0.36,0.02,80,25.0,49.8
3.0,7.0,64.3,230.0,0.26,3,3.5,0.36,0.02,80,25.0,48.0
3.0,7.0,65.9,230.0,0.26,3,3.5,0.36,0.02,80,25.0,47.6
3.0,7.0,64.5,230.0,0.26,3,3.5,0.36,0.02,80,25.0,49.0
3.0,7.0,65.3,230.0,0.26,3,3.5,0.36,0.02,80,25.0,50.5
3.0,7.0,67.4,230.0,0.26,3,3.5,0.36,0.02,80,25.0,45.1
3.0,7.0,69.1,230.0,0.26,3,3.5,0.36,0.02,80,25.0,48.5
3.0,7.0,69.5,230.0,0.26,3,3.5,0.36,0.02,80,25.0,49.0
3.0,7.0,69.9,230.0,0.26,3,3.5,0.36,0.02,80,25.0,42.1
3.0,7.0,45.7,230.0,0.26,3,3.5,0.36,0.02,100,25.0,55.3
3.0,7.0,46.3,230.0,0.26,3,3.5,0.36,0.02,100,25.0,44.4
3.0,7.0,51.0,230.0,0.26,3,3.5,0.36,0.02,100,25.0,51.9
3.0,7.0,52.4,230.0,0.26,3,3.5,0.36,0.02,100,25.0,49.8
3.0,7.0,53.7,230.0,0.26,3,3.5,0.36,0.02,100,25.0,52.6
3.0,7.0,54.9,230.0,0.26,3,3.5,0.36,0.02,100,25.0,46.5
3.0,7.0,56.2,230.0,0.26,3,3.5,0.36,0.02,100,25.0,51.9
3.0,7.0,57.7,230.0,0.26,3,3.5,0.36,0.02,100,25.0,50.1
3.0,7.0,62.1,230.0,0.26,3,3.5,0.36,0.02,100,25.0,58.3
3.0,7.0,63.4,230.0,0.26,3,3.5,0.36,0.02,100,25.0,53.2
3.0,7.0,63.6,230.0,0.26,3,3.5,0.36,0.02,100,25.0,56.7
3.0,7.0,63.8,230.0,0.26,3,3.5,0.36,0.02,100,25.0,50.8
3.0,7.0,66.9,230.0,0.26,3,3.5,0.36,0.02,100,25.0,60.0
3.0,7.0,67.8,230.0,0.26,3,3.5,0.36,0.02,100,25.0,46.8
3.0,7.0,68.6,230.0,0.26,3,3.5,0.36,0.02,100,25.0,51.2
3.0,7.0,70.9,230.0,0.26,3,3.5,0.36,0.02,100,25.0,51.5
3.0,7.0,71.4,230.0,0.26,3,3.5,0.36,0.02,100,25.0,58.1
3.0,7.0,72.0,230.0,0.26,3,3.5,0.36,0.02,100,25.0,55.2
3.0,7.0,73.5,230.0,0.26,3,3.5,0.36,0.02,100,25.0,52.9
3.0,7.0,74.1,230.0,0.26,3,3.5,0.36,0.02,100,25.0,54.3
3.0,7.0,74.9,230.0,0.26,3,3.5,0.36,0.02,100,25.0,52.3
3.0,7.0,74.3,230.0,0.26,3,3.5,0.36,0.02,100,25.0,46.2
3.0,7.0,75.2,230.0,0.26,3,3.5,0.36,0.02,100,25.0,47.9
3.0,7.0,77.1,230.0,0.26,3,3.5,0.36,0.02,100,25.0,54.6
3.0,7.0,87.2,230.0,0.26,3,3.5,0.36,0.02,100,25.0,55.3
3.0,7.0,33.0,230.0,0.26,3,3.5,0.36,0.02,110,25.0,49.2
3.0,7.0,41.0,230.0,0.26,3,3.5,0.36,0.02,110,25.0,58.1
3.0,7.0,43.3,230.0,0.26,3,3.5,0.36,0.02,110,25.0,48.8
3.0,7.0,45.2,230.0,0.26,3,3.5,0.36,0.02,110,25.0,48.5
3.0,7.0,47.9,230.0,0.26,3,3.5,0.36,0.02,110,25.0,54.0
3.0,7.0,48.3,230.0,0.26,3,3.5,0.36,0.02,110,25.0,52.4
3.0,7.0,51.1,230.0,0.26,3,3.5,0.36,0.02,110,25.0,47.9
3.0,7.0,51.9,230.0,0.26,3,3.5,0.36,0.02,110,25.0,56.1
3.0,7.0,51.9,230.0,0.26,3,3.5,0.36,0.02,110,25.0,57.9
3.0,7.0,53.4,230.0,0.26,3,3.5,0.36,0.02,110,25.0,47.4
3.0,7.0,54.6,230.0,0.26,3,3.5,0.36,0.02,110,25.0,47.4
3.0,7.0,55.0,230.0,0.26,3,3.5,0.36,0.02,110,25.0,53.5
3.0,7.0,56.1,230.0,0.26,3,3.5,0.36,0.02,110,25.0,52.4
3.0,7.0,55.0,230.0,0.26,3,3.5,0.36,0.02,110,25.0,53.0
3.0,7.0,60.9,230.0,0.26,3,3.5,0.36,0.02,110,25.0,53.2
3.0,7.0,63.2,230.0,0.26,3,3.5,0.36,0.02,110,25.0,47.2
3.0,7.0,65.8,230.0,0.26,3,3.5,0.36,0.02,110,25.0,57.2
3.0,7.0,67.9,230.0,0.26,3,3.5,0.36,0.02,110,25.0,57.4
3.0,7.0,67.7,230.0,0.26,3,3.5,0.36,0.02,110,25.0,52.2
3.0,7.0,66.8,230.0,0.26,3,3.5,0.36,0.02,110,25.0,47.4
3.0,7.0,69.3,230.0,0.26,3,3.5,0.36,0.02,110,25.0,48.3
3.0,7.0,69.5,230.0,0.26,3,3.5,0.36,0.02,110,25.0,51.3
3.0,7.0,71.4,230.0,0.26,3,3.5,0.36,0.02,110,25.0,56.7
3.0,7.0,71.9,230.0,0.26,3,3.5,0.36,0.02,110,25.0,47.3
3.0,7.0,73.7,230.0,0.26,3,3.5,0.36,0.02,110,25.0,57.3
3.0,7.0,74.6,230.0,0.26,3,3.5,0.36,0.02,110,25.0,49.5
3.0,7.0,76.7,230.0,0.26,3,3.5,0.36,0.02,110,25.0,55.4
3.0,7.0,76.1,230.0,0.26,3,3.5,0.36,0.02,110,25.0,54.9
3.0,7.0,76.9,230.0,0.26,3,3.5,0.36,0.02,110,25.0,54.1
3.0,7.0,39.2,230.0,0.26,3,3.5,0.36,0.02,120,25.0,58.1
3.0,7.0,42.1,230.0,0.26,3,3.5,0.36,0.02,120,25.0,54.2
3.0,7.0,45.3,230.0,0.26,3,3.5,0.36,0.02,120,25.0,54.6
3.0,7.0,45.5,230.0,0.26,3,3.5,0.36,0.02,120,25.0,58.9
3.0,7.0,47.9,230.0,0.26,3,3.5,0.36,0.02,120,25.0,54.2
3.0,7.0,51.1,230.0,0.26,3,3.5,0.36,0.02,120,25.0,59.9
3.0,7.0,52.8,230.0,0.26,3,3.5,0.36,0.02,120,25.0,55.4
3.0,7.0,53.4,230.0,0.26,3,3.5,0.36,0.02,120,25.0,60.7
3.0,7.0,54.7,230.0,0.26,3,3.5,0.36,0.02,120,25.0,55.3
3.0,7.0,57.2,230.0,0.26,3,3.5,0.36,0.02,120,25.0,53.4
3.0,7.0,57.5,230.0,0.26,3,3.5,0.36,0.02,120,25.0,55.4
3.0,7.0,58.5,230.0,0.26,3,3.5,0.36,0.02,120,25.0,55.5
3.0,7.0,58.7,230.0,0.26,3,3.5,0.36,0.02,120,25.0,53.4
3.0,7.0,57.7,230.0,0.26,3,3.5,0.36,0.02,120,25.0,54.0
3.0,7.0,60.6,230.0,0.26,3,3.5,0.36,0.02,120,25.0,57.9
3.0,7.0,61.3,230.0,0.26,3,3.5,0.36,0.02,120,25.0,52.2
3.0,7.0,62.5,230.0,0.26,3,3.5,0.36,0.02,120,25.0,50.8
3.0,7.0,63.2,230.0,0.26,3,3.5,0.36,0.02,120,25.0,55.9
3.0,7.0,63.4,230.0,0.26,3,3.5,0.36,0.02,120,25.0,57.5
3.0,7.0,64.9,230.0,0.26,3,3.5,0.36,0.02,120,25.0,56.8
3.0,7.0,65.5,230.0,0.26,3,3.5,0.36,0.02,120,25.0,55.6
3.0,7.0,65.1,230.0,0.26,3,3.5,0.36,0.02,120,25.0,52.4
3.0,7.0,65.1,230.0,0.26,3,3.5,0.36,0.02,120,25.0,62.5
3.0,7.0,67.2,230.0,0.26,3,3.5,0.36,0.02,120,25.0,58.5
3.0,7.0,67.2,230.0,0.26,3,3.5,0.36,0.02,120,25.0,57.7
3.0,7.0,67.0,230.0,0.26,3,3.5,0.36,0.02,120,25.0,55.2
3.0,7.0,67.7,230.0,0.26,3,3.5,0.36,0.02,120,25.0,55.6
3.0,7.0,67.9,230.0,0.26,3,3.5,0.36,0.02,120,25.0,52.8
3.0,7.0,69.4,230.0,0.26,3,3.5,0.36,0.02,120,25.0,52.1
3.0,7.0,70.6,230.0,0.26,3,3.5,0.36,0.02,120,25.0,51.0
3.0,7.0,71.1,230.0,0.26,3,3.5,0.36,0.02,120,25.0,58.0
3.0,7.0,71.1,230.0,0.26,3,3.5,0.36,0.02,120,25.0,54.7
3.0,7.0,72.8,230.0,0.26,3,3.5,0.36,0.02,120,25.0,55.9
3.0,7.0,72.8,230.0,0.26,3,3.5,0.36,0.02,120,25.0,55.1
3.0,7.0,78.1,230.0,0.26,3,3.5,0.36,0.02,120,25.0,62.3
3.0,7.0,51.8,230.0,0.26,3,3.5,0.36,0.02,150,25.0,51.9
3.0,7.0,53.7,230.0,0.26,3,3.5,0.36,0.02,150,25.0,47.7
3.0,7.0,56.0,230.0,0.26,3,3.5,0.36,0.02,150,25.0,46.5
3.0,7.0,53.9,230.0,0.26,3,3.5,0.36,0.02,150,25.0,55.0
3.0,7.0,56.8,230.0,0.26,3,3.5,0.36,0.02,150,25.0,50.8
3.0,7.0,57.3,230.0,0.26,3,3.5,0.36,0.02,150,25.0,51.0
3.0,7.0,57.2,230.0,0.26,3,3.5,0.36,0.02,150,25.0,54.8
3.0,7.0,59.7,230.0,0.26,3,3.5,0.36,0.02,150,25.0,53.7
3.0,7.0,60.6,230.0,0.26,3,3.5,0.36,0.02,150,25.0,48.3
3.0,7.0,61.0,230.0,0.26,3,3.5,0.36,0.02,150,25.0,46.8
3.0,7.0,62.5,230.0,0.26,3,3.5,0.36,0.02,150,25.0,55.4
3.0,7.0,63.5,230.0,0.26,3,3.5,0.36,0.02,150,25.0,55.9
3.0,7.0,66.9,230.0,0.26,3,3.5,0.36,0.02,150,25.0,46.4
3.0,7.0,67.3,230.0,0.26,3,3.5,0.36,0.02,150,25.0,57.1
3.0,7.0,67.7,230.0,0.26,3,3.5,0.36,0.02,150,25.0,50.0
3.0,7.0,68.5,230.0,0.26,3,3.5,0.36,0.02,150,25.0,54.7
3.0,7.0,70.3,230.0,0.26,3,3.5,0.36,0.02,150,25.0,47.7
3.0,7.0,70.6,230.0,0.26,3,3.5,0.36,0.02,150,25.0,55.4
3.0,7.0,72.9,230.0,0.26,3,3.5,0.36,0.02,150,25.0,56.7
3.0,7.0,77.6,230.0,0.26,3,3.5,0.36,0.02,150,25.0,49.7
3.0,7.0,77.6,230.0,0.26,3,3.5,0.36,0.02,150,25.0,52.5
3.0,7.0,96.7,230.0,0.26,3,3.5,0.36,0.02,150,25.0,50.1
3.0,7.0,54.2,230.0,0.26,3,3.5,0.36,0.02,230,25.0,54.4
3.0,7.0,56.1,230.0,0.26,3,3.5,0.36,0.02,230,25.0,50.8
3.0,7.0,57.2,230.0,0.26,3,3.5,0.36,0.02,230,25.0,48.9
3.0,7.0,57.4,230.0,0.26,3,3.5,0.36,0.02,230,25.0,46.8
3.0,7.0,59.5,230.0,0.26,3,3.5,0.36,0.02,230,25.0,47.2
3.0,7.0,59.9,230.0,0.26,3,3.5,0.36,0.02,230,25.0,52.2
3.0,7.0,60.3,230.0,0.26,3,3.5,0.36,0.02,230,25.0,54.9
3.0,7.0,61.1,230.0,0.26,3,3.5,0.36,0.02,230,25.0,55.8
3.0,7.0,62.4,230.0,0.26,3,3.5,0.36,0.02,230,25.0,54.2
3.0,7.0,64.1,230.0,0.26,3,3.5,0.36,0.02,230,25.0,50.5
3.0,7.0,66.2,230.0,0.26,3,3.5,0.36,0.02,230,25.0,49.4
3.0,7.0,66.4,230.0,0.26,3,3.5,0.36,0.02,230,25.0,48.6
3.0,7.0,66.4,230.0,0.26,3,3.5,0.36,0.02,230,25.0,46.5
3.0,7.0,67.3,230.0,0.26,3,3.5,0.36,0.02,230,25.0,46.5
3.0,7.0,66.8,230.0,0.26,3,3.5,0.36,0.02,230,25.0,52.0
3.0,7.0,67.2,230.0,0.26,3,3.5,0.36,0.02,230,25.0,52.2
3.0,7.0,67.4,230.0,0.26,3,3.5,0.36,0.02,230,25.0,53.5
3.0,7.0,68.7,230.0,0.26,3,3.5,0.36,0.02,230,25.0,49.0
3.0,7.0,68.9,230.0,0.26,3,3.5,0.36,0.02,230,25.0,50.5
3.0,7.0,70.2,230.0,0.26,3,3.5,0.36,0.02,230,25.0,52.9
3.0,7.0,70.6,230.0,0.26,3,3.5,0.36,0.02,230,25.0,53.9
3.0,7.0,82.2,230.0,0.26,3,3.5,0.36,0.02,230,25.0,51.7
5.0,17.5,114.7,230.0,0.2,4,3.0,0.36,0.01,150,25.0,20.6
5.0,17.5,123.1,230.0,0.2,4,3.0,0.36,0.01,150,25.0,24.1
5.0,17.5,148.3,230.0,0.2,4,3.0,0.36,0.01,150,25.0,23.7
5.0,17.5,165.0,230.0,0.2,4,3.0,0.36,0.01,150,25.0,20.2
5.0,17.5,162.2,230.0,0.2,4,3.0,0.36,0.01,150,25.0,23.5
5.0,17.5,179.0,230.0,0.2,4,3.0,0.36,0.01,150,25.0,23.0
5.0,17.5,184.6,230.0,0.2,4,3.0,0.36,0.01,150,25.0,22.7
5.0,17.5,193.0,230.0,0.2,4,3.0,0.36,0.01,150,25.0,19.8
5.0,17.5,198.6,230.0,0.2,4,3.0,0.36,0.01,150,25.0,17.7
5.0,17.5,198.6,230.0,0.2,4,3.0,0.36,0.01,150,25.0,24.1
5.0,17.5,215.4,230.0,0.2,4,3.0,0.36,0.01,150,25.0,21.7
5.0,17.5,226.6,230.0,0.2,4,3.0,0.36,0.01,150,25.0,19.3
5.0,17.5,235.0,230.0,0.2,4,3.0,0.36,0.01,150,25.0,17.3
5.0,17.5,251.7,230.0,0.2,4,3.0,0.36,0.01,150,25.0,17.1
5.0,17.5,237.8,230.0,0.2,4,3.0,0.36,0.01,150,25.0,22.2
5.0,17.5,257.3,230.0,0.2,4,3.0,0.36,0.01,150,25.0,19.6
5.0,17.5,274.1,230.0,0.2,4,3.0,0.36,0.01,150,25.0,19.2
5.0,17.5,254.5,230.0,0.2,4,3.0,0.36,0.01,150,25.0,21.7
5.0,17.5,262.9,230.0,0.2,4,3.0,0.36,0.01,150,25.0,23.1
5.0,17.5,271.3,230.0,0.2,4,3.0,0.36,0.01,150,25.0,22.6
5.0,17.5,282.5,230.0,0.2,4,3.0,0.36,0.01,150,25.0,21.5
5.0,17.5,285.3,230.0,0.2,4,3.0,0.36,0.01,150,25.0,19.8
5.0,17.5,293.7,230.0,0.2,4,3.0,0.36,0.01,150,25.0,19.6
5.0,17.5,299.3,230.0,0.2,4,3.0,0.36,0.01,150,25.0,21.7
5.0,17.5,313.3,230.0,0.2,4,3.0,0.36,0.01,150,25.0,20.1
5.0,17.5,321.7,230.0,0.2,4,3.0,0.36,0.01,150,25.0,17.9
5.0,17.5,330.1,230.0,0.2,4,3.0,0.36,0.01,150,25.0,16.7
5.0,17.5,349.7,230.0,0.2,4,3.0,0.36,0.01,150,25.0,17.3
5.0,17.5,352.4,230.0,0.2,4,3.0,0.36,0.01,150,25.0,18.8
5.0,17.5,335.7,230.0,0.2,4,3.0,0.36,0.01,150,25.0,20.2
5.0,17.5,318.9,230.0,0.2,4,3.0,0.36,0.01,150,25.0,21.7
5.0,17.5,332.9,230.0,0.2,4,3.0,0.36,0.01,150,25.0,20.9
5.0,17.5,321.7,230.0,0.2,4,3.0,0.36,0.01,150,25.0,22.1
5.0,17.5,327.3,230.0,0.2,4,3.0,0.36,0.01,150,25.0,22.4
5.0,17.5,335.7,230.0,0.2,4,3.0,0.36,0.01,150,25.0,22.2
5.0,17.5,349.7,230.0,0.2,4,3.0,0.36,0.01,150,25.0,21.8
5.0,17.5,372.0,230.0,0.2,4,3.0,0.36,0.01,150,25.0,23.1
5.0,17.5,377.6,230.0,0.2,4,3.0,0.36,0.01,150,25.0,21.8
5.0,17.5,391.6,230.0,0.2,4,3.0,0.36,0.01,150,25.0,20.6
5.0,17.5,436.4,230.0,0.2,4,3.0,0.36,0.01,150,25.0,17.2
5.0,17.5,405.6,230.0,0.2,4,3.0,0.36,0.01,150,25.0,21.7
5.0,17.5,408.4,230.0,0.2,4,3.0,0.36,0.01,150,25.0,23.2
5.0,17.5,556.6,230.0,0.2,4,3.0,0.36,0.01,150,25.0,17.6
4.0,7.2,65.0,90.0,0.17,4,3.0,0.36,0.01,150,25.0,35.3
4.0,7.2,65.0,90.0,0.17,4,3.0,0.36,0.01,150,25.0,41.2
4.0,7.2,63.3,90.0,0.17,4,3.0,0.36,0.01,150,25.0,45.3
4.0,7.2,81.7,90.0,0.17,4,3.0,0.36,0.01,150,25.0,35.1
4.0,7.2,81.7,90.0,0.17,4,3.0,0.36,0.01,150,25.0,46.8
4.0,7.2,91.7,90.0,0.17,4,3.0,0.36,0.01,150,25.0,41.0
4.0,7.2,93.3,90.0,0.17,4,3.0,0.36,0.01,150,25.0,36.9
4.0,7.2,106.7,90.0,0.17,4,3.0,0.36,0.01,150,25.0,33.5
4.0,7.2,120.0,90.0,0.17,4,3.0,0.36,0.01,150,25.0,32.4
4.0,7.2,115.0,90.0,0.17,4,3.0,0.36,0.01,150,25.0,36.0
4.0,7.2,111.7,90.0,0.17,4,3.0,0.36,0.01,150,25.0,46.3
4.0,7.2,120.0,90.0,0.17,4,3.0,0.36,0.01,150,25.0,39.9
4.0,7.2,128.3,90.0,0.17,4,3.0,0.36,0.01,150,25.0,40.7
4.0,7.2,158.3,90.0,0.17,4,3.0,0.36,0.01,150,25.0,33.8
5.0,17.5,155.9,75.7,0.17,4,3.259,0.36,0.01,150,25.6,20.9
5.0,17.5,161.8,75.7,0.17,4,3.259,0.36,0.01,150,25.6,23.3
5.0,17.5,167.8,75.7,0.17,4,3.259,0.36,0.01,150,25.6,21.5
5.0,17.5,233.7,75.7,0.17,4,3.259,0.36,0.01,150,25.6,26.8
5.0,17.5,257.7,75.7,0.17,4,3.259,0.36,0.01,150,25.6,25.5
5.0,17.5,287.6,75.7,0.17,4,3.259,0.36,0.01,150,25.6,23.1
5.0,17.5,259.2,75.7,0.17,4,3.259,0.36,0.01,150,25.6,27.3
5.0,17.5,298.1,75.7,0.17,4,3.259,0.36,0.01,150,25.6,25.4
5.0,17.5,377.5,75.7,0.17,4,3.259,0.36,0.01,150,25.6,25.2
5.0,17.5,182.8,75.7,0.17,4,2.955,0.36,0.01,150,40.0,20.7
5.0,17.5,239.7,75.7,0.17,4,2.955,0.36,0.01,150,40.0,19.4
5.0,17.5,251.7,75.7,0.17,4,2.955,0.36,0.01,150,40.0,19.7
5.0,17.5,262.2,75.7,0.17,4,2.955,0.36,0.01,150,40.0,19.4
5.0,17.5,280.1,75.7,0.17,4,2.955,0.36,0.01,150,40.0,18.3
5.0,17.5,307.1,75.7,0.17,4,2.955,0.36,0.01,150,40.0,17.3
5.0,17.5,349.0,75.7,0.17,4,2.955,0.36,0.01,150,40.0,18.8
5.0,17.5,368.5,75.7,0.17,4,2.955,0.36,0.01,150,40.0,18.3
5.0,17.5,388.0,75.7,0.17,4,2.955,0.36,0.01,150,40.0,18.0
5.0,17.5,456.8,75.7,0.17,4,2.955,0.36,0.01,150,40.0,17.5
5.0,17.5,462.8,75.7,0.17,4,2.955,0.36,0.01,150,40.0,18.9
5.0,17.5,480.8,75.7,0.17,4,2.955,0.36,0.01,150,40.0,19.6
5.0,17.5,212.8,75.7,0.17,4,2.786,0.36,0.01,150,60.0,16.9
5.0,17.5,227.7,75.7,0.17,4,2.786,0.36,0.01,150,60.0,16.2
5.0,17.5,238.2,75.7,0.17,4,2.786,0.36,0.01,150,60.0,15.1
5.0,17.5,263.7,75.7,0.17,4,2.786,0.36,0.01,150,60.0,16.1
5.0,17.5,271.2,75.7,0.17,4,2.786,0.36,0.01,150,60.0,15.7
5.0,17.5,283.1,75.7,0.17,4,2.786,0.36,0.01,150,60.0,16.3
5.0,17.5,286.1,75.7,0.17,4,2.786,0.36,0.01,150,60.0,17.3
5.0,17.5,295.1,75.7,0.17,4,2.786,0.36,0.01,150,60.0,14.3
5.0,17.5,323.6,75.7,0.17,4,2.786,0.36,0.01,150,60.0,14.0
5.0,17.5,347.5,75.7,0.17,4,2.786,0.36,0.01,150,60.0,15.4
5.0,17.5,370.0,75.7,0.17,4,2.786,0.36,0.01,150,60.0,15.6
5.0,17.5,380.5,75.7,0.17,4,2.786,0.36,0.01,150,60.0,16.2
5.0,17.5,404.4,75.7,0.17,4,2.786,0.36,0.01,150,60.0,15.5
5.0,17.5,431.4,75.7,0.17,4,2.786,0.36,0.01,150,60.0,14.3
5.0,17.5,455.3,75.7,0.17,4,2.786,0.36,0.01,150,60.0,13.8
5.0,17.5,194.8,75.7,0.17,4,2.185,0.36,0.01,150,80.0,15.2
5.0,17.5,209.8,75.7,0.17,4,2.185,0.36,0.01,150,80.0,14.1
5.0,17.5,253.2,75.7,0.17,4,2.185,0.36,0.01,150,80.0,12.9
5.0,17.5,295.1,75.7,0.17,4,2.185,0.36,0.01,150,80.0,13.5
5.0,17.5,302.6,75.7,0.17,4,2.185,0.36,0.01,150,80.0,12.3
5.0,17.5,310.1,75.7,0.17,4,2.185,0.36,0.01,150,80.0,11.9
5.0,17.5,314.6,75.7,0.17,4,2.185,0.36,0.01,150,80.0,11.9
5.0,17.5,316.1,75.7,0.17,4,2.185,0.36,0.01,150,80.0,13.6
5.0,17.5,326.6,75.7,0.17,4,2.185,0.36,0.01,150,80.0,11.3
5.0,17.5,338.5,75.7,0.17,4,2.185,0.36,0.01,150,80.0,12.7
5.0,17.5,347.5,75.7,0.17,4,2.185,0.36,0.01,150,80.0,12.1
5.0,17.5,356.5,75.7,0.17,4,2.185,0.36,0.01,150,80.0,13.5
5.0,17.5,404.4,75.7,0.17,4,2.185,0.36,0.01,150,80.0,10.0
5.0,17.5,417.9,75.7,0.17,4,2.185,0.36,0.01,150,80.0,9.5
5.0,17.5,425.4,75.7,0.17,4,2.185,0.36,0.01,150,80.0,12.5
5.0,17.5,426.9,75.7,0.17,4,2.185,0.36,0.01,150,80.0,10.2
5.0,17.5,431.4,75.7,0.17,4,2.185,0.36,0.01,150,80.0,10.7
5.0,17.5,453.8,75.7,0.17,4,2.185,0.36,0.01,150,80.0,9.9
5.0,17.5,456.8,75.7,0.17,4,2.185,0.36,0.01,150,80.0,11.9
5.0,17.5,459.8,75.7,0.17,4,2.185,0.36,0.01,150,80.0,10.6
5.0,17.5,462.8,75.7,0.17,4,2.185,0.36,0.01,150,80.0,11.5
5.0,17.5,470.3,75.7,0.17,4,2.185,0.36,0.01,150,80.0,10.3
5.0,17.5,510.7,75.7,0.17,4,2.185,0.36,0.01,150,80.0,11.7
5.0,17.5,513.7,75.7,0.17,4,2.185,0.36,0.01,150,80.0,10.9
5.0,17.5,170.8,75.7,0.17,4,1.731,0.36,0.01,150,100.0,13.7
5.0,17.5,212.8,75.7,0.17,4,1.731,0.36,0.01,150,100.0,12.0
5.0,17.5,286.1,75.7,0.17,4,1.731,0.36,0.01,150,100.0,9.4
5.0,17.5,304.1,75.7,0.17,4,1.731,0.36,0.01,150,100.0,8.9
5.0,17.5,305.6,75.7,0.17,4,1.731,0.36,0.01,150,100.0,8.2
5.0,17.5,356.5,75.7,0.17,4,1.731,0.36,0.01,150,100.0,9.6
5.0,17.5,391.0,75.7,0.17,4,1.731,0.36,0.01,150,100.0,9.2
5.0,17.5,405.9,75.7,0.17,4,1.731,0.36,0.01,150,100.0,8.1
5.0,17.5,449.3,75.7,0.17,4,1.731,0.36,0.01,150,100.0,7.2
5.0,17.5,465.8,75.7,0.17,4,1.731,0.36,0.01,150,100.0,8.4
5.0,17.5,480.8,75.7,0.17,4,1.731,0.36,0.01,150,100.0,6.9
5.0,17.5,512.2,75.7,0.17,4,1.731,0.36,0.01,150,100.0,6.7
5.0,17.5,533.2,75.7,0.17,4,1.731,0.36,0.01,150,100.0,8.0
5.0,17.5,537.7,75.7,0.17,4,1.731,0.36,0.01,150,100.0,6.7
5.0,17.5,587.1,75.7,0.17,4,1.731,0.36,0.01,150,100.0,7.5
5.0,17.5,124.4,75.7,0.17,4,1.731,0.36,0.01,150,120.0,11.9
5.0,17.5,139.4,75.7,0.17,4,1.731,0.36,0.01,150,120.0,10.6
5.0,17.5,157.4,75.7,0.17,4,1.731,0.36,0.01,150,120.0,11.6
5.0,17.5,197.8,75.7,0.17,4,1.731,0.36,0.01,150,120.0,9.0
5.0,17.5,340.0,75.7,0.17,4,1.731,0.36,0.01,150,120.0,7.5
5.0,17.5,370.0,75.7,0.17,4,1.731,0.36,0.01,150,120.0,5.4
5.0,17.5,402.9,75.7,0.17,4,1.731,0.36,0.01,150,120.0,4.1
5.0,17.5,423.9,75.7,0.17,4,1.731,0.36,0.01,150,120.0,5.9
5.0,17.5,438.9,75.7,0.17,4,1.731,0.36,0.01,150,120.0,4.5
6.0,5.0,24.5,294.0,0.2,5,3.5,0.31,0.0017,105,25.0,64.5
6.0,5.0,27.9,294.0,0.2,5,3.5,0.31,0.0017,105,25.0,74.7
6.0,5.0,29.9,294.0,0.2,5,3.5,0.31,0.0017,105,25.0,94.4
6.0,5.0,33.2,294.0,0.2,5,3.5,0.31,0.0017,105,25.0,78.1
6.0,5.0,35.1,294.0,0.2,5,3.5,0.31,0.0017,105,25.0,85.8
6.0,5.0,35.1,294.0,0.2,5,3.5,0.31,0.0017,105,25.0,95.1
6.0,5.0,35.2,294.0,0.2,5,3.5,0.31,0.0017,105,25.0,108.7
6.0,5.0,36.0,294.0,0.2,5,3.5,0.31,0.0017,105,25.0,87.5
6.0,5.0,37.0,294.0,0.2,5,3.5,0.31,0.0017,105,25.0,94.8
6.0,5.0,37.4,294.0,0.2,5,3.5,0.31,0.0017,105,25.0,82.7
6.0,5.0,40.1,294.0,0.2,5,3.5,0.31,0.0017,105,25.0,101.6
6.0,5.0,43.4,294.0,0.2,5,3.5,0.31,0.0017,105,25.0,97.4
6.0,5.0,44.2,294.0,0.2,5,3.5,0.31,0.0017,105,25.0,105.1
6.0,5.0,44.7,294.0,0.2,5,3.5,0.31,0.0017,105,25.0,102.4
6.0,5.0,45.8,294.0,0.2,5,3.5,0.31,0.0017,105,25.0,91.9
6.0,5.0,45.7,294.0,0.2,5,3.5,0.31,0.0017,105,25.0,105.7
6.0,5.0,68.8,294.0,0.2,5,3.5,0.31,0.0017,105,25.0,86.4
6.0,5.0,69.8,294.0,0.2,5,3.5,0.31,0.0017,105,25.0,89.4
6.0,5.0,71.3,294.0,0.2,5,3.5,0.31,0.0017,105,25.0,103.0
6.0,5.0,73.0,294.0,0.2,5,3.5,0.31,0.0017,105,25.0,107.2
7.0,7.5,52.3,230.0,0.3,6,3.86,0.31,0.0017,120,25.0,27.9
7.0,7.5,54.0,230.0,0.3,6,3.86,0.31,0.0017,120,25.0,51.7
7.0,7.5,55.7,230.0,0.3,6,3.86,0.31,0.0017,120,25.0,29.0
7.0,7.5,56.8,230.0,0.3,6,3.86,0.31,0.0017,120,25.0,25.7
7.0,7.5,58.5,230.0,0.3,6,3.86,0.31,0.0017,120,25.0,23.1
7.0,7.5,59.6,230.0,0.3,6,3.86,0.31,0.0017,120,25.0,25.0
7.0,7.5,64.2,230.0,0.3,6,3.86,0.31,0.0017,120,25.0,24.7
7.0,7.5,65.3,230.0,0.3,6,3.86,0.31,0.0017,120,25.0,22.1
7.0,7.5,68.1,230.0,0.3,6,3.86,0.31,0.0017,120,25.0,26.6
7.0,7.5,68.1,230.0,0.3,6,3.86,0.31,0.0017,120,25.0,37.1
7.0,7.5,69.8,230.0,0.3,6,3.86,0.31,0.0017,120,25.0,41.2
7.0,7.5,74.1,230.0,0.3,6,3.86,0.31,0.0017,120,25.0,29.8
7.0,7.5,76.9,230.0,0.3,6,3.86,0.31,0.0017,120,25.0,34.2
7.0,7.5,80.0,230.0,0.3,6,3.86,0.31,0.0017,120,25.0,44.4
7.0,7.5,85.7,230.0,0.3,6,3.86,0.31,0.0017,120,25.0,36.5
7.0,7.5,85.7,230.0,0.3,6,3.86,0.31,0.0017,120,25.0,38.0
7.0,7.5,97.0,230.0,0.3,6,3.86,0.31,0.0017,120,25.0,41.8
7.0,7.5,102.6,230.0,0.3,6,3.86,0.31,0.0017,120,25.0,43.1
7.0,7.5,142.8,230.0,0.3,6,3.86,0.31,0.0017,120,25.0,45.1
8.0,7.0,80.0,233.0,0.2,7,3.96,0.37,0.0333,135,25.0,39.3
8.0,7.0,80.0,233.0,0.2,7,3.068,0.37,0.0333,135,60.0,29.3
8.0,7.0,80.0,233.0,0.2,7,2.51,0.37,0.0333,135,90.0,30.5
8.0,10.0,786.0,70.0,0.22,8,3.2,0.35,0.08,27,25.0,11.0
9.0,10.0,524.0,70.0,0.22,8,3.2,0.35,0.08,27,25.0,11.0
9.0,12.0,127.0,3.39,0.37,9,3.29,0.31,0.0167,26,25.0,9.4
9.0,12.0,127.9,3.39,0.37,9,3.29,0.31,0.0167,26,25.0,7.5
9.0,12.0,129.4,3.39,0.37,9,3.29,0.31,0.0167,26,25.0,9.0
9.0,12.0,129.8,3.39,0.37,9,3.29,0.31,0.0167,26,25.0,8.5
10.0,12.0,131.3,3.39,0.37,9,3.29,0.31,0.0167,26,25.0,8.0
10.0,12.0,135.8,3.39,0.37,9,3.29,0.31,0.0167,26,25.0,8.5
10.0,12.0,136.0,3.39,0.37,9,3.29,0.31,0.0167,26,25.0,9.2
10.0,12.0,138.4,3.39,0.37,9,3.29,0.31,0.0167,26,25.0,9.7
10.0,12.0,139.6,3.39,0.37,9,3.29,0.31,0.0167,26,25.0,8.0
10.0,12.0,142.7,3.39,0.37,9,3.29,0.31,0.0167,26,25.0,8.0
10.0,12.0,143.9,3.39,0.37,9,3.29,0.31,0.0167,26,25.0,8.8
10.0,12.0,145.4,3.39,0.37,9,3.29,0.31,0.0167,26,25.0,8.8
10.0,12.0,146.3,3.39,0.37,9,3.29,0.31,0.0167,26,25.0,9.0
10.0,12.0,146.3,3.39,0.37,9,3.29,0.31,0.0167,26,25.0,7.5
10.0,12.0,149.9,3.39,0.37,9,3.29,0.31,0.0167,26,25.0,7.3
10.0,12.0,152.3,3.39,0.37,9,3.29,0.31,0.0167,26,25.0,8.3
10.0,12.0,152.1,3.39,0.37,9,3.29,0.31,0.0167,26,25.0,8.5
10.0,12.0,154.2,3.39,0.37,9,3.29,0.31,0.0167,26,25.0,8.5
10.0,12.0,157.6,3.39,0.37,9,3.29,0.31,0.0167,26,25.0,7.9
10.0,12.0,159.7,3.39,0.37,9,3.29,0.31,0.0167,26,25.0,9.3
10.0,12.0,160.9,3.39,0.37,9,3.29,0.31,0.0167,26,25.0,8.0
10.0,12.0,162.8,3.39,0.37,9,3.29,0.31,0.0167,26,25.0,7.7
10.0,12.0,164.7,3.39,0.37,9,3.29,0.31,0.0167,26,25.0,7.3
10.0,12.0,167.8,3.39,0.37,9,3.29,0.31,0.0167,26,25.0,8.8
10.0,12.0,170.0,3.39,0.37,9,3.29,0.31,0.0167,26,25.0,8.8
10.0,12.0,170.5,3.39,0.37,9,3.29,0.31,0.0167,26,25.0,8.6
10.0,12.0,171.4,3.39,0.37,9,3.29,0.31,0.0167,26,25.0,8.0
10.0,12.0,174.0,3.39,0.37,9,3.29,0.31,0.0167,26,25.0,8.8
10.0,12.0,173.3,3.39,0.37,9,3.29,0.31,0.0167,26,25.0,9.4
10.0,12.0,175.2,3.39,0.37,9,3.29,0.31,0.0167,26,25.0,8.1
10.0,12.0,177.6,3.39,0.37,9,3.29,0.31,0.0167,26,25.0,7.7
10.0,12.0,178.6,3.39,0.37,9,3.29,0.31,0.0167,26,25.0,8.5
10.0,12.0,180.3,3.39,0.37,9,3.29,0.31,0.0167,26,25.0,9.4
10.0,12.0,182.9,3.39,0.37,9,3.29,0.31,0.0167,26,25.0,8.0
10.0,12.0,183.8,3.39,0.37,9,3.29,0.31,0.0167,26,25.0,7.7
10.0,12.0,184.8,3.39,0.37,9,3.29,0.31,0.0167,26,25.0,8.2
10.0,12.0,189.3,3.39,0.37,9,3.29,0.31,0.0167,26,25.0,8.0
10.0,12.0,190.1,3.39,0.37,9,3.29,0.31,0.0167,26,25.0,7.6
10.0,12.0,192.0,3.39,0.37,9,3.29,0.31,0.0167,26,25.0,8.7
10.0,12.0,194.4,3.39,0.37,9,3.29,0.31,0.0167,26,25.0,7.6
10.0,12.0,195.8,3.39,0.37,9,3.29,0.31,0.0167,26,25.0,8.5
10.0,12.0,201.5,3.39,0.37,9,3.29,0.31,0.0167,26,25.0,7.8
10.0,12.0,204.9,3.39,0.37,9,3.29,0.31,0.0167,26,25.0,8.1
10.0,12.0,206.3,3.39,0.37,9,3.29,0.31,0.0167,26,25.0,8.5
10.0,12.0,209.9,3.39,0.37,9,3.29,0.31,0.0167,26,25.0,8.0
10.0,12.0,211.1,3.39,0.37,9,3.29,0.31,0.0167,26,25.0,7.8
10.0,12.0,217.1,3.39,0.37,9,3.29,0.31,0.0167,26,25.0,7.7
10.0,160.0,1542.7,3.39,0.37,9,3.29,0.31,0.0167,26,25.0,4.5
10.0,160.0,1552.3,3.39,0.37,9,3.29,0.31,0.0167,26,25.0,4.2
10.0,160.0,1556.7,3.39,0.37,9,3.29,0.31,0.0167,26,25.0,4.5
10.0,160.0,1572.9,3.39,0.37,9,3.29,0.31,0.0167,26,25.0,4.0
10.0,160.0,1583.2,3.39,0.37,9,3.29,0.31,0.0167,26,25.0,4.1
10.0,160.0,1593.6,3.39,0.37,9,3.29,0.31,0.0167,26,25.0,3.6
10.0,160.0,1603.1,3.39,0.37,9,3.29,0.31,0.0167,26,25.0,3.6
10.0,160.0,1603.1,3.39,0.37,9,3.29,0.31,0.0167,26,25.0,4.9
10.0,160.0,1603.9,3.39,0.37,9,3.29,0.31,0.0167,26,25.0,4.4
10.0,160.0,1620.1,3.39,0.37,9,3.29,0.31,0.0167,26,25.0,4.3
10.0,160.0,1634.1,3.39,0.37,9,3.29,0.31,0.0167,26,25.0,4.8
10.0,160.0,1645.1,3.39,0.37,9,3.29,0.31,0.0167,26,25.0,4.5
10.0,160.0,1645.9,3.39,0.37,9,3.29,0.31,0.0167,26,25.0,3.8
10.0,160.0,1651.0,3.39,0.37,9,3.29,0.31,0.0167,26,25.0,4.0
10.0,160.0,1656.2,3.39,0.37,9,3.29,0.31,0.0167,26,25.0,4.1
10.0,160.0,1654.0,3.39,0.37,9,3.29,0.31,0.0167,26,25.0,4.3
10.0,160.0,1665.7,3.39,0.37,9,3.29,0.31,0.0167,26,25.0,4.4
10.0,160.0,1671.6,3.39,0.37,9,3.29,0.31,0.0167,26,25.0,4.6
10.0,160.0,1670.9,3.39,0.37,9,3.29,0.31,0.0167,26,25.0,4.1
10.0,160.0,1674.6,3.39,0.37,9,3.29,0.31,0.0167,26,25.0,3.9
10.0,160.0,1682.7,3.39,0.37,9,3.29,0.31,0.0167,26,25.0,4.3
10.0,160.0,1680.5,3.39,0.37,9,3.29,0.31,0.0167,26,25.0,4.2
10.0,160.0,1690.8,3.39,0.37,9,3.29,0.31,0.0167,26,25.0,4.7
10.0,160.0,1691.5,3.39,0.37,9,3.29,0.31,0.0167,26,25.0,3.9
10.0,160.0,1701.1,3.39,0.37,9,3.29,0.31,0.0167,26,25.0,4.0
10.0,160.0,1711.4,3.39,0.37,9,3.29,0.31,0.0167,26,25.0,4.0
10.0,160.0,1710.7,3.39,0.37,9,3.29,0.31,0.0167,26,25.0,4.4
10.0,160.0,1711.4,3.39,0.37,9,3.29,0.31,0.0167,26,25.0,3.4
10.0,160.0,1721.7,3.39,0.37,9,3.29,0.31,0.0167,26,25.0,3.8
10.0,160.0,1749.7,3.39,0.37,9,3.29,0.31,0.0167,26,25.0,3.6
10.0,160.0,1748.3,3.39,0.37,9,3.29,0.31,0.0167,26,25.0,3.8
10.0,160.0,1744.6,3.39,0.37,9,3.29,0.31,0.0167,26,25.0,3.7
10.0,160.0,1749.0,3.39,0.37,9,3.29,0.31,0.0167,26,25.0,4.1
10.0,160.0,1777.0,3.39,0.37,9,3.29,0.31,0.0167,26,25.0,4.0
10.0,160.0,1774.0,3.39,0.37,9,3.29,0.31,0.0167,26,25.0,4.1
10.0,160.0,1779.9,3.39,0.37,9,3.29,0.31,0.0167,26,25.0,3.6
10.0,160.0,1799.8,3.39,0.37,9,3.29,0.31,0.0167,26,25.0,4.2
10.0,160.0,1804.2,3.39,0.37,9,3.29,0.31,0.0167,26,25.0,4.6
10.0,160.0,1810.9,3.39,0.37,9,3.29,0.31,0.0167,26,25.0,4.0
10.0,160.0,1820.4,3.39,0.37,9,3.29,0.31,0.0167,26,25.0,4.1
10.0,160.0,1820.4,3.39,0.37,9,3.29,0.31,0.0167,26,25.0,3.9
10.0,160.0,1833.0,3.39,0.37,9,3.29,0.31,0.0167,26,25.0,4.1
10.0,160.0,1825.6,3.39,0.37,9,3.29,0.31,0.0167,26,25.0,3.5
10.0,160.0,1851.4,3.39,0.37,9,3.29,0.31,0.0167,26,25.0,4.5
10.0,160.0,1853.6,3.39,0.37,9,3.29,0.31,0.0167,26,25.0,4.0
10.0,160.0,1855.1,3.39,0.37,9,3.29,0.31,0.0167,26,25.0,3.7
10.0,200.0,1504.5,3.39,0.37,9,3.29,0.31,0.0167,26,25.0,3.5
10.0,200.0,1513.0,3.39,0.37,9,3.29,0.31,0.0167,26,25.0,3.5
10.0,200.0,1522.4,3.39,0.37,9,3.29,0.31,0.0167,26,25.0,3.2
10.0,200.0,1524.0,3.39,0.37,9,3.29,0.31,0.0167,26,25.0,3.7
10.0,200.0,1545.1,3.39,0.37,9,3.29,0.31,0.0167,26,25.0,3.8
10.0,200.0,1549.0,3.39,0.37,9,3.29,0.31,0.0167,26,25.0,3.5
10.0,200.0,1552.8,3.39,0.37,9,3.29,0.31,0.0167,26,25.0,3.0
10.0,200.0,1560.7,3.39,0.37,9,3.29,0.31,0.0167,26,25.0,3.2
10.0,200.0,1565.4,3.39,0.37,9,3.29,0.31,0.0167,26,25.0,3.6
10.0,200.0,1571.7,3.39,0.37,9,3.29,0.31,0.0167,26,25.0,3.7
10.0,200.0,1571.6,3.39,0.37,9,3.29,0.31,0.0167,26,25.0,3.5
10.0,200.0,1580.2,3.39,0.37,9,3.29,0.31,0.0167,26,25.0,3.3
10.0,200.0,1602.1,3.39,0.37,9,3.29,0.31,0.0167,26,25.0,3.7
10.0,200.0,1611.5,3.39,0.37,9,3.29,0.31,0.0167,26,25.0,3.9
10.0,200.0,1615.3,3.39,0.37,9,3.29,0.31,0.0167,26,25.0,3.0
10.0,200.0,1621.6,3.39,0.37,9,3.29,0.31,0.0167,26,25.0,3.3
10.0,200.0,1624.7,3.39,0.37,9,3.29,0.31,0.0167,26,25.0,3.1
10.0,200.0,1643.5,3.39,0.37,9,3.29,0.31,0.0167,26,25.0,3.2
10.0,200.0,1643.5,3.39,0.37,9,3.29,0.31,0.0167,26,25.0,3.3
10.0,200.0,1655.2,3.39,0.37,9,3.29,0.31,0.0167,26,25.0,3.2
10.0,200.0,1654.4,3.39,0.37,9,3.29,0.31,0.0167,26,25.0,3.0
10.0,200.0,1667.7,3.39,0.37,9,3.29,0.31,0.0167,26,25.0,3.2
10.0,200.0,1688.0,3.39,0.37,9,3.29,0.31,0.0167,26,25.0,3.4
10.0,200.0,1688.0,3.39,0.37,9,3.29,0.31,0.0167,26,25.0,3.0
10.0,200.0,1691.9,3.39,0.37,9,3.29,0.31,0.0167,26,25.0,3.0
10.0,200.0,1692.6,3.39,0.37,9,3.29,0.31,0.0167,26,25.0,2.8
10.0,200.0,1704.4,3.39,0.37,9,3.29,0.31,0.0167,26,25.0,3.3
10.0,200.0,1703.6,3.39,0.37,9,3.29,0.31,0.0167,26,25.0,3.2
10.0,200.0,1727.8,3.39,0.37,9,3.29,0.31,0.0167,26,25.0,3.1
10.0,200.0,1726.4,3.39,0.37,9,3.29,0.31,0.0167,26,25.0,3.7
10.0,200.0,1733.4,3.39,0.37,9,3.29,0.31,0.0167,26,25.0,3.6
10.0,200.0,1733.3,3.39,0.37,9,3.29,0.31,0.0167,26,25.0,3.4
10.0,200.0,1742.7,3.39,0.37,9,3.29,0.31,0.0167,26,25.0,3.3
10.0,200.0,1746.7,3.39,0.37,9,3.29,0.31,0.0167,26,25.0,3.6
10.0,200.0,1751.3,3.39,0.37,9,3.29,0.31,0.0167,26,25.0,3.3
10.0,200.0,1759.9,3.39,0.37,9,3.29,0.31,0.0167,26,25.0,3.5
10.0,200.0,1764.6,3.39,0.37,9,3.29,0.31,0.0167,26,25.0,3.4
10.0,200.0,1766.1,3.39,0.37,9,3.29,0.31,0.0167,26,25.0,3.1
10.0,200.0,1771.6,3.39,0.37,9,3.29,0.31,0.0167,26,25.0,3.1
10.0,200.0,1775.5,3.39,0.37,9,3.29,0.31,0.0167,26,25.0,3.3
10.0,200.0,1790.4,3.39,0.37,9,3.29,0.31,0.0167,26,25.0,3.3
10.0,200.0,1789.5,3.39,0.37,9,3.29,0.31,0.0167,26,25.0,2.9
10.0,200.0,1795.8,3.39,0.37,9,3.29,0.31,0.0167,26,25.0,3.3
10.0,200.0,1811.5,3.39,0.37,9,3.29,0.31,0.0167,26,25.0,3.3
10.0,200.0,1817.7,3.39,0.37,9,3.29,0.31,0.0167,26,25.0,3.3
10.0,200.0,1809.9,3.39,0.37,9,3.29,0.31,0.0167,26,25.0,3.2
10.0,200.0,1816.9,3.39,0.37,9,3.29,0.31,0.0167,26,25.0,3.0
10.0,200.0,1820.0,3.39,0.37,9,3.29,0.31,0.0167,26,25.0,3.2
10.0,200.0,1827.0,3.39,0.37,9,3.29,0.31,0.0167,26,25.0,3.0
10.0,300.0,1604.7,3.39,0.37,9,3.29,0.31,0.0167,26,25.0,3.0
10.0,300.0,1608.7,3.39,0.37,9,3.29,0.31,0.0167,26,25.0,3.3
10.0,300.0,1617.9,3.39,0.37,9,3.29,0.31,0.0167,26,25.0,3.3
10.0,300.0,1627.0,3.39,0.37,9,3.29,0.31,0.0167,26,25.0,2.9
10.0,300.0,1634.1,3.39,0.37,9,3.29,0.31,0.0167,26,25.0,3.0
10.0,300.0,1634.1,3.39,0.37,9,3.29,0.31,0.0167,26,25.0,3.2
10.0,300.0,1667.5,3.39,0.37,9,3.29,0.31,0.0167,26,25.0,3.0
10.0,300.0,1683.7,3.39,0.37,9,3.29,0.31,0.0167,26,25.0,3.1
10.0,300.0,1709.0,3.39,0.37,9,3.29,0.31,0.0167,26,25.0,2.8
10.0,300.0,1708.0,3.39,0.37,9,3.29,0.31,0.0167,26,25.0,3.1
10.0,300.0,1714.1,3.39,0.37,9,3.29,0.31,0.0167,26,25.0,3.2
10.0,300.0,1726.2,3.39,0.37,9,3.29,0.31,0.0167,26,25.0,3.0
10.0,300.0,1731.3,3.39,0.37,9,3.29,0.31,0.0167,26,25.0,3.0
10.0,300.0,1747.5,3.39,0.37,9,3.29,0.31,0.0167,26,25.0,2.8
10.0,300.0,1757.6,3.39,0.37,9,3.29,0.31,0.0167,26,25.0,2.7
10.0,300.0,1759.7,3.39,0.37,9,3.29,0.31,0.0167,26,25.0,3.2
10.0,300.0,1769.8,3.39,0.37,9,3.29,0.31,0.0167,26,25.0,3.1
10.0,300.0,1778.9,3.39,0.37,9,3.29,0.31,0.0167,26,25.0,2.8
10.0,300.0,1782.0,3.39,0.37,9,3.29,0.31,0.0167,26,25.0,3.3
10.0,300.0,1797.1,3.39,0.37,9,3.29,0.31,0.0167,26,25.0,3.0
10.0,300.0,1805.2,3.39,0.37,9,3.29,0.31,0.0167,26,25.0,3.0
10.0,300.0,1806.3,3.39,0.37,9,3.29,0.31,0.0167,26,25.0,3.4
10.0,300.0,1824.5,3.39,0.37,9,3.29,0.31,0.0167,26,25.0,3.1
10.0,300.0,1826.5,3.39,0.37,9,3.29,0.31,0.0167,26,25.0,3.2
10.0,300.0,1847.8,3.39,0.37,9,3.29,0.31,0.0167,26,25.0,3.2
10.0,300.0,1830.6,3.39,0.37,9,3.29,0.31,0.0167,26,25.0,2.6
10.0,300.0,1834.6,3.39,0.37,9,3.29,0.31,0.0167,26,25.0,2.7
10.0,300.0,1846.8,3.39,0.37,9,3.29,0.31,0.0167,26,25.0,2.4
10.0,300.0,1848.8,3.39,0.37,9,3.29,0.31,0.0167,26,25.0,2.9
10.0,300.0,1856.9,3.39,0.37,9,3.29,0.31,0.0167,26,25.0,2.9
10.0,300.0,1867.0,3.39,0.37,9,3.29,0.31,0.0167,26,25.0,3.1
10.0,300.0,1869.1,3.39,0.37,9,3.29,0.31,0.0167,26,25.0,2.5
10.0,300.0,1881.2,3.39,0.37,9,3.29,0.31,0.0167,26,25.0,3.0
10.0,300.0,1891.3,3.39,0.37,9,3.29,0.31,0.0167,26,25.0,2.8
10.0,300.0,1915.7,3.39,0.37,9,3.29,0.31,0.0167,26,25.0,3.3
10.0,300.0,1921.7,3.39,0.37,9,3.29,0.31,0.0167,26,25.0,2.6
10.0,300.0,1922.7,3.39,0.37,9,3.29,0.31,0.0167,26,25.0,2.9
10.0,300.0,1929.8,3.39,0.37,9,3.29,0.31,0.0167,26,25.0,2.9
10.0,300.0,1930.8,3.39,0.37,9,3.29,0.31,0.0167,26,25.0,3.0
10.0,300.0,1940.0,3.39,0.37,9,3.29,0.31,0.0167,26,25.0,3.3
10.0,300.0,1955.2,3.39,0.37,9,3.29,0.31,0.0167,26,25.0,2.7
10.0,300.0,1974.4,3.39,0.37,9,3.29,0.31,0.0167,26,25.0,2.5
10.0,300.0,1979.5,3.39,0.37,9,3.29,0.31,0.0167,26,25.0,2.3
10.0,300.0,1988.6,3.39,0.37,9,3.29,0.31,0.0167,26,25.0,2.6
10.0,300.0,1990.6,3.39,0.37,9,3.29,0.31,0.0167,26,25.0,2.9
10.0,300.0,2002.8,3.39,0.37,9,3.29,0.31,0.0167,26,25.0,3.0
10.0,300.0,2003.8,3.39,0.37,9,3.29,0.31,0.0167,26,25.0,2.8
10.0,300.0,2008.8,3.39,0.37,9,3.29,0.31,0.0167,26,25.0,2.9
10.0,300.0,2004.8,3.39,0.37,9,3.29,0.31,0.0167,26,25.0,3.5
10.0,300.0,2018.0,3.39,0.37,9,3.29,0.31,0.0167,26,25.0,3.1
10.0,300.0,2011.9,3.39,0.37,9,3.29,0.31,0.0167,26,25.0,2.3
10.0,7.15,41.8,230.0,0.26,10,1.2,0.35,0.0017,20,25.0,6.4
10.0,7.15,44.8,230.0,0.26,10,1.2,0.35,0.0017,20,25.0,6.0
10.0,7.15,47.0,230.0,0.26,10,1.2,0.35,0.0017,20,25.0,8.6
10.0,7.15,50.0,230.0,0.26,10,1.2,0.35,0.0017,20,25.0,8.0
3.0,7.15,51.8,230.0,0.26,10,1.2,0.35,0.0017,20,25.0,8.6
3.0,7.15,52.9,230.0,0.26,10,1.2,0.35,0.0017,20,25.0,8.4
3.0,7.15,52.9,230.0,0.26,10,1.2,0.35,0.0017,20,25.0,10.1
3.0,7.15,54.9,230.0,0.26,10,1.2,0.35,0.0017,20,25.0,7.3
3.0,7.15,57.8,230.0,0.26,10,1.2,0.35,0.0017,20,25.0,10.8
3.0,7.15,63.9,230.0,0.26,10,1.2,0.35,0.0017,20,25.0,7.6
3.0,7.15,69.9,230.0,0.26,10,1.2,0.35,0.0017,20,25.0,8.9
3.0,7.15,71.9,230.0,0.26,10,1.2,0.35,0.0017,20,25.0,8.1
3.0,7.15,72.9,230.0,0.26,10,1.2,0.35,0.0017,20,25.0,6.1
3.0,7.15,78.0,230.0,0.26,10,1.2,0.35,0.0017,20,25.0,8.0
3.0,7.15,80.0,230.0,0.26,10,1.2,0.35,0.0017,20,25.0,9.5
3.0,7.15,82.0,230.0,0.26,10,1.2,0.35,0.0017,20,25.0,10.3
3.0,7.15,84.8,230.0,0.26,10,1.2,0.35,0.0017,20,25.0,8.4
3.0,7.15,89.8,230.0,0.26,10,1.2,0.35,0.0017,20,25.0,8.4
3.0,7.15,97.9,230.0,0.26,10,1.2,0.35,0.0017,20,25.0,9.1
3.0,7.15,101.9,230.0,0.26,10,1.2,0.35,0.0017,20,25.0,9.2
3.0,7.15,114.9,230.0,0.26,10,1.2,0.35,0.0017,20,25.0,8.9
3.0,7.15,31.9,230.0,0.26,10,1.2,0.35,0.0017,70,25.0,15.4
3.0,7.15,40.0,230.0,0.26,10,1.2,0.35,0.0017,70,25.0,16.7
3.0,7.15,41.9,230.0,0.26,10,1.2,0.35,0.0017,70,25.0,15.9
3.0,7.15,45.1,230.0,0.26,10,1.2,0.35,0.0017,70,25.0,16.8
3.0,7.15,49.1,230.0,0.26,10,1.2,0.35,0.0017,70,25.0,14.5
3.0,7.15,50.0,230.0,0.26,10,1.2,0.35,0.0017,70,25.0,18.7
3.0,7.15,50.9,230.0,0.26,10,1.2,0.35,0.0017,70,25.0,19.2
3.0,7.15,57.9,230.0,0.26,10,1.2,0.35,0.0017,70,25.0,15.4
3.0,7.15,60.0,230.0,0.26,10,1.2,0.35,0.0017,70,25.0,17.1
3.0,7.15,67.9,230.0,0.26,10,1.2,0.35,0.0017,70,25.0,13.1
3.0,7.15,71.9,230.0,0.26,10,1.2,0.35,0.0017,70,25.0,11.2
3.0,7.15,74.0,230.0,0.26,10,1.2,0.35,0.0017,70,25.0,15.1
3.0,7.15,76.8,230.0,0.26,10,1.2,0.35,0.0017,70,25.0,18.0
3.0,7.15,78.9,230.0,0.26,10,1.2,0.35,0.0017,70,25.0,14.1
3.0,7.15,80.9,230.0,0.26,10,1.2,0.35,0.0017,70,25.0,11.6
3.0,7.15,80.9,230.0,0.26,10,1.2,0.35,0.0017,70,25.0,16.5
3.0,7.15,87.0,230.0,0.26,10,1.2,0.35,0.0017,70,25.0,14.3
3.0,7.15,92.1,230.0,0.26,10,1.2,0.35,0.0017,70,25.0,14.0
3.0,7.15,103.0,230.0,0.26,10,1.2,0.35,0.0017,70,25.0,12.6
3.0,7.15,127.0,230.0,0.26,10,1.2,0.35,0.0017,70,25.0,13.0
3.0,7.15,40.9,230.0,0.26,10,1.2,0.35,0.0017,210,25.0,18.5
3.0,7.15,43.1,230.0,0.26,10,1.2,0.35,0.0017,210,25.0,17.6
3.0,7.15,43.9,230.0,0.26,10,1.2,0.35,0.0017,210,25.0,19.2
3.0,7.15,48.0,230.0,0.26,10,1.2,0.35,0.0017,210,25.0,20.5
3.0,7.15,51.0,230.0,0.26,10,1.2,0.35,0.0017,210,25.0,25.3
3.0,7.15,52.0,230.0,0.26,10,1.2,0.35,0.0017,210,25.0,30.0
3.0,7.15,53.9,230.0,0.26,10,1.2,0.35,0.0017,210,25.0,22.3
3.0,7.15,56.0,230.0,0.26,10,1.2,0.35,0.0017,210,25.0,24.7
3.0,7.15,63.1,230.0,0.26,10,1.2,0.35,0.0017,210,25.0,21.9
3.0,7.15,66.9,230.0,0.26,10,1.2,0.35,0.0017,210,25.0,26.6
3.0,7.15,68.0,230.0,0.26,10,1.2,0.35,0.0017,210,25.0,21.7
3.0,7.15,69.0,230.0,0.26,10,1.2,0.35,0.0017,210,25.0,24.6
3.0,7.15,69.9,230.0,0.26,10,1.2,0.35,0.0017,210,25.0,22.2
3.0,7.15,76.0,230.0,0.26,10,1.2,0.35,0.0017,210,25.0,24.6
3.0,7.15,83.0,230.0,0.26,10,1.2,0.35,0.0017,210,25.0,23.1
3.0,7.15,89.0,230.0,0.26,10,1.2,0.35,0.0017,210,25.0,25.5
3.0,7.15,89.9,230.0,0.26,10,1.2,0.35,0.0017,210,25.0,20.8
3.0,7.15,89.9,230.0,0.26,10,1.2,0.35,0.0017,210,25.0,24.2
3.0,7.15,90.9,230.0,0.26,10,1.2,0.35,0.0017,210,25.0,23.0
3.0,7.15,98.0,230.0,0.26,10,1.2,0.35,0.0017,210,25.0,21.8
3.0,7.15,27.1,230.0,0.26,10,1.2,0.35,0.0017,270,25.0,42.8
3.0,7.15,43.0,230.0,0.26,10,1.2,0.35,0.0017,270,25.0,40.4
3.0,7.15,44.0,230.0,0.26,10,1.2,0.35,0.0017,270,25.0,32.4
3.0,7.15,46.0,230.0,0.26,10,1.2,0.35,0.0017,270,25.0,33.9
3.0,7.15,46.0,230.0,0.26,10,1.2,0.35,0.0017,270,25.0,32.9
3.0,7.15,53.9,230.0,0.26,10,1.2,0.35,0.0017,270,25.0,36.3
3.0,7.15,57.9,230.0,0.26,10,1.2,0.35,0.0017,270,25.0,40.8
3.0,7.15,61.9,230.0,0.26,10,1.2,0.35,0.0017,270,25.0,38.1
3.0,7.15,67.1,230.0,0.26,10,1.2,0.35,0.0017,270,25.0,37.9
3.0,7.15,70.0,230.0,0.26,10,1.2,0.35,0.0017,270,25.0,41.4
3.0,7.15,72.0,230.0,0.26,10,1.2,0.35,0.0017,270,25.0,34.0
3.0,7.15,73.0,230.0,0.26,10,1.2,0.35,0.0017,270,25.0,33.5
3.0,7.15,73.0,230.0,0.26,10,1.2,0.35,0.0017,270,25.0,34.8
3.0,7.15,73.9,230.0,0.26,10,1.2,0.35,0.0017,270,25.0,38.7
3.0,7.15,76.0,230.0,0.26,10,1.2,0.35,0.0017,270,25.0,32.8
3.0,7.15,76.0,230.0,0.26,10,1.2,0.35,0.0017,270,25.0,31.6
3.0,7.15,84.0,230.0,0.26,10,1.2,0.35,0.0017,270,25.0,32.4
3.0,7.15,88.0,230.0,0.26,10,1.2,0.35,0.0017,270,25.0,30.9
3.0,7.15,88.9,230.0,0.26,10,1.2,0.35,0.0017,270,25.0,28.6
3.0,7.15,91.0,230.0,0.26,10,1.2,0.35,0.0017,270,25.0,35.8
3.0,7.15,35.0,230.0,0.26,10,1.2,0.35,0.0017,370,25.0,40.7
3.0,7.15,35.0,230.0,0.26,10,1.2,0.35,0.0017,370,25.0,42.0
3.0,7.15,36.0,230.0,0.26,10,1.2,0.35,0.0017,370,25.0,39.6
3.0,7.15,36.0,230.0,0.26,10,1.2,0.35,0.0017,370,25.0,43.3
3.0,7.15,37.0,230.0,0.26,10,1.2,0.35,0.0017,370,25.0,39.7
3.0,7.15,38.0,230.0,0.26,10,1.2,0.35,0.0017,370,25.0,44.5
3.0,7.15,38.0,230.0,0.26,10,1.2,0.35,0.0017,370,25.0,45.7
3.0,7.15,39.0,230.0,0.26,10,1.2,0.35,0.0017,370,25.0,43.4
3.0,7.15,39.0,230.0,0.26,10,1.2,0.35,0.0017,370,25.0,45.7
3.0,7.15,40.0,230.0,0.26,10,1.2,0.35,0.0017,370,25.0,41.2
3.0,7.15,40.0,230.0,0.26,10,1.2,0.35,0.0017,370,25.0,43.4
3.0,7.15,41.0,230.0,0.26,10,1.2,0.35,0.0017,370,25.0,40.2
3.0,7.15,42.0,230.0,0.26,10,1.2,0.35,0.0017,370,25.0,43.5
3.0,7.15,43.0,230.0,0.26,10,1.2,0.35,0.0017,370,25.0,41.4
3.0,7.15,43.0,230.0,0.26,10,1.2,0.35,0.0017,370,25.0,42.5
3.0,7.15,44.0,230.0,0.26,10,1.2,0.35,0.0017,370,25.0,39.4
3.0,7.15,44.0,230.0,0.26,10,1.2,0.35,0.0017,370,25.0,43.5
3.0,7.15,44.0,230.0,0.26,10,1.2,0.35,0.0017,370,25.0,44.5
3.0,7.15,45.0,230.0,0.26,10,1.2,0.35,0.0017,370,25.0,40.6
3.0,7.15,46.0,230.0,0.26,10,1.2,0.35,0.0017,370,25.0,43.6
3.0,7.15,47.0,230.0,0.26,10,1.2,0.35,0.0017,370,25.0,41.7
3.0,7.15,48.0,230.0,0.26,10,1.2,0.35,0.0017,370,25.0,42.7
3.0,7.15,50.0,230.0,0.26,10,1.2,0.35,0.0017,370,25.0,42.8
3.0,7.0,39.6,230.0,0.26,3,3.5,0.36,0.04,120,25.0,50.7
3.0,7.0,43.9,230.0,0.26,3,3.5,0.36,0.04,120,25.0,51.8
3.0,7.0,45.7,230.0,0.26,3,3.5,0.36,0.04,120,25.0,45.6
3.0,7.0,48.5,230.0,0.26,3,3.5,0.36,0.04,120,25.0,60.8
3.0,7.0,48.7,230.0,0.26,3,3.5,0.36,0.04,120,25.0,56.5
3.0,7.0,53.4,230.0,0.26,3,3.5,0.36,0.04,120,25.0,56.1
3.0,7.0,53.6,230.0,0.26,3,3.5,0.36,0.04,120,25.0,51.0
3.0,7.0,55.2,230.0,0.26,3,3.5,0.36,0.04,120,25.0,43.1
3.0,7.0,57.7,230.0,0.26,3,3.5,0.36,0.04,120,25.0,56.5
3.0,7.0,59.5,230.0,0.26,3,3.5,0.36,0.04,120,25.0,53.6
3.0,7.0,60.1,230.0,0.26,3,3.5,0.36,0.04,120,25.0,58.6
3.0,7.0,60.5,230.0,0.26,3,3.5,0.36,0.04,120,25.0,46.3
3.0,7.0,60.9,230.0,0.26,3,3.5,0.36,0.04,120,25.0,44.9
3.0,7.0,63.1,230.0,0.26,3,3.5,0.36,0.04,120,25.0,55.0
3.0,7.0,63.4,230.0,0.26,3,3.5,0.36,0.04,120,25.0,46.0
3.0,7.0,64.0,230.0,0.26,3,3.5,0.36,0.04,120,25.0,46.0
3.0,7.0,65.0,230.0,0.26,3,3.5,0.36,0.04,120,25.0,52.1
3.0,7.0,67.0,230.0,0.26,3,3.5,0.36,0.04,120,25.0,55.7
3.0,7.0,70.0,230.0,0.26,3,3.5,0.36,0.04,120,25.0,56.8
3.0,7.0,73.1,230.0,0.26,3,3.5,0.36,0.04,120,25.0,46.3
3.0,7.0,75.7,230.0,0.26,3,3.5,0.36,0.04,120,25.0,49.6
3.0,7.0,76.8,230.0,0.26,3,3.5,0.36,0.04,120,25.0,41.3
3.0,7.0,76.8,230.0,0.26,3,3.5,0.36,0.04,120,25.0,50.0
3.0,7.0,76.8,230.0,0.26,3,3.5,0.36,0.04,120,25.0,58.6
3.0,7.0,78.4,230.0,0.26,3,3.5,0.36,0.04,120,25.0,46.0
3.0,7.0,79.0,230.0,0.26,3,3.5,0.36,0.04,120,25.0,54.3
3.0,7.0,79.0,230.0,0.26,3,3.5,0.36,0.04,120,25.0,58.3
3.0,7.0,82.4,230.0,0.26,3,3.5,0.36,0.04,120,25.0,42.7
3.0,7.0,85.1,230.0,0.26,3,3.5,0.36,0.04,120,25.0,52.1
3.0,7.0,95.0,230.0,0.26,3,3.5,0.36,0.04,120,25.0,49.2
3.0,7.0,95.4,230.0,0.26,3,3.5,0.36,0.04,120,25.0,44.5
5.0,17.5,125.9,75.7,0.17,4,3.259,0.36,0.01,150,25.6,26.6
5.0,17.5,139.4,75.7,0.17,4,3.259,0.36,0.01,150,25.6,26.8
5.0,17.5,178.3,75.7,0.17,4,3.259,0.36,0.01,150,25.6,26.8
5.0,17.5,232.2,75.7,0.17,4,3.259,0.36,0.01,150,25.6,26.4
5.0,17.5,283.1,75.7,0.17,4,3.259,0.36,0.01,150,25.6,26.7
5.0,17.5,335.5,75.7,0.17,4,3.259,0.36,0.01,150,25.6,26.3
5.0,17.5,388.0,75.7,0.17,4,3.259,0.36,0.01,150,25.6,25.8
5.0,17.5,125.9,75.7,0.17,4,2.955,0.36,0.01,150,40.0,22.8
5.0,17.5,179.8,75.7,0.17,4,2.955,0.36,0.01,150,40.0,21.5
5.0,17.5,230.7,75.7,0.17,4,2.955,0.36,0.01,150,40.0,20.9
5.0,17.5,244.2,75.7,0.17,4,2.955,0.36,0.01,150,40.0,20.8
5.0,17.5,256.2,75.7,0.17,4,2.955,0.36,0.01,150,40.0,20.2
5.0,17.5,283.1,75.7,0.17,4,2.955,0.36,0.01,150,40.0,20.3
5.0,17.5,335.5,75.7,0.17,4,2.955,0.36,0.01,150,40.0,19.7
5.0,17.5,388.0,75.7,0.17,4,2.955,0.36,0.01,150,40.0,19.0
5.0,17.5,440.4,75.7,0.17,4,2.955,0.36,0.01,150,40.0,18.9
5.0,17.5,492.8,75.7,0.17,4,2.955,0.36,0.01,150,40.0,18.4
5.0,17.5,179.8,75.7,0.17,4,2.786,0.36,0.01,150,60.0,18.6
5.0,17.5,232.2,75.7,0.17,4,2.786,0.36,0.01,150,60.0,17.2
5.0,17.5,271.2,75.7,0.17,4,2.786,0.36,0.01,150,60.0,16.5
5.0,17.5,284.6,75.7,0.17,4,2.786,0.36,0.01,150,60.0,16.3
5.0,17.5,335.5,75.7,0.17,4,2.786,0.36,0.01,150,60.0,15.7
5.0,17.5,388.0,75.7,0.17,4,2.786,0.36,0.01,150,60.0,15.2
5.0,17.5,440.4,75.7,0.17,4,2.786,0.36,0.01,150,60.0,14.8
5.0,17.5,492.8,75.7,0.17,4,2.786,0.36,0.01,150,60.0,14.4
5.0,17.5,127.4,75.7,0.17,4,2.185,0.36,0.01,150,80.0,19.8
5.0,17.5,179.8,75.7,0.17,4,2.185,0.36,0.01,150,80.0,16.2
5.0,17.5,190.3,75.7,0.17,4,2.185,0.36,0.01,150,80.0,15.5
5.0,17.5,230.7,75.7,0.17,4,2.185,0.36,0.01,150,80.0,14.3
5.0,17.5,283.1,75.7,0.17,4,2.185,0.36,0.01,150,80.0,12.9
5.0,17.5,335.5,75.7,0.17,4,2.185,0.36,0.01,150,80.0,12.2
5.0,17.5,388.0,75.7,0.17,4,2.185,0.36,0.01,150,80.0,11.4
5.0,17.5,440.4,75.7,0.17,4,2.185,0.36,0.01,150,80.0,10.9
5.0,17.5,492.8,75.7,0.17,4,2.185,0.36,0.01,150,80.0,10.6
5.0,17.5,543.7,75.7,0.17,4,2.185,0.36,0.01,150,80.0,10.2
5.0,17.5,178.3,75.7,0.17,4,1.731,0.36,0.01,150,100.0,13.1
5.0,17.5,230.7,75.7,0.17,4,1.731,0.36,0.01,150,100.0,11.1
5.0,17.5,269.7,75.7,0.17,4,1.731,0.36,0.01,150,100.0,10.0
5.0,17.5,283.1,75.7,0.17,4,1.731,0.36,0.01,150,100.0,10.0
5.0,17.5,335.5,75.7,0.17,4,1.731,0.36,0.01,150,100.0,8.9
5.0,17.5,388.0,75.7,0.17,4,1.731,0.36,0.01,150,100.0,8.3
5.0,17.5,440.4,75.7,0.17,4,1.731,0.36,0.01,150,100.0,7.9
5.0,17.5,491.3,75.7,0.17,4,1.731,0.36,0.01,150,100.0,7.5
5.0,17.5,543.7,75.7,0.17,4,1.731,0.36,0.01,150,100.0,7.2
5.0,17.5,596.1,75.7,0.17,4,1.731,0.36,0.01,150,100.0,6.9
5.0,17.5,115.4,75.7,0.17,4,1.731,0.36,0.01,150,120.0,13.2
5.0,17.5,127.4,75.7,0.17,4,1.731,0.36,0.01,150,120.0,12.6
5.0,17.5,179.8,75.7,0.17,4,1.731,0.36,0.01,150,120.0,9.2
5.0,17.5,232.2,75.7,0.17,4,1.731,0.36,0.01,150,120.0,7.8
5.0,17.5,284.6,75.7,0.17,4,1.731,0.36,0.01,150,120.0,6.7
5.0,17.5,337.0,75.7,0.17,4,1.731,0.36,0.01,150,120.0,5.9
5.0,17.5,389.5,75.7,0.17,4,1.731,0.36,0.01,150,120.0,5.2
5.0,17.5,441.9,75.7,0.17,4,1.731,0.36,0.01,150,120.0,5.0
8.0,7.0,80.0,233.0,0.2,7,3.96,0.37,0.0333,135,25.0,39.3
8.0,7.0,80.0,233.0,0.2,7,3.068,0.37,0.0333,135,60.0,29.3
8.0,7.0,80.0,233.0,0.2,7,2.51,0.37,0.0333,135,90.0,30.5
8.0,7.0,80.0,233.0,0.2,7,1.59,0.37,0.0333,135,120.0,12.2
5.0,17.5,114.7,230.0,0.2,4,3.0,0.36,0.01,150,25.0,21.7
5.0,17.5,123.1,230.0,0.2,4,3.0,0.36,0.01,150,25.0,20.8
5.0,17.5,148.3,230.0,0.2,4,3.0,0.36,0.01,150,25.0,21.0
5.0,17.5,165.0,230.0,0.2,4,3.0,0.36,0.01,150,25.0,20.5
5.0,17.5,162.2,230.0,0.2,4,3.0,0.36,0.01,150,25.0,21.2
5.0,17.5,179.0,230.0,0.2,4,3.0,0.36,0.01,150,25.0,20.4
5.0,17.5,184.6,230.0,0.2,4,3.0,0.36,0.01,150,25.0,20.9
5.0,17.5,193.0,230.0,0.2,4,3.0,0.36,0.01,150,25.0,20.1
5.0,17.5,198.6,230.0,0.2,4,3.0,0.36,0.01,150,25.0,20.6
5.0,17.5,198.6,230.0,0.2,4,3.0,0.36,0.01,150,25.0,20.7
5.0,17.5,215.4,230.0,0.2,4,3.0,0.36,0.01,150,25.0,20.4
5.0,17.5,226.6,230.0,0.2,4,3.0,0.36,0.01,150,25.0,20.6
5.0,17.5,235.0,230.0,0.2,4,3.0,0.36,0.01,150,25.0,20.5
5.0,17.5,251.7,230.0,0.2,4,3.0,0.36,0.01,150,25.0,19.8
5.0,17.5,237.8,230.0,0.2,4,3.0,0.36,0.01,150,25.0,19.7
5.0,17.5,257.3,230.0,0.2,4,3.0,0.36,0.01,150,25.0,19.2
5.0,17.5,274.1,230.0,0.2,4,3.0,0.36,0.01,150,25.0,19.5
5.0,17.5,254.5,230.0,0.2,4,3.0,0.36,0.01,150,25.0,19.4
5.0,17.5,262.9,230.0,0.2,4,3.0,0.36,0.01,150,25.0,19.4
5.0,17.5,271.3,230.0,0.2,4,3.0,0.36,0.01,150,25.0,19.1
5.0,17.5,282.5,230.0,0.2,4,3.0,0.36,0.01,150,25.0,18.8
5.0,17.5,285.3,230.0,0.2,4,3.0,0.36,0.01,150,25.0,18.4
5.0,17.5,293.7,230.0,0.2,4,3.0,0.36,0.01,150,25.0,17.8
5.0,17.5,299.3,230.0,0.2,4,3.0,0.36,0.01,150,25.0,17.4
5.0,17.5,313.3,230.0,0.2,4,3.0,0.36,0.01,150,25.0,16.9
5.0,17.5,321.7,230.0,0.2,4,3.0,0.36,0.01,150,25.0,16.5
5.0,17.5,330.1,230.0,0.2,4,3.0,0.36,0.01,150,25.0,16.0
4.0,7.2,65.0,90.0,0.17,4,3.0,0.36,0.01,150,25.0,39.5
4.0,7.2,65.0,90.0,0.17,4,3.0,0.36,0.01,150,25.0,40.5
4.0,7.2,63.3,90.0,0.17,4,3.0,0.36,0.01,150,25.0,40.2
4.0,7.2,81.7,90.0,0.17,4,3.0,0.36,0.01,150,25.0,40.7
4.0,7.2,81.7,90.0,0.17,4,3.0,0.36,0.01,150,25.0,41.3
4.0,7.2,91.7,90.0,0.17,4,3.0,0.36,0.01,150,25.0,40.3
4.0,7.2,93.3,90.0,0.17,4,3.0,0.36,0.01,150,25.0,38.9
4.0,7.2,106.7,90.0,0.17,4,3.0,0.36,0.01,150,25.0,39.4
4.0,7.2,120.0,90.0,0.17,4,3.0,0.36,0.01,150,25.0,38.8
4.0,7.2,115.0,90.0,0.17,4,3.0,0.36,0.01,150,25.0,37.8
4.0,7.2,111.7,90.0,0.17,4,3.0,0.36,0.01,150,25.0,38.3
4.0,7.2,120.0,90.0,0.17,4,3.0,0.36,0.01,150,25.0,38.3
4.0,7.2,128.3,90.0,0.17,4,3.0,0.36,0.01,150,25.0,38.3
4.0,7.2,158.3,90.0,0.17,4,3.0,0.36,0.01,150,25.0,38.3
4.0,7.2,128.3,90.0,0.17,4,3.0,0.36,0.01,150,25.0,37.0
4.0,7.2,158.3,90.0,0.17,4,3.0,0.36,0.01,150,25.0,35.6
4.0,7.2,188.3,90.0,0.17,4,3.0,0.36,0.01,150,25.0,34.4
4.0,7.2,218.3,90.0,0.17,4,3.0,0.36,0.01,150,25.0,32.9
4.0,7.2,248.3,90.0,0.17,4,3.0,0.36,0.01,150,25.0,31.4
4.0,7.2,278.3,90.0,0.17,4,3.0,0.36,0.01,150,25.0,30.0
